date,BTC.high_1,BTC.high,BTC.low_1,BTC.low,BTC.volume_1,BTC.volume,BTC.numberOfTrades_1,BTC.numberOfTrades,BTC.takerBuyBaseAssetVolume_1,BTC.takerBuyBaseAssetVolume,BTC.close_1,BTC.close,XRP.high_1,XRP.high,XRP.low_1,XRP.low,XRP.volume_1,XRP.volume,XRP.numberOfTrades_1,XRP.numberOfTrades,XRP.takerBuyBaseAssetVolume_1,XRP.takerBuyBaseAssetVolume,XRP.close_1,XRP.close,ETH.high_1,ETH.high,ETH.low_1,ETH.low,ETH.volume_1,ETH.volume,ETH.numberOfTrades_1,ETH.numberOfTrades,ETH.takerBuyBaseAssetVolume_1,ETH.takerBuyBaseAssetVolume,ETH.close_1,ETH.close
2025-12-31T00:00:00,89400.0,89200.0,86845.66,87250.0,13105.91001,11558.62047,3542176,2897396,6561.56089,5432.03408,88485.49,87648.22,1.8864,1.8839,1.8439,1.8123,4.83377356E7,5.83348938E7,418695,440483,2.22833005E7,2.91775214E7,1.8776,1.8423,3009.8,3028.08,2919.44,2958.91,286583.2879,233729.5887,3959890,2935432,146128.2348,116217.5263,2973.69,2971.64
2026-01-01T00:00:00,89200.0,88919.45,87250.0,87550.43,11558.62047,6279.57133,2897396,1449281,5432.03408,3123.64536,87648.22,88839.04,1.8839,1.8811,1.8123,1.8261,5.83348938E7,4.10825891E7,440483,299761,2.91775214E7,2.0405073E7,1.8423,1.8799,3028.08,3010.0,2958.91,2971.15,233729.5887,136088.5207,2935432,1338212,116217.5263,66477.086,2971.64,3004.19
2026-01-02T00:00:00,88919.45,90961.81,87550.43,88379.88,6279.57133,17396.97301,1449281,5010211,3123.64536,8929.35447,88839.04,89995.13,1.8811,2.0315,1.8261,1.8689,4.10825891E7,1.273479072E8,299761,1017519,2.0405073E7,5.76478506E7,1.8799,2.0069,3010.0,3150.01,2971.15,2992.49,136088.5207,369891.2449,1338212,5276480,66477.086,195057.0391,3004.19,3125.45
2026-01-03T00:00:00,90961.81,90741.16,88379.88,89314.01,17396.97301,7057.46716,5010211,1684214,8929.35447,3791.72083,89995.13,90628.01,2.0315,2.0561,1.8689,1.9844,1.273479072E8,7.43865221E7,1017519,656247,5.76478506E7,3.44027435E7,2.0069,2.0182,3150.01,3136.71,2992.49,3076.0,369891.2449,134405.2258,5276480,1823251,195057.0391,66789.8067,3125.45,3127.11
2026-01-04T00:00:00,90741.16,91810.0,89314.01,90628.0,7057.46716,10426.5297,1684214,2207037,3791.72083,5320.99389,90628.01,91529.73,2.0561,2.1204,1.9844,2.0163,7.43865221E7,1.137570863E8,656247,980782,3.44027435E7,5.63252857E7,2.0182,2.0909,3136.71,3167.22,3076.0,3118.75,134405.2258,181576.0686,1823251,2261499,66789.8067,94783.8698,3127.11,3144.7
2026-01-05T00:00:00,91810.0,94789.08,90628.0,91514.81,10426.5297,20673.59584,2207037,5485489,5320.99389,10892.9695,91529.73,93859.71,2.1204,2.3695,2.0163,2.0877,1.137570863E8,2.103180253E8,980782,1982421,5.63252857E7,1.029855705E8,2.0909,2.3478,3167.22,3265.66,3118.75,3135.02,181576.0686,382446.6618,2261499,5401982,94783.8698,188956.4336,3144.7,3224.99
2026-01-06T00:00:00,94789.08,94444.44,91514.81,91262.94,20673.59584,18546.41829,5485489,5018686,10892.9695,8108.82157,93859.71,93747.97,2.3695,2.4172,2.0877,2.2046,2.103180253E8,2.703721081E8,1982421,2585653,1.029855705E8,1.311875857E8,2.3478,2.3042,3265.66,3308.86,3135.02,3183.27,382446.6618,412503.5066,5401982,5310071,188956.4336,204316.7995,3224.99,3296.84
2026-01-07T00:00:00,94444.44,93747.97,91262.94,90675.52,18546.41829,14276.49025,5018686,4340252,8108.82157,6714.86954,93747.97,91364.16,2.4172,2.3205,2.2046,2.1517,2.703721081E8,1.156032777E8,2585653,1456273,1.311875857E8,5.54927341E7,2.3042,2.1657,3308.86,3296.84,3183.27,3125.42,412503.5066,321350.1225,5310071,4839276,204316.7995,154644.9184,3296.84,3168.72
2026-01-08T00:00:00,93747.97,91687.99,90675.52,89311.0,14276.49025,16132.79117,4340252,4923472,6714.86954,8192.07574,91364.16,91099.99,2.3205,2.1925,2.1517,2.0649,1.156032777E8,1.565360805E8,1456273,1614939,5.54927341E7,7.39523255E7,2.1657,2.1232,3296.84,3184.39,3125.42,3054.65,321350.1225,343616.1005,4839276,4982423,154644.9184,167834.9366,3168.72,3106.65
2026-01-09T00:00:00,91687.99,92082.55,89311.0,89694.66,16132.79117,15590.27939,4923472,4155703,8192.07574,8512.4327,91099.99,90641.28,2.1925,2.1622,2.0649,2.0727,1.565360805E8,1.17777092E8,1614939,1257235,7.39523255E7,6.28194228E7,2.1232,2.0958,3184.39,3148.41,3054.65,3058.69,343616.1005,274587.4533,4982423,4182570,167834.9366,137269.6714,3106.65,3088.4
2026-01-10T00:00:00,92082.55,90832.0,89694.66,90404.0,15590.27939,3104.11722,4155703,766357,8512.4327,1551.97383,90641.28,90504.7,2.1622,2.1106,2.0727,2.0806,1.17777092E8,3.15899813E7,1257235,342381,6.28194228E7,1.64267838E7,2.0958,2.0907,3148.41,3104.12,3058.69,3077.99,274587.4533,82341.0546,4182570,881069,137269.6714,44689.1628,3088.4,3086.72
2026-01-11T00:00:00,90832.0,91283.89,90404.0,90236.0,3104.11722,5477.13594,766357,1282029,1551.97383,2868.36168,90504.7,91013.65,2.1106,2.11,2.0806,2.045,3.15899813E7,5.05455782E7,342381,497144,1.64267838E7,2.62870992E7,2.0907,2.0745,3104.12,3147.27,3077.99,3084.46,82341.0546,149381.2965,881069,1522502,44689.1628,77521.2191,3086.72,3123.45
2026-01-12T00:00:00,91283.89,92519.95,90236.0,90128.44,5477.13594,16188.08268,1282029,4099509,2868.36168,8092.5428,91013.65,91296.2,2.11,2.1086,2.045,2.035,5.05455782E7,1.101400383E8,497144,1077404,2.62870992E7,4.90226195E7,2.0745,2.054,3147.27,3171.49,3084.46,3065.55,149381.2965,297373.4681,1522502,4303605,77521.2191,145169.9489,3123.45,3095.75
2026-01-13T00:00:00,92519.95,96495.0,90128.44,91042.66,16188.08268,23021.51482,4099509,5025071,8092.5428,12405.23056,91296.2,95414.0,2.1086,2.185,2.035,2.0474,1.101400383E8,1.133740063E8,1077404,1132317,4.90226195E7,5.37605548E7,2.054,2.1655,3171.49,3367.79,3065.55,3091.96,297373.4681,457782.2816,4303605,4876916,145169.9489,239733.9448,3095.75,3325.82
2026-01-14T00:00:00,96495.0,97924.49,91042.66,94559.28,23021.51482,22851.89428,5025071,5346212,12405.23056,11974.98829,95414.0,96951.78,2.185,2.1924,2.0474,2.1116,1.133740063E8,1.350016035E8,1132317,1229087,5.37605548E7,6.35054748E7,2.1655,2.1394,3367.79,3402.89,3091.96,3280.48,457782.2816,503440.0759,4876916,5351410,239733.9448,242601.2111,3325.82,3354.92
2026-01-15T00:00:00,97924.49,97193.34,94559.28,95134.48,22851.89428,21725.81369,5346212,4493095,11974.98829,10841.32767,96951.78,95604.8,2.1924,2.1434,2.1116,2.0532,1.350016035E8,8.96396837E7,1229087,904219,6.35054748E7,4.64601369E7,2.1394,2.0789,3402.89,3384.19,3280.48,3273.72,503440.0759,389993.836,5351410,4766390,242601.2111,182106.0811,3354.92,3318.69
2026-01-16T00:00:00,97193.34,95871.47,95134.48,94293.46,21725.81369,11167.7146,4493095,2971559,10841.32767,5055.06952,95604.8,95550.94,2.1434,2.0866,2.0532,2.0263,8.96396837E7,6.08946195E7,904219,627484,4.64601369E7,2.80317239E7,2.0789,2.0678,3384.19,3326.79,3273.72,3253.01,389993.836,223921.7876,4766390,3528248,182106.0811,109159.1615,3318.69,3296.28
2026-01-17T00:00:00,95871.47,95639.45,94293.46,95021.67,11167.7146,4280.80137,2971559,1020527,5055.06952,2059.85283,95550.94,95147.77,2.0866,2.0834,2.0263,2.0536,6.08946195E7,3.11384549E7,627484,315864,2.80317239E7,1.5393704E7,2.0678,2.0631,3326.79,3330.26,3253.01,3283.96,223921.7876,124325.0303,3528248,1229614,109159.1615,68643.5852,3296.28,3310.56
2026-01-18T00:00:00,95639.45,95531.12,95021.67,93615.4,4280.80137,6895.17819,1020527,1488785,2059.85283,3107.35604,95147.77,93673.14,2.0834,2.0679,2.0536,1.9861,3.11384549E7,4.65066977E7,315864,474109,1.5393704E7,2.21074542E7,2.0631,1.9914,3330.26,3368.82,3283.96,3278.86,124325.0303,173354.3026,1229614,2227452,68643.5852,93056.7992,3310.56,3284.03
2026-01-19T00:00:00,95531.12,93673.14,93615.4,91910.2,6895.17819,14295.52747,1488785,3359066,3107.35604,6906.84245,93673.14,92631.0,2.0679,2.0299,1.9861,1.847,4.65066977E7,1.593499007E8,474109,1183988,2.21074542E7,7.90856444E7,1.9914,1.986,3368.82,3284.58,3278.86,3165.38,173354.3026,442540.5596,2227452,4406164,93056.7992,225707.6739,3284.03,3189.55
2026-01-20T00:00:00,93673.14,92870.0,91910.2,87895.98,14295.52747,22007.3261,3359066,6064031,6906.84245,9629.19624,92631.0,88427.66,2.0299,1.9909,1.847,1.87,1.593499007E8,1.27376122E8,1183988,1219786,7.90856444E7,6.84579919E7,1.986,1.89,3284.58,3200.5,3165.38,2920.0,442540.5596,518166.4787,4406164,7228638,225707.6739,251605.1302,3189.55,2939.88
2026-01-21T00:00:00,92870.0,90574.0,87895.98,87263.53,22007.3261,20617.50372,6064031,6419053,9629.19624,10265.21302,88427.66,89454.73,1.9909,1.9907,1.87,1.8712,1.27376122E8,1.478421355E8,1219786,1442942,6.84579919E7,7.18482828E7,1.89,1.9476,3200.5,3069.07,2920.0,2866.11,518166.4787,577800.2481,7228638,8064316,251605.1302,296961.807,2939.88,2982.27
2026-01-22T00:00:00,90574.0,90359.99,87263.53,88515.37,20617.50372,10825.50492,6419053,3743412,10265.21302,5529.54766,89454.73,89559.67,1.9907,1.9679,1.8712,1.9016,1.478421355E8,6.16274449E7,1442942,660686,7.18482828E7,3.0128653E7,1.9476,1.9236,3069.07,3038.33,2866.11,2906.02,577800.2481,291660.7349,8064316,4696521,296961.807,144410.7947,2982.27,2952.69
2026-01-23T00:00:00,90359.99,91224.99,88515.37,88578.36,10825.50492,13918.48919,3743412,4619907,5529.54766,6911.17668,89559.67,89600.26,1.9679,1.9656,1.9016,1.8873,6.16274449E7,7.60767069E7,660686,774360,3.0128653E7,3.50627015E7,1.9236,1.9196,3038.33,3019.26,2906.02,2892.4,291660.7349,318415.3317,4696521,5479038,144410.7947,159251.2529,2952.69,2956.41
2026-01-24T00:00:00,91224.99,89957.39,88578.36,89162.08,13918.48919,4226.56737,4619907,959854,6911.17668,1835.96939,89600.26,89225.34,1.9656,1.9276,1.8873,1.91,7.60767069E7,2.71599999E7,774360,221237,3.50627015E7,1.14368261E7,1.9196,1.9143,3019.26,2970.41,2892.4,2943.84,318415.3317,92082.9039,5479038,1185149,159251.2529,41483.2107,2956.41,2953.22
2026-01-25T00:00:00,89957.39,89319.13,89162.08,86074.72,4226.56737,14426.22019,959854,3720178,1835.96939,6269.27657,89225.34,86670.36,1.9276,1.9168,1.91,1.8111,2.71599999E7,9.15331103E7,221237,818265,1.14368261E7,4.32186369E7,1.9143,1.8356,2970.41,2960.29,2943.84,2787.0,92082.9039,380186.5326,1185149,4637787,41483.2107,165133.7717,2953.22,2816.89
2026-01-26T00:00:00,89319.13,88860.0,86074.72,86509.63,14426.22019,17766.51453,3720178,4798083,6269.27657,9428.94206,86670.36,88347.08,1.9168,1.946,1.8111,1.8331,9.15331103E7,1.044811536E8,818265,973413,4.32186369E7,4.75615965E7,1.8356,1.9041,2960.29,2951.21,2787.0,2812.37,380186.5326,485169.3372,4637787,5933570,165133.7717,239396.1448,2816.89,2930.35
2026-01-27T00:00:00,88860.0,89523.16,86509.63,87304.33,17766.51453,13125.40425,4798083,3787336,9428.94206,6722.86937,88347.08,89250.0,1.946,1.9295,1.8331,1.8741,1.044811536E8,6.46198271E7,973413,684052,4.75615965E7,3.25977601E7,1.9041,1.9158,2951.21,3035.08,2812.37,2899.77,485169.3372,478792.3988,5933570,5278439,239396.1448,229630.1728,2930.35,3026.77
2026-01-28T00:00:00,89523.16,90600.0,87304.33,88833.65,13125.40425,14332.18502,3787336,4385791,6722.86937,7015.44336,89250.0,89299.99,1.9295,1.9427,1.8741,1.8944,6.46198271E7,6.74258585E7,684052,726865,3.25977601E7,3.04402803E7,1.9158,1.9111,3035.08,3045.78,2899.77,2983.67,478792.3988,296607.6549,5278439,5061029,229630.1728,154557.6064,3026.77,3010.78
2026-01-29T00:00:00,90600.0,89348.0,88833.65,83383.33,14332.18502,30431.38201,4385791,5598749,7015.44336,12385.58906,89299.99,84650.16,1.9427,1.9134,1.8944,1.778,6.74258585E7,1.49409911E8,726865,1163676,3.04402803E7,7.41990625E7,1.9111,1.8076,3045.78,3013.5,2983.67,2754.53,296607.6549,561288.5979,5061029,6779608,154557.6064,270939.8171,3010.78,2822.59
2026-01-30T00:00:00,89348.0,84735.75,83383.33,81118.0,30431.38201,35195.84793,5598749,8998829,12385.58906,16749.59784,84650.16,84260.49,1.9134,1.8131,1.778,1.7107,1.49409911E8,2.297203067E8,1163676,1962404,7.41990625E7,1.117441592E8,1.8076,1.7352,3013.5,2828.65,2754.53,2636.01,561288.5979,793279.6252,6779608,10661631,270939.8171,388766.163,2822.59,2707.38
2026-01-31T00:00:00,84735.75,84270.02,81118.0,75719.9,35195.84793,39491.89133,8998829,7384976,16749.59784,17959.61358,84260.49,78741.09,1.8131,1.7547,1.7107,1.5028,2.297203067E8,3.323694679E8,1962404,2380722,1.117441592E8,1.555468259E8,1.7352,1.6472,2828.65,2714.64,2636.01,2250.0,793279.6252,1113097.7132,10661631,9305297,388766.163,520430.2055,2707.38,2451.95
2026-02-01T00:00:00,84270.02,79424.0,75719.9,75700.0,39491.89133,25395.48168,7384976,8001906,17959.61358,12031.74392,78741.09,76968.21,1.7547,1.6805,1.5028,1.5526,3.323694679E8,1.82387658E8,2380722,1719231,1.555468259E8,8.06645213E7,1.6472,1.5908,2714.64,2475.98,2250.0,2222.0,1113097.7132,1026573.9466,9305297,11038637,520430.2055,455879.6449,2451.95,2270.15
2026-02-02T00:00:00,79424.0,79360.0,75700.0,74604.0,25395.48168,42273.59016,8001906,10085578,12031.74392,21480.45115,76968.21,78738.61,1.6805,1.6571,1.5526,1.5307,1.82387658E8,2.181073047E8,1719231,2139400,8.06645213E7,1.020122672E8,1.5908,1.6198,2475.98,2396.62,2222.0,2157.14,1026573.9466,1248535.2114,11038637,11149156,455879.6449,614416.942,2270.15,2347.02
2026-02-03T00:00:00,79360.0,79186.81,74604.0,72945.5,42273.59016,39120.10889,10085578,9199445,21480.45115,17304.88253,78738.61,75770.21,1.6571,1.6339,1.5307,1.5274,2.181073047E8,1.905530424E8,2139400,1612184,1.020122672E8,8.94204996E7,1.6198,1.5791,2396.62,2359.88,2157.14,2110.0,1248535.2114,1321099.3867,11149156,11643770,614416.942,666418.2157,2347.02,2233.72
2026-02-04T00:00:00,79186.81,76971.52,72945.5,71888.0,39120.10889,38375.36,9199445,10724002,17304.88253,17274.35569,75770.21,73165.83,1.6339,1.6122,1.5274,1.4948,1.905530424E8,1.943867029E8,1612184,1749945,8.94204996E7,9.29883727E7,1.5791,1.512,2359.88,2295.74,2110.0,2076.68,1321099.3867,1264743.43,11643770,10912540,666418.2157,609896.0952,2233.72,2148.26
2026-02-05T00:00:00,76971.52,73341.18,71888.0,62345.0,38375.36,106298.82899,10724002,15364010,17274.35569,49042.65006,73165.83,62909.86,1.6122,1.5154,1.4948,1.1371,1.943867029E8,7.44109671E8,1749945,5683396,9.29883727E7,3.663108951E8,1.512,1.2146,2295.74,2173.77,2076.68,1818.18,1264743.43,1952286.6951,10912540,13667587,609896.0952,967965.2824,2148.26,1826.83
2026-02-06T00:00:00,73341.18,71751.33,62345.0,60000.0,106298.82899,92539.21531,15364010,13228528,49042.65006,49477.51198,62909.86,70580.26,1.5154,1.5442,1.1371,1.1172,7.44109671E8,7.081228008E8,5683396,5710571,3.663108951E8,3.409353641E8,1.2146,1.4698,2173.77,2093.94,1818.18,1747.8,1952286.6951,2102311.5573,13667587,12362731,967965.2824,1189792.5763,1826.83,2063.38
2026-02-07T00:00:00,71751.33,71690.07,60000.0,67300.0,92539.21531,44255.48036,13228528,7167427,49477.51198,18766.22233,70580.26,69289.38,1.5442,1.4879,1.1172,1.3858,7.081228008E8,2.743103403E8,5710571,2315753,3.409353641E8,1.282145368E8,1.4698,1.4231,2093.94,2121.7,1747.8,1994.57,2102311.5573,1142616.4487,12362731,7938360,1189792.5763,548585.9421,2063.38,2087.08
2026-02-08T00:00:00,71690.07,72271.41,67300.0,68888.0,44255.48036,21420.53168,7167427,4870449,18766.22233,11435.75238,69289.38,70330.38,1.4879,1.4703,1.3858,1.4099,2.743103403E8,1.260126184E8,2315753,1292240,1.282145368E8,6.31792822E7,1.4231,1.4308,2121.7,2152.03,1994.57,2064.1,1142616.4487,482837.2515,7938360,4379045,548585.9421,228020.7596,2087.08,2089.74
2026-02-09T00:00:00,72271.41,71453.53,68888.0,68308.0,21420.53168,29152.72842,4870449,6644769,11435.75238,13854.63486,70330.38,70138.0,1.4703,1.4642,1.4099,1.3728,1.260126184E8,1.685462818E8,1292240,1495561,6.31792822E7,7.18255307E7,1.4308,1.437,2152.03,2147.73,2064.1,2008.62,482837.2515,625378.5569,4379045,6331904,228020.7596,315446.5313,2089.74,2105.02
2026-02-10T00:00:00,71453.53,70527.59,68308.0,67800.0,29152.72842,20373.77072,6644769,4558658,13854.63486,9237.21056,70138.0,68841.29,1.4642,1.4532,1.3728,1.3916,1.685462818E8,1.133993737E8,1495561,939856,7.18255307E7,5.25577904E7,1.437,1.3999,2147.73,2124.71,2008.62,1989.38,625378.5569,574321.6908,6331904,5159394,315446.5313,276990.265,2105.02,2022.67
2026-02-11T00:00:00,70527.59,69292.88,67800.0,65756.0,20373.77072,28718.24602,4558658,6956577,9237.21056,14335.50997,68841.29,67082.52,1.4532,1.4205,1.3916,1.3421,1.133993737E8,1.726962637E8,939856,1382467,5.25577904E7,8.25504696E7,1.3999,1.3697,2124.71,2032.31,1989.38,1903.19,574321.6908,529655.8177,5159394,6450810,276990.265,259017.7416,2022.67,1941.18
2026-02-12T00:00:00,69292.88,68410.52,65756.0,65118.0,28718.24602,24271.74283,6956577,6778280,14335.50997,12101.72511,67082.52,66272.17,1.4205,1.4082,1.3421,1.3461,1.726962637E8,1.168562641E8,1382467,1005243,8.25504696E7,5.97648383E7,1.3697,1.3635,2032.31,2001.42,1903.19,1897.24,529655.8177,427567.1469,6450810,5262808,259017.7416,212467.499,1941.18,1947.85
2026-02-13T00:00:00,68410.52,69482.97,65118.0,65872.46,24271.74283,20244.54955,6778280,6450842,12101.72511,10425.24887,66272.17,68853.96,1.4082,1.4285,1.3461,1.3485,1.168562641E8,1.250277394E8,1005243,982787,5.97648383E7,5.66606887E7,1.3635,1.4071,2001.42,2073.68,1897.24,1924.72,427567.1469,425649.7698,5262808,4695571,212467.499,215643.6192,1947.85,2048.72
2026-02-14T00:00:00,69482.97,70560.01,65872.46,68730.13,20244.54955,18114.78393,6450842,3803163,10425.24887,7857.93423,68853.96,69822.95,1.4285,1.5138,1.3485,1.4051,1.250277394E8,1.131405384E8,982787,851648,5.66606887E7,5.48679845E7,1.4071,1.5094,2073.68,2107.67,1924.72,2042.37,425649.7698,220677.2355,4695571,2720271,215643.6192,110065.542,2048.72,2086.59
2026-02-15T00:00:00,70560.01,70983.0,68730.13,68000.0,18114.78393,22290.05208,3803163,4598633,7857.93423,8861.59262,69822.95,68832.58,1.5138,1.6714,1.4051,1.445,1.131405384E8,2.993064724E8,851648,2457642,5.48679845E7,1.499404307E8,1.5094,1.4753,2107.67,2103.32,2042.37,1928.88,220677.2355,834778.0952,2720271,5864311,110065.542,323503.2298,2086.59,1966.58
2026-02-16T00:00:00,70983.0,70126.67,68000.0,67294.11,22290.05208,15515.76534,4598633,5233849,8861.59262,8153.4314,68832.58,68892.43,1.6714,1.5171,1.445,1.4485,2.993064724E8,1.45403123E8,2457642,1276762,1.499404307E8,7.59284906E7,1.4753,1.4876,2103.32,2023.51,1928.88,1937.24,834778.0952,351347.9433,5864311,4476026,323503.2298,178158.7858,1966.58,1998.33
2026-02-17T00:00:00,70126.67,69241.5,67294.11,66621.06,15515.76534,16489.06921,5233849,5994853,8153.4314,7538.45107,68892.43,67503.52,1.5171,1.495,1.4485,1.4268,1.45403123E8,9.883839E7,1276762,923941,7.59284906E7,5.07546241E7,1.4876,1.4743,2023.51,2015.33,1937.24,1941.66,351347.9433,406246.9427,4476026,6420841,178158.7858,196947.7031,1998.33,1991.66
2026-02-18T00:00:00,69241.5,68476.22,66621.06,65870.0,16489.06921,15492.43839,5994853,4548997,7538.45107,7895.05707,67503.52,66461.0,1.495,1.4943,1.4268,1.4102,9.883839E7,8.58318539E7,923941,786592,5.07546241E7,4.29532236E7,1.4743,1.4219,2015.33,2039.05,1941.66,1923.78,406246.9427,393639.0086,6420841,5176537,196947.7031,191523.6119,1991.66,1955.91
2026-02-19T00:00:00,68476.22,67320.0,65870.0,65631.83,15492.43839,14542.26988,4548997,4679351,7895.05707,7106.70741,66461.0,67003.73,1.4943,1.4381,1.4102,1.382,8.58318539E7,1.082596771E8,786592,885502,4.29532236E7,4.96271415E7,1.4219,1.4068,2039.05,1987.55,1923.78,1907.0,393639.0086,300257.0733,5176537,3793608,191523.6119,142030.3122,1955.91,1949.08
2026-02-20T00:00:00,67320.0,68318.39,65631.83,66280.2,14542.26988,35351.87091,4679351,5044912,7106.70741,15001.46034,67003.73,68020.01,1.4381,1.4389,1.382,1.3775,1.082596771E8,1.237097044E8,885502,1033248,4.96271415E7,6.29801381E7,1.4068,1.4292,1987.55,1981.18,1907.0,1922.97,300257.0733,386253.5557,3793608,3948261,142030.3122,186424.2257,1949.08,1968.88
2026-02-21T00:00:00,68318.39,68698.7,66280.2,67534.69,35351.87091,8032.84131,5044912,1593539,15001.46034,4003.46206,68020.01,67975.93,1.4389,1.4642,1.3775,1.4198,1.237097044E8,5.39979203E7,1033248,454239,6.29801381E7,2.52450589E7,1.4292,1.4304,1981.18,1995.56,1922.97,1955.62,386253.5557,179173.8456,3948261,1362230,186424.2257,91535.9107,1968.88,1973.35
2026-02-22T00:00:00,68698.7,68245.0,67534.69,67190.0,8032.84131,8175.13484,1593539,2160900,4003.46206,3974.29287,67975.93,67643.4,1.4642,1.4338,1.4198,1.38,5.39979203E7,6.1166336E7,454239,455685,2.52450589E7,2.84498158E7,1.4304,1.3932,1995.56,1983.13,1955.62,1935.0,179173.8456,155325.6482,1362230,1850073,91535.9107,77240.1124,1973.35,1957.82
2026-02-23T00:00:00,68245.0,67684.86,67190.0,63888.79,8175.13484,33075.90923,2160900,8268695,3974.29287,16388.63858,67643.4,64656.02,1.4338,1.4248,1.38,1.3301,6.1166336E7,1.888957004E8,455685,1477289,2.84498158E7,8.75084462E7,1.3932,1.3518,1983.13,1958.33,1935.0,1837.13,155325.6482,547359.4869,1850073,6684753,77240.1124,266498.7851,1957.82,1856.3
2026-02-24T00:00:00,67684.86,65026.75,63888.79,62510.28,33075.90923,23102.83622,8268695,7553629,16388.63858,11150.61026,64656.02,64058.15,1.4248,1.3676,1.3301,1.3124,1.888957004E8,1.392395718E8,1477289,1184905,8.75084462E7,6.44534745E7,1.3518,1.3482,1958.33,1869.58,1837.13,1800.0,547359.4869,438064.0284,6684753,6607359,266498.7851,205850.4101,1856.3,1851.94
2026-02-25T00:00:00,65026.75,69988.83,62510.28,63913.27,23102.83622,30749.99259,7553629,7096715,11150.61026,16382.91985,64058.15,67988.04,1.3676,1.4935,1.3124,1.3404,1.392395718E8,2.450885052E8,1184905,1713510,6.44534745E7,1.221194639E8,1.3482,1.4339,1869.58,2148.39,1800.0,1846.74,438064.0284,682979.4378,6607359,9024746,205850.4101,343230.549,1851.94,2057.48
2026-02-26T00:00:00,69988.83,68860.0,63913.27,66500.0,30749.99259,20737.77792,7096715,5426137,16382.91985,10172.50047,67988.04,67485.18,1.4935,1.4691,1.3404,1.3827,2.450885052E8,1.608291418E8,1713510,1216393,1.221194639E8,7.78864579E7,1.4339,1.4027,2148.39,2083.33,1846.74,1975.35,682979.4378,439783.3566,9024746,7142316,343230.549,224781.9099,2057.48,2027.68
2026-02-27T00:00:00,68860.0,68216.8,66500.0,64914.46,20737.77792,21228.58424,5426137,3856064,10172.50047,10107.20917,67485.18,65872.1,1.4691,1.4262,1.3827,1.3386,1.608291418E8,1.651081686E8,1216393,1010806,7.78864579E7,8.34629174E7,1.4027,1.3562,2083.33,2063.52,1975.35,1887.0,439783.3566,428687.234,7142316,5213158,224781.9099,214287.6264,2027.68,1929.84
2026-02-28T00:00:00,68216.8,67760.0,64914.46,63030.0,21228.58424,22548.71649,3856064,5268514,10107.20917,11531.10802,65872.1,66973.26,1.4262,1.3931,1.3386,1.27,1.651081686E8,2.299896797E8,1010806,1360492,8.34629174E7,1.111286969E8,1.3562,1.3762,2063.52,1984.99,1887.0,1835.36,428687.234,461680.9835,5213158,6186042,214287.6264,229978.4238,1929.84,1964.51
2026-03-01T00:00:00,67760.0,68199.99,63030.0,65056.0,22548.71649,23201.85859,5268514,5312013,11531.10802,11209.77201,66973.26,65776.47,1.3931,1.4333,1.27,1.3369,2.299896797E8,1.779413269E8,1360492,1320595,1.111286969E8,8.67137244E7,1.3762,1.3524,1984.99,2054.8,1835.36,1907.41,461680.9835,529196.8464,6186042,6616298,229978.4238,254547.6476,1964.51,1939.71
2026-03-02T00:00:00,68199.99,70096.0,65056.0,65259.21,23201.85859,32010.38431,5312013,8397526,11209.77201,15335.91369,65776.47,68830.06,1.4333,1.423,1.3369,1.3341,1.779413269E8,1.668020778E8,1320595,1147060,8.67137244E7,7.65546155E7,1.3524,1.39,2054.8,2090.0,1907.41,1920.0,529196.8464,577406.3749,6616298,9343785,254547.6476,299199.2494,1939.71,2027.35
2026-03-03T00:00:00,70096.0,69258.08,65259.21,66158.0,32010.38431,24972.2418,8397526,7648119,15335.91369,12331.622,68830.06,68338.0,1.423,1.3953,1.3341,1.3366,1.668020778E8,1.356028974E8,1147060,1007411,7.65546155E7,6.29568259E7,1.39,1.3607,2090.0,2041.48,1920.0,1929.56,577406.3749,509329.8534,9343785,8311355,299199.2494,254251.3309,2027.35,1982.8
2026-03-04T00:00:00,69258.08,74050.0,66158.0,67400.0,24972.2418,44919.0761,7648119,8618302,12331.622,23641.35243,68338.0,72666.77,1.3953,1.4732,1.3366,1.3452,1.356028974E8,2.380257792E8,1007411,1270039,6.29568259E7,1.110655616E8,1.3607,1.4309,2041.48,2199.0,1929.56,1945.08,509329.8534,737644.8152,8311355,9527323,254251.3309,368171.8559,1982.8,2127.28
2026-03-05T00:00:00,74050.0,73558.15,67400.0,70645.47,44919.0761,26590.51253,8618302,6709160,23641.35243,12299.51467,72666.77,70890.72,1.4732,1.4525,1.3452,1.396,2.380257792E8,1.181689922E8,1270039,966417,1.110655616E8,6.08477752E7,1.4309,1.4037,2199.0,2163.66,1945.08,2054.75,737644.8152,432157.8126,9527323,6753565,368171.8559,205453.4958,2127.28,2072.86
2026-03-06T00:00:00,73558.15,71419.98,70645.47,67744.78,26590.51253,22629.88722,6709160,5302899,12299.51467,10464.09351,70890.72,68114.02,1.4525,1.4148,1.396,1.346,1.181689922E8,1.138479789E8,966417,884241,6.08477752E7,5.31153294E7,1.4037,1.3633,2163.66,2093.33,2054.75,1955.95,432157.8126,411597.7569,6753565,5601424,205453.4958,197603.9435,2072.86,1978.68
2026-03-07T00:00:00,71419.98,68551.04,67744.78,66915.26,22629.88722,12719.54315,5302899,2067476,10464.09351,5910.76849,68114.02,67262.91,1.4148,1.3749,1.346,1.3468,1.138479789E8,4.77766373E7,884241,313956,5.31153294E7,2.25104314E7,1.3633,1.3567,2093.33,1996.04,1955.95,1948.09,411597.7569,184459.82,5601424,2029543,197603.9435,89270.3932,1978.68,1969.59
2026-03-08T00:00:00,68551.04,68200.0,66915.26,65618.49,12719.54315,21593.63901,2067476,3028392,5910.76849,11268.64926,67262.91,65971.2,1.3749,1.3712,1.3468,1.3218,4.77766373E7,7.98256437E7,313956,585270,2.25104314E7,3.78865614E7,1.3567,1.34,1996.04,1979.8,1948.09,1916.14,184459.82,391189.7317,2029543,4044585,89270.3932,190729.8992,1969.59,1937.1
2026-03-09T00:00:00,68200.0,69516.65,65618.49,65821.97,21593.63901,28896.7213,3028392,5093667,11268.64926,14101.45378,65971.2,68432.16,1.3712,1.3841,1.3218,1.333,7.98256437E7,1.301008012E8,585270,1032665,3.78865614E7,6.75034396E7,1.34,1.3631,1979.8,2053.52,1916.14,1929.65,391189.7317,550825.4883,4044585,6360581,190729.8992,282877.29,1937.1,1992.98
2026-03-10T00:00:00,69516.65,71777.0,65821.97,68391.41,28896.7213,32602.57726,5093667,5176064,14101.45378,16453.82839,68432.16,69948.63,1.3841,1.4427,1.333,1.3605,1.301008012E8,1.763139066E8,1032665,1200724,6.75034396E7,8.25050205E7,1.3631,1.3863,2053.52,2088.19,1929.65,1991.0,550825.4883,463411.8739,6360581,5226998,282877.29,240013.7173,1992.98,2036.51
2026-03-11T00:00:00,71777.0,71321.0,68391.41,68977.91,32602.57726,27249.27542,5176064,4759855,16453.82839,14015.31615,69948.63,70191.86,1.4427,1.4112,1.3605,1.3706,1.763139066E8,1.11034871E8,1200724,797517,8.25050205E7,5.11581392E7,1.3863,1.3847,2088.19,2085.58,1991.0,2007.17,463411.8739,350061.256,5226998,4730286,240013.7173,172446.7326,2036.51,2051.97
2026-03-12T00:00:00,71321.0,70800.0,68977.91,69205.91,27249.27542,21997.1605,4759855,4344059,14015.31615,10545.03396,70191.86,70541.34,1.4112,1.3936,1.3706,1.365,1.11034871E8,8.96896073E7,797517,612048,5.11581392E7,4.38778681E7,1.3847,1.3846,2085.58,2095.0,2007.17,2017.59,350061.256,400507.8132,4730286,4757775,172446.7326,196694.8334,2051.97,2073.52
2026-03-13T00:00:00,70800.0,73913.74,69205.91,70386.01,21997.1605,35996.61678,4344059,5312490,10545.03396,18310.3426,70541.34,70930.0,1.3936,1.4528,1.365,1.3831,8.96896073E7,2.030747255E8,612048,1088824,4.38778681E7,9.7464057E7,1.3846,1.3989,2095.0,2209.03,2017.59,2070.12,400507.8132,599657.0399,4757775,6138489,196694.8334,300361.2151,2073.52,2092.22
2026-03-14T00:00:00,73913.74,71307.92,70386.01,70317.0,35996.61678,13017.24737,5312490,1661739,18310.3426,6242.10104,70930.0,71211.95,1.4528,1.4084,1.3831,1.3834,2.030747255E8,5.82111065E7,1088824,282488,9.7464057E7,2.63068489E7,1.3989,1.4063,2209.03,2106.09,2070.12,2061.6,599657.0399,152500.5822,6138489,1584458,300361.2151,73409.361,2092.22,2096.16
2026-03-15T00:00:00,71307.92,73199.0,70317.0,70858.82,13017.24737,14037.30704,1661739,2509013,6242.10104,7307.01776,71211.95,72815.24,1.4084,1.4649,1.3834,1.4021,5.82111065E7,9.74043997E7,282488,574897,2.63068489E7,4.86583895E7,1.4063,1.4487,2106.09,2202.87,2061.6,2083.35,152500.5822,280825.9377,1584458,3001730,73409.361,146142.3746,2096.16,2178.3
2026-03-16T00:00:00,73199.0,74909.08,70858.82,72270.41,14037.30704,28409.53019,2509013,5396482,7307.01776,15204.22255,72815.24,74884.67,1.4649,1.5522,1.4021,1.4357,9.74043997E7,2.185791636E8,574897,1383003,4.86583895E7,1.120913737E8,1.4487,1.543,2202.87,2386.02,2083.35,2164.73,280825.9377,845892.7756,3001730,7409311,146142.3746,445819.396,2178.3,2352.97
2026-03-17T00:00:00,74909.08,76000.0,72270.41,73399.19,28409.53019,24521.26636,5396482,4863187,15204.22255,11791.2523,74884.67,73909.36,1.5522,1.607,1.4357,1.4941,2.185791636E8,2.328447301E8,1383003,1680614,1.120913737E8,1.158181172E8,1.543,1.5182,2386.02,2376.66,2164.73,2294.15,845892.7756,493831.1016,7409311,5596636,445819.396,240136.5065,2352.97,2317.39
2026-03-18T00:00:00,76000.0,74672.34,73399.19,70500.0,24521.26636,23392.88093,4863187,4733897,11791.2523,11709.17057,73909.36,71246.54,1.607,1.5414,1.4941,1.4359,2.328447301E8,1.395376856E8,1680614,1028965,1.158181172E8,6.74911549E7,1.5182,1.4647,2376.66,2350.0,2294.15,2153.21,493831.1016,488040.8887,5596636,5684937,240136.5065,232364.5906,2317.39,2203.39
2026-03-19T00:00:00,74672.34,71613.79,70500.0,68793.35,23392.88093,22364.81819,4733897,4972526,11709.17057,10489.13676,71246.54,69930.0,1.5414,1.4817,1.4359,1.4219,1.395376856E8,1.189073526E8,1028965,980129,6.74911549E7,5.51997983E7,1.4647,1.4475,2350.0,2233.72,2153.21,2099.38,488040.8887,490791.679,5684937,6142160,232364.5906,235483.1788,2203.39,2137.81
2026-03-20T00:00:00,71613.79,71367.0,68793.35,69388.0,22364.81819,18121.16745,4972526,4369971,10489.13676,8801.41211,69930.0,70510.73,1.4817,1.4665,1.4219,1.4248,1.189073526E8,8.79556836E7,980129,699336,5.51997983E7,4.4839408E7,1.4475,1.4452,2233.72,2176.84,2099.38,2116.88,490791.679,300156.1778,6142160,4595372,235483.1788,162200.144,2137.81,2146.22
2026-03-21T00:00:00,71367.0,71100.94,69388.0,68571.42,18121.16745,13397.1675,4369971,1640086,8801.41211,6379.69313,70510.73,68918.12,1.4665,1.453,1.4248,1.4003,8.79556836E7,5.71475109E7,699336,335146,4.4839408E7,2.60038834E7,1.4452,1.4086,2176.84,2168.27,2116.88,2070.78,300156.1778,132559.4646,4595372,1375463,162200.144,63249.5812,2146.22,2084.87
2026-03-22T00:00:00,71100.94,69588.79,68571.42,67360.66,13397.1675,14843.78682,1640086,3269152,6379.69313,7292.32333,68918.12,67859.0,1.453,1.4263,1.4003,1.3712,5.71475109E7,7.71822064E7,335146,712228,2.60038834E7,3.56148503E7,1.4086,1.3848,2168.27,2127.21,2070.78,2026.0,132559.4646,313070.5572,1375463,3577857,63249.5812,154345.7056,2084.87,2053.89
2026-03-23T00:00:00,69588.79,71817.09,67360.66,67445.18,14843.78682,28335.09119,3269152,6509730,7292.32333,14640.9723,67859.0,70906.45,1.4263,1.4661,1.3712,1.3618,7.71822064E7,1.700652593E8,712228,1438671,3.56148503E7,8.29931587E7,1.3848,1.4323,2127.21,2198.57,2026.0,2023.04,313070.5572,614508.4369,3577857,7349668,154345.7056,310239.9864,2053.89,2152.03
2026-03-24T00:00:00,71817.09,71400.0,67445.18,68923.07,28335.09119,20702.42244,6509730,4191328,14640.9723,9731.85043,70906.45,70556.74,1.4661,1.435,1.3618,1.3835,1.700652593E8,1.033805003E8,1438671,673812,8.29931587E7,5.33248578E7,1.4323,1.416,2198.57,2175.16,2023.04,2103.02,614508.4369,316703.4728,7349668,4633093,310239.9864,152304.1675,2152.03,2156.23
2026-03-25T00:00:00,71400.0,72026.09,68923.07,70408.0,20702.42244,17719.50066,4191328,3298902,9731.85043,8819.77787,70556.74,71336.53,1.435,1.4379,1.3835,1.4019,1.033805003E8,9.70408127E7,673812,535641,5.33248578E7,4.60675083E7,1.416,1.4145,2175.16,2199.02,2103.02,2146.35,316703.4728,275641.5255,4633093,3492121,152304.1675,139003.4847,2156.23,2169.02
2026-03-26T00:00:00,72026.09,71436.82,70408.0,68153.0,17719.50066,20820.45768,3298902,3597702,8819.77787,10116.39467,71336.53,68820.31,1.4379,1.4165,1.4019,1.336,9.70408127E7,1.308420254E8,535641,632117,4.60675083E7,6.00125927E7,1.4145,1.3609,2199.02,2172.19,2146.35,2034.54,275641.5255,338010.6238,3492121,3890747,139003.4847,171588.2134,2169.02,2060.43
2026-03-27T00:00:00,71436.82,69179.05,68153.0,65548.25,20820.45768,28603.69557,3597702,4159306,10116.39467,14568.62853,68820.31,66407.28,1.4165,1.3726,1.336,1.3184,1.308420254E8,1.19257397E8,632117,593277,6.00125927E7,5.61682505E7,1.3609,1.3257,2172.19,2077.19,2034.54,1970.93,338010.6238,394873.5248,3890747,3909237,171588.2134,206051.2798,2060.43,1992.75
2026-03-28T00:00:00,69179.05,67288.94,65548.25,65932.09,28603.69557,11462.39847,4159306,1687368,14568.62853,5753.04124,66407.28,66377.03,1.3726,1.3582,1.3184,1.3191,1.19257397E8,5.37171263E7,593277,293074,5.61682505E7,2.61520385E7,1.3257,1.3333,2077.19,2047.45,1970.93,1983.17,394873.5248,154831.8055,3909237,1569810,206051.2798,86378.919,1992.75,1994.74
2026-03-29T00:00:00,67288.94,67130.5,65932.09,65000.0,11462.39847,10052.85584,1687368,2146177,5753.04124,4769.42832,66377.03,66010.93,1.3582,1.3433,1.3191,1.2954,5.37171263E7,6.13390186E7,293074,412127,2.61520385E7,2.96168339E7,1.3333,1.3278,2047.45,2019.65,1983.17,1938.82,154831.8055,166726.7382,1569810,2049808,86378.919,87697.2438,1994.74,1984.64
2026-03-30T00:00:00,67130.5,68169.65,65000.0,65800.59,10052.85584,18353.38975,2146177,3902849,4769.42832,9155.91893,66010.93,66797.37,1.3433,1.3669,1.2954,1.3166,6.13390186E7,1.0020262E8,412127,655782,2.96168339E7,5.27738244E7,1.3278,1.3242,2019.65,2085.0,1938.82,1980.28,166726.7382,338304.4344,2049808,3886546,87697.2438,174062.2111,1984.64,2026.48
2026-03-31T00:00:00,68169.65,68589.49,65800.59,65998.05,18353.38975,22105.40662,3902849,4846820,9155.91893,10726.18262,66797.37,68284.48,1.3669,1.3503,1.3166,1.3038,1.0020262E8,1.013184138E8,655782,677324,5.27738244E7,5.04078213E7,1.3242,1.3411,2085.0,2124.03,1980.28,2012.64,338304.4344,421897.9023,3886546,5013796,174062.2111,218379.1286,2026.48,2105.43
2026-04-01T00:00:00,68589.49,69310.0,65998.05,67578.75,22105.40662,19020.1899,4846820,3741910,10726.18262,9702.49844,68284.48,68113.92,1.3503,1.3683,1.3038,1.3314,1.013184138E8,8.6898811E7,677324,504793,5.04078213E7,4.43532883E7,1.3411,1.3478,2124.03,2167.85,2012.64,2082.08,421897.9023,399227.3779,5013796,4211533,218379.1286,203721.1114,2105.43,2140.35
2026-04-02T00:00:00,69310.0,68653.38,67578.75,65712.12,19020.1899,20203.47916,3741910,4189133,9702.49844,10090.6562,68113.92,66901.99,1.3683,1.3569,1.3314,1.2802,8.6898811E7,1.328715597E8,504793,701799,4.43532883E7,6.59281594E7,1.3478,1.32,2167.85,2159.37,2082.08,2017.04,399227.3779,346872.8323,4211533,4462923,203721.1114,161146.8702,2140.35,2057.17
2026-04-03T00:00:00,68653.38,67370.42,65712.12,66282.0,20203.47916,11429.13131,4189133,2023104,10090.6562,5535.26988,66901.99,66964.3,1.3569,1.3356,1.2802,1.3033,1.328715597E8,6.47840533E7,701799,350966,6.59281594E7,3.16100956E7,1.32,1.3184,2159.37,2081.76,2017.04,2040.66,346872.8323,136266.6393,4462923,1741595,161146.8702,64849.8016,2057.17,2053.83
2026-04-04T00:00:00,67370.42,67562.93,66282.0,66775.91,11429.13131,7373.51613,2023104,1356179,5535.26988,3701.32932,66964.3,67300.42,1.3356,1.3226,1.3033,1.3067,6.47840533E7,2.99750109E7,350966,171364,3.16100956E7,1.6136639E7,1.3184,1.3153,2081.76,2084.0,2040.66,2044.63,136266.6393,86504.4406,1741595,1246022,64849.8016,42789.6573,2053.83,2065.52
2026-04-05T00:00:00,67562.93,69136.2,66775.91,66611.66,7373.51613,11733.46752,1356179,2106257,3701.32932,5791.55692,67300.42,69034.18,1.3226,1.332,1.3067,1.2787,2.99750109E7,7.43142668E7,171364,369116,1.6136639E7,3.65761533E7,1.3153,1.3263,2084.0,2123.49,2044.63,2021.5,86504.4406,157353.3199,1246022,2504865,42789.6573,78363.4974,2065.52,2110.17
2026-04-06T00:00:00,69136.2,70351.46,66611.66,68300.0,11733.46752,20281.61044,2106257,4695523,5791.55692,10149.79257,69034.18,68853.66,1.332,1.3577,1.2787,1.3122,7.43142668E7,1.043457907E8,369116,582783,3.65761533E7,4.98500773E7,1.3263,1.3212,2123.49,2174.79,2021.5,2087.5,157353.3199,356054.2894,2504865,5330366,78363.4974,180414.5093,2110.17,2107.16
2026-04-07T00:00:00,70351.46,72761.0,68300.0,67732.01,20281.61044,23750.49661,4695523,4871706,10149.79257,12465.18271,68853.66,71924.22,1.3577,1.3962,1.3122,1.2949,1.043457907E8,1.307029954E8,582783,758728,4.98500773E7,6.7718962E7,1.3212,1.3787,2174.79,2273.87,2087.5,2060.24,356054.2894,460094.8093,5330366,5189711,180414.5093,239252.9777,2107.16,2240.01
2026-04-08T00:00:00,72761.0,72857.0,67732.01,70707.23,23750.49661,19802.68627,4871706,3843988,12465.18271,9570.20189,71924.22,71069.93,1.3962,1.3898,1.2949,1.3389,1.307029954E8,1.248557333E8,758728,665297,6.7718962E7,6.12980574E7,1.3787,1.3428,2273.87,2270.55,2060.24,2179.78,460094.8093,404717.6321,5189711,4339985,239252.9777,190983.3243,2240.01,2190.0
2026-04-09T00:00:00,72857.0,73145.0,70707.23,70466.0,19802.68627,18158.42159,3843988,3773025,9570.20189,9604.31771,71069.93,71787.97,1.3898,1.3696,1.3389,1.3218,1.248557333E8,1.122656141E8,665297,552805,6.12980574E7,5.52285127E7,1.3428,1.3438,2270.55,2246.0,2179.78,2157.31,404717.6321,275317.9503,4339985,3756386,190983.3243,135540.5413,2190.0,2190.2
2026-04-10T00:00:00,73145.0,73434.0,70466.0,71426.15,18158.42159,17372.63288,3773025,3176308,9604.31771,8819.74841,71787.97,72962.7,1.3696,1.366,1.3218,1.3348,1.122656141E8,7.97859967E7,552805,395652,5.52285127E7,3.78534754E7,1.3438,1.3559,2246.0,2257.99,2157.31,2176.1,275317.9503,272899.0858,3756386,2929213,135540.5413,132077.3122,2190.2,2245.05
2026-04-11T00:00:00,73434.0,73790.0,71426.15,72513.09,17372.63288,9070.94374,3176308,1472041,8819.74841,4673.47605,72962.7,73043.16,1.366,1.3752,1.3348,1.3394,7.97859967E7,5.70953563E7,395652,301231,3.78534754E7,2.66083811E7,1.3559,1.3546,2257.99,2329.93,2176.1,2229.0,272899.0858,214785.4039,2929213,1929651,132077.3122,107238.9877,2245.05,2284.99
2026-04-12T00:00:00,73790.0,73137.24,72513.09,70505.88,9070.94374,13472.46801,1472041,2068779,4673.47605,6326.31289,73043.16,70740.98,1.3752,1.3559,1.3394,1.3193,5.70953563E7,7.02457711E7,301231,368425,2.66083811E7,3.46502144E7,1.3546,1.3247,2329.93,2288.57,2229.0,2175.0,214785.4039,258156.8821,1929651,2575808,107238.9877,125658.2437,2284.99,2191.65
2026-04-13T00:00:00,73137.24,74900.0,70505.88,70566.99,13472.46801,24230.21625,2068779,3673539,6326.31289,12639.79905,70740.98,74417.99,1.3559,1.3839,1.3193,1.3193,7.02457711E7,1.054507012E8,368425,526222,3.46502144E7,5.24812431E7,1.3247,1.3756,2288.57,2394.71,2175.0,2175.68,258156.8821,453870.8292,2575808,4527557,125658.2437,234599.9045,2191.65,2369.46
2026-04-14T00:00:00,74900.0,76038.0,70566.99,73795.47,24230.21625,26532.94456,3673539,4033448,12639.79905,13313.88956,74417.99,74131.55,1.3839,1.3955,1.3193,1.3521,1.054507012E8,1.030425995E8,526222,530040,5.24812431E7,4.97529743E7,1.3756,1.3617,2394.71,2415.5,2175.68,2302.9,453870.8292,460107.3841,4527557,3689565,234599.9045,226148.4763,2369.46,2322.44
2026-04-15T00:00:00,76038.0,75425.0,73795.47,73514.0,26532.94456,14425.04167,4033448,3187792,13313.88956,7014.01981,74131.55,74809.99,1.3955,1.4086,1.3521,1.3503,1.030425995E8,1.094939544E8,530040,518292,4.97529743E7,5.35618077E7,1.3617,1.3922,2415.5,2385.61,2302.9,2308.5,460107.3841,268190.6377,3689565,3232871,226148.4763,126442.7153,2322.44,2359.95
2026-04-16T00:00:00,75425.0,75534.76,73514.0,73309.85,14425.04167,17088.68777,3187792,3581890,7014.01981,8601.69794,74809.99,75154.29,1.4086,1.4664,1.3503,1.3865,1.094939544E8,1.554272421E8,518292,1029873,5.35618077E7,7.40870549E7,1.3922,1.453,2385.61,2369.59,2308.5,2285.1,268190.6377,328960.9377,3232871,3793210,126442.7153,155922.2439,2359.95,2348.17
2026-04-17T00:00:00,75534.76,78333.0,73309.85,74529.4,17088.68777,25941.36694,3581890,4931167,8601.69794,14435.4773,75154.29,77072.0,1.4664,1.51,1.3865,1.4225,1.554272421E8,1.558663371E8,1029873,1067860,7.40870549E7,7.36150446E7,1.453,1.4757,2369.59,2464.91,2285.1,2317.43,328960.9377,491731.3615,3793210,4541654,155922.2439,252564.9694,2348.17,2419.0
2026-04-18T00:00:00,78333.0,77420.08,74529.4,75445.16,25941.36694,9141.84456,4931167,1941112,14435.4773,4333.78362,77072.0,75691.76,1.51,1.4823,1.4225,1.4235,1.558663371E8,8.2670483E7,1067860,621913,7.36150446E7,3.86626211E7,1.4757,1.4323,2464.91,2427.64,2317.43,2339.92,491731.3615,221741.3888,4541654,2045925,252564.9694,98727.0694,2419.0,2350.32
2026-04-19T00:00:00,77420.08,76240.66,75445.16,73762.9,9141.84456,11369.82232,1941112,2739751,4333.78362,5458.61875,75691.76,73801.79,1.4823,1.447,1.4235,1.3909,8.2670483E7,9.04139399E7,621913,716932,3.86626211E7,4.36899451E7,1.4323,1.3942,2427.64,2355.3,2339.92,2252.72,221741.3888,256086.8276,2045925,2728260,98727.0694,119800.9019,2350.32,2263.27
2026-04-20T00:00:00,76240.66,76558.62,73762.9,73724.31,11369.82232,16993.41034,2739751,3563591,5458.61875,8812.70109,73801.79,75840.97,1.447,1.4369,1.3909,1.3933,9.04139399E7,9.95758115E7,716932,658856,4.36899451E7,5.05007003E7,1.3942,1.4243,2355.3,2346.78,2252.72,2259.67,256086.8276,301000.0659,2728260,3751621,119800.9019,149027.6285,2263.27,2313.85
2026-04-21T00:00:00,76558.62,76927.57,73724.31,74821.57,16993.41034,14912.57132,3563591,3616213,8812.70109,7672.96288,75840.97,76336.15,1.4369,1.45,1.3933,1.4116,9.95758115E7,8.52781806E7,658856,567920,5.05007003E7,4.28038625E7,1.4243,1.4334,2346.78,2338.75,2259.67,2284.19,301000.0659,226645.977,3751621,3398934,149027.6285,108621.4578,2313.85,2327.14
2026-04-22T00:00:00,76927.57,79472.82,74821.57,76132.95,14912.57132,19737.51225,3616213,3757077,7672.96288,10376.12434,76336.15,78178.23,1.45,1.4626,1.4116,1.4268,8.52781806E7,8.34291814E7,567920,513323,4.28038625E7,4.09050206E7,1.4334,1.4294,2338.75,2423.75,2284.19,2312.95,226645.977,379707.1259,3398934,4230243,108621.4578,191758.2678,2327.14,2374.07
2026-04-23T00:00:00,79472.82,78662.5,76132.95,76960.0,19737.51225,16970.79501,3757077,3571796,10376.12434,7760.75572,78178.23,78257.48,1.4626,1.441,1.4268,1.409,8.34291814E7,9.21839774E7,513323,546775,4.09050206E7,5.00090447E7,1.4294,1.4386,2423.75,2382.0,2312.95,2285.42,379707.1259,356645.6923,4230243,4079579,191758.2678,169637.8993,2374.07,2330.26
2026-04-24T00:00:00,78662.5,78581.93,76960.0,77264.08,16970.79501,12675.14315,3571796,2581973,7760.75572,6148.06393,78257.48,77437.13,1.441,1.4503,1.409,1.4239,9.21839774E7,6.62291285E7,546775,418281,5.00090447E7,3.1418267E7,1.4386,1.4334,2382.0,2337.5,2285.42,2300.22,356645.6923,183887.6181,4079579,2413824,169637.8993,88184.8381,2330.26,2314.99
2026-04-25T00:00:00,78581.93,77885.35,77264.08,77140.23,12675.14315,5685.1142,2581973,806542,6148.06393,2999.85355,77437.13,77625.0,1.4503,1.4377,1.4239,1.4187,6.62291285E7,2.63465586E7,418281,162830,3.1418267E7,1.22087576E7,1.4334,1.4238,2337.5,2323.21,2300.22,2300.55,183887.6181,68139.2191,2413824,658757,88184.8381,33589.8529,2314.99,2319.5
2026-04-26T00:00:00,77885.35,78961.0,77140.23,77326.51,5685.1142,7963.56162,806542,1476971,2999.85355,3981.86566,77625.0,78657.55,1.4377,1.4366,1.4187,1.418,2.63465586E7,3.00243677E7,162830,230769,1.22087576E7,1.45979017E7,1.4238,1.4307,2323.21,2380.0,2300.55,2306.72,68139.2191,154591.6219,658757,1508570,33589.8529,76876.1717,2319.5,2369.44
2026-04-27T00:00:00,78961.0,79485.66,77326.51,76459.64,7963.56162,16046.92418,1476971,2982889,3981.86566,7712.53219,78657.55,77371.32,1.4366,1.4466,1.418,1.3836,3.00243677E7,7.31552981E7,230769,464442,1.45979017E7,3.63680113E7,1.4307,1.4007,2380.0,2404.37,2306.72,2266.09,154591.6219,300363.8586,1508570,3192282,76876.1717,143798.2975,2369.44,2303.67
2026-04-28T00:00:00,79485.66,77478.0,76459.64,75666.6,16046.92418,13210.72383,2982889,2352446,7712.53219,6518.95469,77371.32,76342.77,1.4466,1.4009,1.3836,1.3677,7.31552981E7,5.32342454E7,464442,320064,3.63680113E7,2.36852956E7,1.4007,1.3805,2404.37,2310.88,2266.09,2258.24,300363.8586,187932.2201,3192282,2346992,143798.2975,94578.0797,2303.67,2289.42
2026-04-29T00:00:00,77478.0,77904.93,75666.6,74937.52,13210.72383,18279.93022,2352446,3032890,6518.95469,9680.02112,76342.77,75780.0,1.4009,1.4067,1.3677,1.3458,5.32342454E7,7.41948798E7,320064,474018,2.36852956E7,3.74034161E7,1.3805,1.3691,2310.88,2346.95,2258.24,2220.36,187932.2201,355078.1015,2346992,3588292,94578.0797,178999.8027,2289.42,2252.9
2026-04-30T00:00:00,77904.93,76669.14,74937.52,75323.65,18279.93022,10381.81607,3032890,2569480,9680.02112,5585.19124,75780.0,76346.57,1.4067,1.3847,1.3458,1.3591,7.41948798E7,5.11103891E7,474018,365359,3.74034161E7,2.15463669E7,1.3691,1.3679,2346.95,2279.0,2220.36,2231.64,355078.1015,167194.2776,3588292,2649837,178999.8027,83993.1124,2252.9,2257.51
2026-05-01T00:00:00,76669.14,78914.12,75323.65,76320.42,10381.81607,17315.46502,2569480,2388458,5585.19124,8322.98012,76346.57,78231.13,1.3847,1.3999,1.3591,1.3649,5.11103891E7,6.0188179E7,365359,318307,2.15463669E7,2.74325365E7,1.3679,1.3858,2279.0,2325.28,2231.64,2257.21,167194.2776,191082.555,2649837,1805481,83993.1124,89533.7329,2257.51,2295.63
2026-05-02T00:00:00,78914.12,79199.48,76320.42,78040.0,17315.46502,6150.87642,2388458,936143,8322.98012,3297.03958,78231.13,78686.85,1.3999,1.4003,1.3649,1.3812,6.0188179E7,3.30302641E7,318307,196148,2.74325365E7,1.61731518E7,1.3858,1.3937,2325.28,2343.6,2257.21,2292.91,191082.555,85588.4724,1805481,870699,89533.7329,45662.7959,2295.63,2316.97
2026-05-03T00:00:00,79199.48,79447.0,78040.0,78084.08,6150.87642,7425.7929,936143,1352474,3297.03958,3464.91412,78686.85,78568.57,1.4003,1.4042,1.3812,1.3814,3.30302641E7,2.92468368E7,196148,202324,1.61731518E7,1.31260069E7,1.3937,1.388,2343.6,2356.92,2292.91,2297.59,85588.4724,151074.4342,870699,1374290,45662.7959,74492.1738,2316.97,2322.65
2026-05-04T00:00:00,79447.0,80776.99,78084.08,78202.0,7425.7929,26042.96135,1352474,3734604,3464.91412,13351.64548,78568.57,79861.01,1.4042,1.4209,1.3814,1.3829,2.92468368E7,8.32006647E7,202324,630159,1.31260069E7,4.03850177E7,1.388,1.3918,2356.92,2398.93,2297.59,2309.24,151074.4342,453020.7985,1374290,4137093,74492.1738,220556.484,2322.65,2347.16
2026-05-05T00:00:00,80776.99,81791.48,78202.0,79808.72,26042.96135,16947.17995,3734604,2490930,13351.64548,8628.14977,79861.01,80905.52,1.4209,1.4222,1.3829,1.3904,8.32006647E7,6.75758182E7,630159,396613,4.03850177E7,3.19653794E7,1.3918,1.4126,2398.93,2399.5,2309.24,2344.93,453020.7985,286636.7312,4137093,2512190,220556.484,139328.0697,2347.16,2360.77
2026-05-06T00:00:00,81791.48,82850.0,79808.72,80731.14,16947.17995,18798.77396,2490930,2794707,8628.14977,9976.68805,80905.52,81447.01,1.4222,1.4573,1.3904,1.4073,6.75758182E7,9.71952649E7,396613,608640,3.19653794E7,4.59721467E7,1.4126,1.4249,2399.5,2423.74,2344.93,2338.0,286636.7312,420667.3161,2512190,3062625,139328.0697,193007.5534,2360.77,2350.84
2026-05-07T00:00:00,82850.0,81708.32,80731.14,79500.0,18798.77396,16154.80338,2794707,2540329,9976.68805,7625.14879,81447.01,80006.0,1.4573,1.4258,1.4073,1.3802,9.71952649E7,8.28303865E7,608640,481543,4.59721467E7,4.24387354E7,1.4249,1.3869,2423.74,2352.3,2338.0,2280.1,420667.3161,469521.9378,3062625,3191083,193007.5534,177521.5123,2350.84,2291.06
2026-05-08T00:00:00,81708.32,80500.0,79500.0,79181.48,16154.80338,16001.31009,2540329,2265372,7625.14879,8328.38654,80006.0,80193.17,1.4258,1.427,1.3802,1.3778,8.28303865E7,6.65212034E7,481543,366289,4.24387354E7,3.13968883E7,1.3869,1.4182,2352.3,2321.22,2280.1,2265.61,469521.9378,421035.1582,3191083,2568056,177521.5123,164773.9995,2291.06,2307.06
2026-05-09T00:00:00,80500.0,81080.0,79181.48,80129.85,16001.31009,7548.42177,2265372,1002373,8328.38654,4032.72566,80193.17,80678.4,1.427,1.435,1.3778,1.4113,6.65212034E7,5.77925613E7,366289,259660,3.13968883E7,2.70783543E7,1.4182,1.4205,2321.22,2338.37,2265.61,2300.0,421035.1582,230431.157,2568056,1248625,164773.9995,90960.5803,2307.06,2326.44
2026-05-10T00:00:00,81080.0,82479.32,80129.85,80279.77,7548.42177,12034.31882,1002373,1801608,4032.72566,6395.8966,80678.4,82210.07,1.435,1.5082,1.4113,1.4119,5.77925613E7,1.560953122E8,259660,935415,2.70783543E7,8.136678E7,1.4205,1.4734,2338.37,2382.53,2300.0,2311.83,230431.157,398122.8623,1248625,2272749,90960.5803,219121.332,2326.44,2371.27
2026-05-11T00:00:00,82479.32,82380.0,80279.77,80462.97,12034.31882,12951.76056,1801608,2576396,6395.8966,6132.37349,82210.07,81745.65,1.5082,1.4886,1.4119,1.4399,1.560953122E8,1.184232765E8,935415,690868,8.136678E7,5.63196443E7,1.4734,1.4776,2382.53,2374.92,2311.83,2304.0,398122.8623,236962.0552,2272749,2594593,219121.332,103490.2032,2371.27,2339.87
2026-05-12T00:00:00,82380.0,81788.0,80462.97,79843.59,12951.76056,12386.25676,2576396,2345137,6132.37349,5716.20385,81745.65,80504.47,1.4886,1.4848,1.4399,1.4183,1.184232765E8,1.055540135E8,690868,606755,5.63196443E7,5.16700863E7,1.4776,1.437,2374.92,2340.85,2304.0,2256.27,236962.0552,252981.1082,2594593,2520381,103490.2032,112560.2947,2339.87,2274.96
2026-05-13T00:00:00,81788.0,81324.64,79843.59,78754.65,12386.25676,14810.05643,2345137,2350570,5716.20385,7161.64182,80504.47,79313.61,1.4848,1.4693,1.4183,1.4112,1.055540135E8,1.257173671E8,606755,614824,5.16700863E7,6.15299867E7,1.437,1.4273,2340.85,2323.36,2256.27,2234.13,252981.1082,258455.7299,2520381,2145600,112560.2947,124180.3611,2274.96,2258.65
2026-05-14T00:00:00,81324.64,82048.13,78754.65,78922.0,14810.05643,19727.86807,2350570,3101046,7161.64182,10750.20775,79313.61,81089.99,1.4693,1.5496,1.4112,1.4208,1.257173671E8,2.032789119E8,614824,1067851,6.15299867E7,9.72104061E7,1.4273,1.4852,2323.36,2319.33,2234.13,2238.64,258455.7299,256680.8359,2145600,2730407,124180.3611,127752.3579,2258.65,2283.25
2026-05-15T00:00:00,82048.13,81664.45,78922.0,78659.0,19727.86807,17351.27079,3101046,3184114,10750.20775,8333.17845,81089.99,79113.21,1.5496,1.5002,1.4208,1.4275,2.032789119E8,1.235512061E8,1067851,790625,9.72104061E7,5.99185597E7,1.4852,1.434,2319.33,2300.29,2238.64,2205.11,256680.8359,288536.5507,2730407,2977308,127752.3579,123184.0319,2283.25,2224.66
2026-05-16T00:00:00,81664.45,79227.77,78659.0,77640.0,17351.27079,12132.86192,3184114,1597661,8333.17845,5776.31138,79113.21,78148.05,1.5002,1.4396,1.4275,1.394,1.235512061E8,7.15432779E7,790625,436296,5.99185597E7,3.18969222E7,1.434,1.4136,2300.29,2231.51,2205.11,2162.55,288536.5507,199288.5761,2977308,1541883,123184.0319,91742.2991,2224.66,2180.77
2026-05-17T00:00:00,79227.77,78599.99,77640.0,76735.16,12132.86192,8442.7022,1597661,1570433,5776.31138,3897.8677,78148.05,77457.67,1.4396,1.4291,1.394,1.3715,7.15432779E7,6.79755862E7,436296,440935,3.18969222E7,3.20903714E7,1.4136,1.4016,2231.51,2198.14,2162.55,2091.48,199288.5761,175116.8149,1541883,1638605,91742.2991,83798.741,2180.77,2131.0
2026-05-18T00:00:00,78599.99,77800.0,76735.16,76051.0,8442.7022,18745.51678,1570433,3529328,3897.8677,8916.45791,77457.67,77001.87,1.4291,1.4027,1.3715,1.3638,6.79755862E7,1.032972518E8,440935,754312,3.20903714E7,5.10713057E7,1.4016,1.39,2198.14,2157.24,2091.48,2077.23,175116.8149,381878.3932,1638605,3981985,83798.741,183892.1637,2131.0,2130.08
2026-05-19T00:00:00,77800.0,77414.62,76051.0,76144.71,18745.51678,11024.85978,3529328,2315121,8916.45791,5680.77448,77001.87,76834.36,1.4027,1.3977,1.3638,1.3531,1.032972518E8,9.85929235E7,754312,490844,5.10713057E7,4.03100719E7,1.39,1.3616,2157.24,2146.95,2077.23,2094.47,381878.3932,186945.075,3981985,2356965,183892.1637,86073.6731,2130.08,2111.93
2026-05-20T00:00:00,77414.62,77853.04,76144.71,76516.74,11024.85978,11296.26307,2315121,2437754,5680.77448,5606.16242,76834.36,77552.23,1.3977,1.3807,1.3531,1.3477,9.85929235E7,6.89094147E7,490844,441630,4.03100719E7,3.52569915E7,1.3616,1.3672,2146.95,2149.0,2094.47,2103.29,186945.075,189088.294,2356965,2256505,86073.6731,93912.9824,2111.93,2129.44
2026-05-21T00:00:00,77853.04,78200.0,76516.74,76719.47,11296.26307,11318.25841,2437754,2473146,5606.16242,5765.00854,77552.23,77615.52,1.3807,1.3862,1.3477,1.3512,6.89094147E7,7.79207475E7,441630,462981,3.52569915E7,3.80627497E7,1.3672,1.3739,2149.0,2157.5,2103.29,2105.15,189088.294,232889.1117,2256505,2526150,93912.9824,118956.068,2129.44,2133.76
2026-05-22T00:00:00,78200.0,77900.0,76719.47,75359.18,11318.25841,11272.36134,2473146,2370783,5765.00854,5204.99076,77615.52,75539.5,1.3862,1.376,1.3512,1.33,7.79207475E7,9.18473022E7,462981,528380,3.80627497E7,4.75108117E7,1.3739,1.3345,2157.5,2141.39,2105.15,2057.79,232889.1117,221783.2548,2526150,2344218,118956.068,109989.3764,2133.76,2065.85
2026-05-23T00:00:00,77900.0,77404.18,75359.18,74289.6,11272.36134,15086.88814,2370783,2103536,5204.99076,7738.58719,75539.5,76752.01,1.376,1.3762,1.33,1.3019,9.18473022E7,1.029602905E8,528380,475661,4.75108117E7,5.11365715E7,1.3345,1.3583,2141.39,2149.95,2057.79,2009.3,221783.2548,350546.2289,2344218,2641732,109989.3764,186016.0823,2065.85,2117.68
2026-05-24T00:00:00,77404.18,77543.15,74289.6,76108.0,15086.88814,8398.00156,2103536,1612969,7738.58719,4513.13276,76752.01,77064.96,1.3762,1.371,1.3019,1.3326,1.029602905E8,5.2635116E7,475661,302213,5.11365715E7,2.36430653E7,1.3583,1.351,2149.95,2132.14,2009.3,2063.0,350546.2289,197748.7605,2641732,1928016,186016.0823,95960.6284,2117.68,2099.85
2026-05-25T00:00:00,77543.15,77905.52,76108.0,76914.25,8398.00156,7672.32197,1612969,1778509,4513.13276,3644.38154,77064.96,77322.01,1.371,1.3657,1.3326,1.3435,5.2635116E7,5.76435668E7,302213,290748,2.36430653E7,2.80397892E7,1.351,1.3503,2132.14,2141.98,2063.0,2092.26,197748.7605,166428.5979,1928016,1786621,95960.6284,86258.1599,2099.85,2113.01
2026-05-26T00:00:00,77905.52,78080.0,76914.25,75677.97,7672.32197,16953.47629,1778509,3360745,3644.38154,7867.0405,77322.01,75930.01,1.3657,1.3656,1.3435,1.3273,5.76435668E7,6.73529579E7,290748,433078,2.80397892E7,3.32947295E7,1.3503,1.3292,2141.98,2140.49,2092.26,2055.06,166428.5979,282553.3096,1786621,2963706,86258.1599,125284.8456,2113.01,2073.77
2026-05-27T00:00:00,78080.0,76174.15,75677.97,74243.99,16953.47629,16877.77483,3360745,3367068,7867.0405,7990.81792,75930.01,74449.3,1.3656,1.3437,1.3273,1.3033,6.73529579E7,7.77443691E7,433078,502662,3.32947295E7,3.53720793E7,1.3292,1.3076,2140.49,2097.4,2055.06,2016.0,282553.3096,267963.1573,2963706,3056962,125284.8456,121588.1389,2073.77,2024.84
2026-05-28T00:00:00,76174.15,74590.77,74243.99,72582.82,16877.77483,21274.02026,3367068,3799713,7990.81792,11285.37807,74449.3,73617.51,1.3437,1.3385,1.3033,1.2677,7.77443691E7,1.150368222E8,502662,792711,3.53720793E7,5.48134354E7,1.3076,1.3156,2097.4,2030.0,2016.0,1967.0,267963.1573,363834.9211,3056962,3609031,121588.1389,176081.0293,2024.84,2009.9
2026-05-29T00:00:00,74590.77,74514.1,72582.82,72512.49,21274.02026,18686.74141,3799713,2897318,11285.37807,10668.37212,73617.51,73460.78,1.3385,1.3339,1.2677,1.2947,1.150368222E8,1.001957419E8,792711,539932,5.48134354E7,5.15551744E7,1.3156,1.33,2030.0,2046.59,1967.0,1976.48,363834.9211,283145.695,3609031,2925370,176081.0293,142075.6321,2009.9,2014.54
2026-05-30T00:00:00,74514.1,74143.76,72512.49,73216.0,18686.74141,7515.40909,2897318,1124406,10668.37212,4118.11087,73460.78,73884.38,1.3339,1.3661,1.2947,1.3281,1.001957419E8,8.08979131E7,539932,445261,5.15551744E7,3.95276338E7,1.33,1.3408,2046.59,2032.0,1976.48,2002.0,283145.695,97977.5349,2925370,969371,142075.6321,51565.2626,2014.54,2022.44
2026-05-31T00:00:00,74143.76,74275.66,73216.0,73400.0,7515.40909,6986.45707,1124406,1363437,4118.11087,3407.47243,73884.38,73674.39,1.3661,1.3484,1.3281,1.321,8.08979131E7,4.40765003E7,445261,302843,3.95276338E7,1.97083733E7,1.3408,1.333,2032.0,2038.0,2002.0,1993.75,97977.5349,163735.4958,969371,1454319,51565.2626,69842.5033,2022.44,2007.01
2026-06-01T00:00:00,74275.66,74092.0,73400.0,70686.68,6986.45707,23921.09184,1363437,4237773,3407.47243,11600.30396,73674.39,71408.9,1.3484,1.3412,1.321,1.2794,4.40765003E7,9.08983368E7,302843,669452,1.97083733E7,4.3569263E7,1.333,1.2972,2038.0,2021.5,1993.75,1956.04,163735.4958,374428.2839,1454319,3806222,69842.5033,189965.6217,2007.01,2006.73
2026-06-02T00:00:00,74092.0,71408.9,70686.68,66193.0,23921.09184,32858.19586,4237773,6250677,11600.30396,15675.4915,71408.9,66760.83,1.3412,1.2972,1.2794,1.1948,9.08983368E7,1.623346495E8,669452,1089257,4.3569263E7,7.8485431E7,1.2972,1.2117,2021.5,2006.78,1956.04,1839.02,374428.2839,556885.5418,3806222,5759311,189965.6217,262471.3967,2006.73,1859.84
2026-06-03T00:00:00,71408.9,67516.0,66193.0,64092.49,32858.19586,30138.3065,6250677,6676358,15675.4915,14567.29572,66760.83,64142.75,1.2972,1.2491,1.1948,1.1868,1.623346495E8,1.241439218E8,1089257,969593,7.8485431E7,6.14952924E7,1.2117,1.2012,2006.78,1893.07,1839.02,1769.62,556885.5418,584760.4818,5759311,6496256,262471.3967,291410.2577,1859.84,1813.05
2026-06-04T00:00:00,67516.0,64764.32,64092.49,61383.56,30138.3065,43577.17571,6676358,9057976,14567.29572,20172.82504,64142.75,63885.99,1.2491,1.212,1.1868,1.1407,1.241439218E8,1.860913803E8,969593,1649842,6.14952924E7,8.96900296E7,1.2012,1.1688,1893.07,1820.5,1769.62,1717.28,584760.4818,648306.1051,6496256,8222751,291410.2577,313120.6405,1813.05,1770.77
2026-06-05T00:00:00,64764.32,63978.0,61383.56,59130.91,43577.17571,55027.28807,9057976,11658856,20172.82504,24879.51775,63885.99,61056.47,1.212,1.1751,1.1407,1.0692,1.860913803E8,2.817695797E8,1649842,2460423,8.96900296E7,1.282457655E8,1.1688,1.0978,1820.5,1774.99,1717.28,1540.19,648306.1051,1257013.1608,8222751,13017779,313120.6405,605408.4543,1770.77,1583.4
2026-06-06T00:00:00,63978.0,61530.05,59130.91,59500.0,55027.28807,19795.58877,11658856,5000874,24879.51775,9473.55921,61056.47,60884.62,1.1751,1.1144,1.0692,1.0501,2.817695797E8,1.413597191E8,2460423,1222201,1.282457655E8,7.01517028E7,1.0978,1.0934,1774.99,1601.22,1540.19,1505.68,1257013.1608,558458.3672,13017779,6254953,605408.4543,267600.8258,1583.4,1569.69
2026-06-07T00:00:00,61530.05,64234.68,59500.0,60746.0,19795.58877,26612.10443,5000874,4752461,9473.55921,14156.31067,60884.62,63332.01,1.1144,1.1719,1.0501,1.0886,1.413597191E8,1.123876171E8,1222201,859882,7.01517028E7,5.61751856E7,1.0934,1.1556,1601.22,1721.93,1505.68,1564.1,558458.3672,458280.5909,6254953,5095675,267600.8258,228933.854,1569.69,1690.51
2026-06-08T00:00:00,64234.68,64200.0,60746.0,62408.0,26612.10443,23053.38624,4752461,4887564,14156.31067,11227.99606,63332.01,63085.99,1.1719,1.1866,1.0886,1.1319,1.123876171E8,1.146447922E8,859882,778674,5.61751856E7,5.7911854E7,1.1556,1.1683,1721.93,1714.5,1564.1,1645.0,458280.5909,480027.3121,5095675,5759621,228933.854,245621.2272,1690.51,1690.49
2026-06-09T00:00:00,64200.0,63526.01,62408.0,60780.0,23053.38624,21636.21959,4887564,4347332,11227.99606,10357.23644,63085.99,61730.0,1.1866,1.1769,1.1319,1.1187,1.146447922E8,1.069467333E8,778674,849064,5.7911854E7,5.11104391E7,1.1683,1.1375,1714.5,1696.88,1645.0,1614.02,480027.3121,384147.2349,5759621,4501516,245621.2272,174461.5449,1690.49,1639.52
2026-06-10T00:00:00,63526.01,62857.99,60780.0,60755.0,21636.21959,15998.71652,4347332,4655686,10357.23644,7714.59491,61730.0,61510.99,1.1769,1.1412,1.1187,1.0884,1.069467333E8,1.166796446E8,849064,1006939,5.11104391E7,5.77638808E7,1.1375,1.097,1696.88,1667.96,1614.02,1603.44,384147.2349,290791.2819,4501516,4680030,174461.5449,144480.8587,1639.52,1621.59
2026-06-11T00:00:00,62857.99,63933.02,60755.0,61510.99,15998.71652,17380.94642,4655686,3446803,7714.59491,8975.49366,61510.99,63625.99,1.1412,1.15,1.0884,1.0965,1.166796446E8,9.42242822E7,1006939,755083,5.77638808E7,4.67969196E7,1.097,1.1428,1667.96,1693.59,1603.44,1621.6,290791.2819,278507.7204,4680030,3410263,144480.8587,146755.8289,1621.59,1673.46
2026-06-12T00:00:00,63933.02,64394.44,61510.99,62829.81,17380.94642,16397.0524,3446803,3154052,8975.49366,8373.87233,63625.99,63580.01,1.15,1.1577,1.0965,1.1261,9.42242822E7,7.25829139E7,755083,635449,4.67969196E7,3.61559107E7,1.1428,1.1325,1693.59,1691.07,1621.6,1652.09,278507.7204,201888.0102,3410263,2888517,146755.8289,103835.6453,1673.46,1666.41
2026-06-13T00:00:00,64394.44,64762.77,62829.81,63418.66,16397.0524,9960.74163,3154052,1489009,8373.87233,5326.34918,63580.01,64458.01,1.1577,1.161,1.1261,1.1299,7.25829139E7,4.50100072E7,635449,300818,3.61559107E7,2.25440906E7,1.1325,1.1507,1691.07,1697.28,1652.09,1662.2,201888.0102,106751.6077,2888517,1222979,103835.6453,57726.9957,1666.41,1681.18
2026-06-14T00:00:00,64762.77,65800.0,63418.66,63678.83,9960.74163,13203.03375,1489009,2060901,5326.34918,6966.04602,64458.01,65746.45,1.161,1.1878,1.1299,1.1268,4.50100072E7,5.64189876E7,300818,450135,2.25440906E7,2.6945654E7,1.1507,1.1861,1697.28,1732.28,1662.2,1654.9,106751.6077,178009.9541,1222979,1935991,57726.9957,90922.7855,1681.18,1725.62
2026-06-15T00:00:00,65800.0,67292.15,63678.83,65354.0,13203.03375,18559.80102,2060901,3140494,6966.04602,8827.32403,65746.45,66328.74,1.1878,1.2935,1.1268,1.1778,5.64189876E7,1.958460162E8,450135,1337348,2.6945654E7,9.52653323E7,1.1861,1.2382,1732.28,1849.54,1654.9,1709.66,178009.9541,464135.2553,1935991,3136116,90922.7855,226908.449,1725.62,1796.13
2026-06-16T00:00:00,67292.15,66992.0,65354.0,65360.92,18559.80102,14302.05801,3140494,2964629,8827.32403,6709.60119,66328.74,65675.01,1.2935,1.256,1.1778,1.2053,1.958460162E8,9.43292097E7,1337348,759684,9.52653323E7,4.81609661E7,1.2382,1.2173,1849.54,1839.77,1709.66,1758.0,464135.2553,353577.549,3136116,3651200,226908.449,175935.254,1796.13,1792.99
2026-06-17T00:00:00,66992.0,66445.93,65360.92,63915.77,14302.05801,19048.65409,2964629,3933123,6709.60119,9344.30808,65675.01,64509.4,1.256,1.2283,1.2053,1.1715,9.43292097E7,1.075221153E8,759684,851153,4.81609661E7,5.38659269E7,1.2173,1.1868,1839.77,1810.21,1758.0,1725.34,353577.549,334498.0575,3651200,4175463,175935.254,156023.0739,1792.99,1750.6
2026-06-18T00:00:00,66445.93,64806.0,63915.77,62272.07,19048.65409,16935.59661,3933123,3573931,9344.30808,8148.66252,64509.4,62958.01,1.2283,1.1923,1.1715,1.1329,1.075221153E8,1.141783158E8,851153,681734,5.38659269E7,5.21413711E7,1.1868,1.1465,1810.21,1762.99,1725.34,1671.79,334498.0575,312480.9656,4175463,3404966,156023.0739,150925.452,1750.6,1711.11
2026-06-19T00:00:00,64806.0,63666.0,62272.07,62316.44,16935.59661,14247.424,3573931,2671918,8148.66252,6709.20964,62958.01,63543.91,1.1923,1.153,1.1329,1.1187,1.141783158E8,7.26644159E7,681734,508134,5.21413711E7,3.69452955E7,1.1465,1.1359,1762.99,1719.51,1671.79,1679.11,312480.9656,165078.1984,3404966,2339768,150925.452,86541.467,1711.11,1711.19
2026-06-20T00:00:00,63666.0,64388.0,62316.44,63184.21,14247.424,9522.10324,2671918,1970081,6709.20964,4669.85879,63543.91,64298.01,1.153,1.156,1.1187,1.1342,7.26644159E7,4.5285668E7,508134,318381,3.69452955E7,2.22751798E7,1.1359,1.1499,1719.51,1749.55,1679.11,1704.06,165078.1984,159791.8211,2339768,1842588,86541.467,85441.3878,1711.19,1741.08
2026-06-21T00:00:00,64388.0,64588.0,63184.21,63270.0,9522.10324,8034.66333,1970081,1768294,4669.85879,3833.13382,64298.01,63311.99,1.156,1.1535,1.1342,1.1225,4.5285668E7,4.75940543E7,318381,305660,2.22751798E7,2.23171834E7,1.1499,1.1248,1749.55,1741.45,1704.06,1702.0,159791.8211,123762.4689,1842588,1658599,85441.3878,60145.8081,1741.08,1706.94
2026-06-22T00:00:00,64588.0,65622.83,63270.0,63312.0,8034.66333,15423.10851,1768294,3521337,3833.13382,7677.53285,63311.99,64020.01,1.1535,1.1639,1.1225,1.1216,4.75940543E7,8.33214923E7,305660,559318,2.23171834E7,4.32145782E7,1.1248,1.1295,1741.45,1779.9,1702.0,1706.94,123762.4689,262657.182,1658599,3303043,60145.8081,132053.0362,1706.94,1728.19
2026-06-23T00:00:00,65622.83,64275.38,63312.0,61938.0,15423.10851,20222.99292,3521337,3626190,7677.53285,9113.2674,64020.01,62734.57,1.1639,1.1339,1.1216,1.092,8.33214923E7,7.55920268E7,559318,556869,4.32145782E7,3.67876923E7,1.1295,1.1103,1779.9,1736.25,1706.94,1635.65,262657.182,248262.012,3303043,3415279,132053.0362,120633.5298,1728.19,1667.13
2026-06-24T00:00:00,64275.38,63239.06,61938.0,59102.7,20222.99292,30678.28543,3626190,5367531,9113.2674,14451.4544,62734.57,61077.99,1.1339,1.1139,1.092,1.0462,7.55920268E7,1.183693721E8,556869,785109,3.67876923E7,5.63761106E7,1.1103,1.0736,1736.25,1693.67,1635.65,1552.95,248262.012,355728.3403,3415279,5254099,120633.5298,177192.2396,1667.13,1622.17
2026-06-25T00:00:00,63239.06,61962.4,59102.7,58115.01,30678.28543,30386.00694,5367531,5683275,14451.4544,14406.15352,61077.99,59794.0,1.1139,1.0899,1.0462,1.0122,1.183693721E8,1.361976999E8,785109,957997,5.63761106E7,6.72045543E7,1.0736,1.0435,1693.67,1660.54,1552.95,1532.9,355728.3403,440671.005,5254099,4454580,177192.2396,236247.0286,1622.17,1567.84
2026-06-26T00:00:00,61962.4,60759.99,58115.01,58337.0,30386.00694,27403.55723,5683275,6019134,14406.15352,13907.49037,59794.0,60097.27,1.0899,1.0558,1.0122,1.0092,1.361976999E8,1.451565804E8,957997,963953,6.72045543E7,6.87899057E7,1.0435,1.049,1660.54,1594.7,1532.9,1512.0,440671.005,423691.4393,4454580,4010582,236247.0286,219134.2695,1567.84,1578.68
2026-06-27T00:00:00,60759.99,60941.17,58337.0,59855.16,27403.55723,9587.22916,6019134,1763416,13907.49037,5067.9265,60097.27,60029.0,1.0558,1.0777,1.0092,1.0441,1.451565804E8,6.11027164E7,963953,396476,6.87899057E7,2.93087527E7,1.049,1.0475,1594.7,1611.02,1512.0,1562.86,423691.4393,131592.3598,4010582,1281824,219134.2695,67386.1857,1578.68,1573.99
2026-06-28T00:00:00,60941.17,60545.01,59855.16,58905.0,9587.22916,8907.13796,1763416,2299232,5067.9265,4290.64588,60029.0,59577.01,1.0777,1.0591,1.0441,1.0333,6.11027164E7,4.55438357E7,396476,379263,2.93087527E7,1.92416873E7,1.0475,1.0485,1611.02,1588.82,1562.86,1548.37,131592.3598,140181.1417,1281824,1506628,67386.1857,70060.9956,1573.99,1571.96
2026-06-29T00:00:00,60545.01,60780.57,58905.0,58900.01,8907.13796,20203.14178,2299232,4884336,4290.64588,10334.16227,59577.01,60260.21,1.0591,1.0768,1.0333,1.0322,4.55438357E7,9.47594156E7,379263,762527,1.92416873E7,4.85269197E7,1.0485,1.059,1588.82,1637.58,1548.37,1550.43,140181.1417,309968.9748,1506628,2959728,70060.9956,155013.503,1571.96,1613.07
2026-06-30T00:00:00,60780.57,60276.54,58900.01,58201.0,20203.14178,19639.82787,4884336,3804809,10334.16227,8879.55126,60260.21,58624.71,1.0768,1.0595,1.0322,1.0274,9.47594156E7,6.63527859E7,762527,452008,4.85269197E7,3.12282078E7,1.059,1.0401,1637.58,1614.41,1550.43,1550.2,309968.9748,222057.2042,2959728,2013738,155013.503,104379.84,1613.07,1572.01
2026-07-01T00:00:00,60276.54,61334.0,58201.0,57800.19,19639.82787,25093.44662,3804809,4166849,8879.55126,12936.11295,58624.71,60024.0,1.0595,1.0738,1.0274,1.022,6.63527859E7,8.79686751E7,452008,588819,3.12282078E7,4.27018308E7,1.0401,1.053,1614.41,1646.26,1550.2,1552.92,222057.2042,306536.311,2013738,2678598,104379.84,156369.5022,1572.01,1609.58
2026-07-02T00:00:00,61334.0,62200.0,57800.19,59588.0,25093.44662,21382.14163,4166849,3883096,12936.11295,11394.85517,60024.0,61560.0,1.0738,1.1125,1.022,1.0451,8.79686751E7,8.98963097E7,588819,617820,4.27018308E7,4.45960138E7,1.053,1.0881,1646.26,1725.0,1552.92,1597.22,306536.311,373453.5082,2678598,2999563,156369.5022,199786.5508,1609.58,1700.57
2026-07-03T00:00:00,62200.0,62979.86,59588.0,61248.86,21382.14163,14048.98627,3883096,2571531,11394.85517,7249.98683,61560.0,62583.26,1.1125,1.1453,1.0451,1.0828,8.98963097E7,8.41073752E7,617820,582539,4.45960138E7,4.2497557E7,1.0881,1.1348,1725.0,1775.78,1597.22,1694.72,373453.5082,244416.868,2999563,2558467,199786.5508,129829.1354,1700.57,1758.21
2026-07-04T00:00:00,62979.86,63461.99,61248.86,62328.24,14048.98627,9139.8274,2571531,1643288,7249.98683,4753.53597,62583.26,63144.01,1.1453,1.1843,1.0828,1.1315,8.41073752E7,9.07220886E7,582539,722008,4.2497557E7,4.42982446E7,1.1348,1.1574,1775.78,1807.65,1694.72,1744.09,244416.868,190880.1497,2558467,1984105,129829.1354,98915.7658,1758.21,1780.64
2026-07-05T00:00:00,63461.99,63999.0,62328.24,62436.59,9139.8274,9172.07758,1643288,1790183,4753.53597,4565.93641,63144.01,63650.0,1.1843,1.1696,1.1315,1.1248,9.07220886E7,5.60561033E7,722008,428513,4.42982446E7,2.69833973E7,1.1574,1.1572,1807.65,1808.0,1744.09,1748.79,190880.1497,389673.4191,1984105,2710301,98915.7658,186115.1562,1780.64,1785.65
2026-07-06T00:00:00,63999.0,64700.0,62436.59,61306.84,9172.07758,21435.28437,1790183,3777895,4565.93641,11556.55192,63650.0,64042.02,1.1696,1.165,1.1248,1.1095,5.60561033E7,8.37304345E7,428513,713373,2.69833973E7,3.87874272E7,1.1572,1.145,1808.0,1833.4,1748.79,1728.95,389673.4191,305879.3304,2710301,2770665,186115.1562,156283.9234,1785.65,1799.56
2026-07-07T00:00:00,64700.0,64314.0,61306.84,62671.39,21435.28437,16834.20823,3777895,3282102,11556.55192,8128.20476,64042.02,63363.99,1.165,1.1514,1.1095,1.1065,8.37304345E7,6.92153708E7,713373,522584,3.87874272E7,3.14759363E7,1.145,1.112,1833.4,1813.16,1728.95,1757.57,305879.3304,241536.7253,2770665,2520272,156283.9234,117218.5185,1799.56,1771.45
2026-07-08T00:00:00,64314.0,63761.99,62671.39,61544.56,16834.20823,18620.09796,3282102,3598487,8128.20476,8338.57026,63363.99,62290.0,1.1514,1.1165,1.1065,1.0694,6.92153708E7,8.85417504E7,522584,586622,3.14759363E7,3.77577342E7,1.112,1.0908,1813.16,1785.0,1757.57,1713.44,241536.7253,225231.2254,2520272,2459826,117218.5185,107440.578,1771.45,1743.54
2026-07-09T00:00:00,63761.99,63500.0,61544.56,61705.29,18620.09796,16742.80672,3598487,3176050,8338.57026,7922.48357,62290.0,63230.0,1.1165,1.1029,1.0694,1.0826,8.85417504E7,4.54025655E7,586622,395701,3.77577342E7,2.06732031E7,1.0908,1.0932,1785.0,1762.36,1713.44,1721.93,225231.2254,173705.2572,2459826,1852063,107440.578,87235.1274,1743.54,1745.16
2026-07-10T00:00:00,63500.0,64692.83,61705.29,62926.01,16742.80672,17589.00122,3176050,2927425,7922.48357,8727.5029,63230.0,64161.72,1.1029,1.1183,1.0826,1.0891,4.54025655E7,5.80260526E7,395701,375841,2.06732031E7,2.89885943E7,1.0932,1.1046,1762.36,1812.0,1721.93,1737.68,173705.2572,215605.8045,1852063,1885371,87235.1274,111540.9027,1745.16,1796.85
2026-07-11T00:00:00,64692.83,64504.11,62926.01,63819.0,17589.00122,9151.97432,2927425,1406178,8727.5029,3908.28562,64161.72,63819.0,1.1183,1.1193,1.0891,1.0961,5.80260526E7,3.27073234E7,375841,216971,2.89885943E7,1.51250583E7,1.1046,1.0967,1812.0,1830.0,1737.68,1786.58,215605.8045,178703.4183,1885371,1196630,111540.9027,82847.9976,1796.85,1787.76
2026-07-12T00:00:00,64504.11,64290.11,63819.0,63640.83,9151.97432,13914.83703,1406178,1919605,3908.28562,6757.00737,63819.0,63780.0,1.1193,1.1043,1.0961,1.0811,3.27073234E7,3.8378492E7,216971,250222,1.51250583E7,1.56348646E7,1.0967,1.0858,1830.0,1826.92,1786.58,1779.46,178703.4183,141072.9835,1196630,1163165,82847.9976,67542.1325,1787.76,1806.8
2026-07-13T00:00:00,64290.11,64425.0,63640.83,61824.97,13914.83703,21682.50204,1919605,3349712,6757.00737,9861.43724,63780.0,62334.52,1.1043,1.103,1.0811,1.0535,3.8378492E7,7.12418452E7,250222,493153,1.56348646E7,3.18670108E7,1.0858,1.0675,1826.92,1846.0,1779.46,1750.2,141072.9835,295031.6198,1163165,2649302,67542.1325,139033.3963,1806.8,1776.72
2026-07-14T00:00:00,64425.0,65100.0,61824.97,62272.2,21682.50204,20552.41384,3349712,3080945,9861.43724,10847.48978,62334.52,65043.98,1.103,1.121,1.0535,1.061,7.12418452E7,7.83249116E7,493153,439319,3.18670108E7,3.66412606E7,1.0675,1.1117,1846.0,1896.14,1750.2,1773.41,295031.6198,368913.772,2649302,3283907,139033.3963,202166.4648,1776.72,1891.87
2026-07-15T00:00:00,65100.0,65600.0,62272.2,64485.0,20552.41384,18401.89741,3080945,2668919,10847.48978,9009.48362,65043.98,64756.28,1.121,1.1302,1.061,1.099,7.83249116E7,6.54790846E7,439319,413620,3.66412606E7,3.07649317E7,1.1117,1.1133,1896.14,1946.52,1773.41,1864.38,368913.772,319800.9693,3283907,2766157,202166.4648,164441.1035,1891.87,1917.86
2026-07-16T00:00:00,65600.0,64997.52,64485.0,63748.74,18401.89741,18764.52679,2668919,2813481,9009.48362,9007.30607,64756.28,63830.2,1.1302,1.1182,1.099,1.0853,6.54790846E7,6.29477883E7,413620,362789,3.07649317E7,3.07500859E7,1.1133,1.0871,1946.52,1929.48,1864.38,1857.54,319800.9693,271689.0863,2766157,2577028,164441.1035,124124.427,1917.86,1864.71
2026-07-17T00:00:00,64997.52,64387.99,63748.74,62537.56,18764.52679,18189.89389,2813481,3239296,9007.30607,8618.43801,63830.2,63931.67,1.1182,1.0958,1.0853,1.0698,6.29477883E7,5.53511432E7,362789,372518,3.07500859E7,2.59000316E7,1.0871,1.089,1929.48,1871.08,1857.54,1803.05,271689.0863,253027.7556,2577028,2654101,124124.427,127019.9006,1864.71,1841.93
2026-07-18T00:00:00,64387.99,64865.0,62537.56,63886.65,18189.89389,8031.18012,3239296,1088701,8618.43801,4100.21428,63931.67,64834.22,1.0958,1.0984,1.0698,1.0836,5.53511432E7,2.19339158E7,372518,148154,2.59000316E7,1.10354391E7,1.089,1.0929,1871.08,1867.58,1803.05,1837.58,253027.7556,92597.9232,2654101,898148,127019.9006,49679.7706,1841.93,1862.61
2026-07-19T00:00:00,64865.0,64967.25,63886.65,64280.0,8031.18012,8379.91474,1088701,1464337,4100.21428,4281.97001,64834.22,64722.54,1.0984,1.1018,1.0836,1.0893,2.19339158E7,2.68501939E7,148154,197564,1.10354391E7,1.14810977E7,1.0929,1.0978,1867.58,1879.38,1837.58,1851.71,92597.9232,143922.6662,898148,1375145,49679.7706,72477.4109,1862.61,1872.23
2026-07-20T00:00:00,64967.25,65799.0,64280.0,63100.0,8379.91474,21323.48702,1464337,3606847,4281.97001,10104.82668,64722.54,65255.51,1.1018,1.1207,1.0893,1.0831,2.68501939E7,6.45488192E7,197564,482024,1.14810977E7,2.88722889E7,1.0978,1.1124,1879.38,1918.16,1851.71,1843.14,143922.6662,271195.633,1375145,2898762,72477.4109,139935.4434,1872.23,1904.77
2026-07-21T00:00:00,65799.0,66956.15,63100.0,65148.75,21323.48702,18618.28087,3606847,3005241,10104.82668,9545.80868,65255.51,66556.16,1.1207,1.1646,1.0831,1.1111,6.45488192E7,8.4431888E7,482024,486316,2.88722889E7,4.31971143E7,1.1124,1.1436,1918.16,1953.0,1843.14,1900.74,271195.633,326965.6779,2898762,2430342,139935.4434,178850.1688,1904.77,1930.09
2026-07-22T00:00:00,66956.15,66739.89,65148.75,65553.67,18618.28087,18074.86602,3005241,3381825,9545.80868,8854.46937,66556.16,66114.49,1.1646,1.1574,1.1111,1.1288,8.4431888E7,5.10814012E7,486316,368828,4.31971143E7,2.39326071E7,1.1436,1.1421,1953.0,1956.45,1900.74,1910.68,326965.6779,251140.8253,2430342,2535468,178850.1688,123958.4642,1930.09,1934.25
2026-07-23T00:00:00,66739.89,66313.14,65553.67,64650.0,18074.86602,14698.22673,3381825,2557299,8854.46937,7036.32429,66114.49,65098.97,1.1574,1.1452,1.1288,1.1006,5.10814012E7,5.2277156E7,368828,316024,2.39326071E7,2.43958597E7,1.1421,1.1077,1956.45,1941.5,1910.68,1869.44,251140.8253,219789.0733,2535468,2040809,123958.4642,99799.0967,1934.25,1878.38
2026-07-24T00:00:00,66313.14,65808.59,64650.0,63739.75,14698.22673,16821.2718,2557299,2467691,7036.32429,8133.22286,65098.97,64139.99,1.1452,1.1215,1.1006,1.085,5.2277156E7,5.05493585E7,316024,256119,2.43958597E7,2.34636094E7,1.1077,1.0919,1941.5,1909.8,1869.44,1848.09,219789.0733,200795.4361,2040809,2134534,99799.0967,102087.8997,1878.38,1861.44
2026-07-25T00:00:00,65808.59,64475.28,63739.75,63810.0,16821.2718,8863.0503,2467691,1005338,8133.22286,4621.49495,64139.99,64375.0,1.1215,1.108,1.085,1.0855,5.05493585E7,2.75775627E7,256119,136884,2.34636094E7,1.32318044E7,1.0919,1.0977,1909.8,1877.07,1848.09,1851.22,200795.4361,88434.488,2134534,763113,102087.8997,45312.7075,1861.44,1874.89
2026-07-26T00:00:00,64475.28,65577.0,63810.0,64293.81,8863.0503,7933.06089,1005338,1138023,4621.49495,4091.47971,64375.0,65399.99,1.108,1.1167,1.0855,1.0955,2.75775627E7,2.43372495E7,136884,145889,1.32318044E7,1.19054115E7,1.0977,1.1131,1877.07,1967.36,1851.22,1873.85,88434.488,153233.6949,763113,1515963,45312.7075,80698.9915,1874.89,1954.72
2026-07-27T00:00:00,65577.0,65744.6,64293.81,63605.56,7933.06089,14791.90543,1138023,2921636,4091.47971,6694.82928,65399.99,63755.86,1.1167,1.1153,1.0955,1.0628,2.43372495E7,6.02103834E7,145889,394772,1.19054115E7,2.61322353E7,1.1131,1.0661,1967.36,1981.24,1873.85,1882.49,153233.6949,342451.48,1515963,3195743,80698.9915,162403.1192,1954.72,1892.53
2026-07-28T00:00:00,65744.6,64100.0,63605.56,62742.47,14791.90543,13889.82996,2921636,2679943,6694.82928,7070.0283,63755.86,63915.0,1.1153,1.0706,1.0628,1.045,6.02103834E7,5.83635105E7,394772,359668,2.61322353E7,2.60307779E7,1.0661,1.069,1981.24,1929.67,1882.49,1856.88,342451.48,289225.1629,3195743,2505196,162403.1192,142104.8161,1892.53,1922.23
2026-07-29T00:00:00,64100.0,64744.81,62742.47,63267.34,13889.82996,16780.11912,2679943,3615294,7070.0283,8931.61763,63915.0,63984.28,1.0706,1.0937,1.045,1.0622,5.83635105E7,8.39205168E7,359668,541642,2.60307779E7,3.89339855E7,1.069,1.0737,1929.67,1935.68,1856.88,1872.0,289225.1629,298562.344,2505196,3050869,142104.8161,146699.4645,1922.23,1910.72
2026-07-30T00:00:00,64744.81,65176.6,63267.34,63603.92,16780.11912,17131.58486,3615294,3246691,8931.61763,8996.1922,63984.28,64780.02,1.0937,1.095,1.0622,1.0685,8.39205168E7,5.11656353E7,541642,279433,3.89339855E7,2.59273163E7,1.0737,1.0829,1935.68,1936.99,1872.0,1893.99,298562.344,176531.6818,3050869,1937149,146699.4645,88629.7538,1910.72,1918.31
2026-07-31T00:00:00,65176.6,65409.56,63603.92,62466.0,17131.58486,20475.60686,3246691,2740238,8996.1922,9659.56143,64780.02,62887.88,1.095,1.09,1.0685,1.0571,5.11656353E7,5.41486862E7,279433,277357,2.59273163E7,2.47525713E7,1.0829,1.0619,1936.99,1936.15,1893.99,1848.7,176531.6818,242904.7865,1937149,2209134,88629.7538,105152.1456,1918.31,1862.6
2026-08-01T00:00:00,65409.56,63150.0,62466.0,62275.0,20475.60686,7563.08904,2740238,831983,9659.56143,3772.23898,62887.88,62823.64,1.09,1.0674,1.0571,1.0473,5.41486862E7,2.49216152E7,277357,129506,2.47525713E7,1.11688808E7,1.0619,1.0604,1936.15,1875.45,1848.7,1822.06,242904.7865,108886.9878,2209134,880600,105152.1456,48007.9114,1862.6,1844.94
2026-08-02T00:00:00,63150.0,63796.33,62275.0,62806.58,7563.08904,8387.01154,831983,1286064,3772.23898,4566.33112,62823.64,63570.0,1.0674,1.0933,1.0473,1.0605,2.49216152E7,3.35431558E7,129506,194447,1.11688808E7,1.66137597E7,1.0604,1.0869,1875.45,1898.5,1822.06,1843.67,108886.9878,123655.0632,880600,1129827,48007.9114,64503.1281,1844.94,1885.36
2026-08-03T00:00:00,63796.33,64080.0,62806.58,62300.0,8387.01154,15543.29743,1286064,2494364,4566.33112,7987.90387,63570.0,63520.0,1.0933,1.0878,1.0605,1.0628,3.35431558E7,4.68618938E7,194447,241455,1.66137597E7,2.13852815E7,1.0869,1.0758,1898.5,1885.95,1843.67,1828.62,123655.0632,175607.0099,1129827,1775363,64503.1281,84775.068,1885.36,1860.5
2026-08-04T00:00:00,64080.0,64549.16,62300.0,63322.01,15543.29743,13690.47909,2494364,2388039,7987.90387,7360.46366,63520.0,64106.56,1.0878,1.0828,1.0628,1.07,4.68618938E7,3.9742782E7,241455,224847,2.13852815E7,1.86670357E7,1.0758,1.0739,1885.95,1882.44,1828.62,1848.38,175607.0099,185254.5452,1775363,1809806,84775.068,93966.2161,1860.5,1869.75
2026-08-05T00:00:00,64549.16,65025.22,63322.01,63880.0,13690.47909,12742.85528,2388039,2402227,7360.46366,6522.4825,64106.56,64665.23,1.0828,1.077,1.07,1.055,3.9742782E7,5.33199897E7,224847,226775,1.86670357E7,2.44941651E7,1.0739,1.0623,1882.44,1928.0,1848.38,1855.5,185254.5452,238330.3269,1809806,2270605,93966.2161,124423.2562,1869.75,1908.9
2026-08-06T00:00:00,65025.22,64999.0,63880.0,64172.0,12742.85528,9864.43284,2402227,2087951,6522.4825,4666.15261,64665.23,64323.61,1.077,1.0638,1.055,1.03,5.33199897E7,7.85805621E7,226775,345501,2.44941651E7,3.6229015E7,1.0623,1.0351,1928.0,1920.51,1855.5,1892.04,238330.3269,177529.7135,2270605,1782371,124423.2562,81160.1351,1908.9,1904.1
2026-08-07T00:00:00,64999.0,65390.99,64172.0,64166.0,9864.43284,11807.40403,2087951,2283383,4666.15261,5639.26621,64323.61,64923.19,1.0638,1.0432,1.03,1.0128,7.85805621E7,8.20019865E7,345501,336082,3.6229015E7,3.9110279E7,1.0351,1.021,1920.51,1943.02,1892.04,1894.35,177529.7135,210276.529,1782371,1579936,81160.1351,95029.1101,1904.1,1914.18
2026-08-08T00:00:00,65390.99,65192.54,64166.0,64784.19,11807.40403,5760.14298,2283383,540447,5639.26621,2810.00611,64923.19,64962.6,1.0432,1.0488,1.0128,1.0202,8.20019865E7,3.42527136E7,336082,145683,3.9110279E7,1.52052165E7,1.021,1.0397,1943.02,1926.72,1894.35,1912.27,210276.529,56872.3931,1579936,433955,95029.1101,27552.6004,1914.18,1916.74
2026-08-09T00:00:00,65192.54,65474.46,64784.19,64730.08,5760.14298,7031.23606,540447,803981,2810.00611,3207.32922,64962.6,64901.59,1.0488,1.0478,1.0202,1.0279,3.42527136E7,2.97844825E7,145683,143416,1.52052165E7,1.25402571E7,1.0397,1.0299,1926.72,1938.22,1912.27,1907.56,56872.3931,87855.3253,433955,681191,27552.6004,42718.9753,1916.74,1910.65
2026-08-10T00:00:00,65474.46,65391.14,64730.08,63806.27,7031.23606,13638.40877,803981,2054347,3207.32922,6946.62767,64901.59,63970.01,1.0478,1.041,1.0279,1.0051,2.97844825E7,6.20371495E7,143416,311940,1.25402571E7,2.80329921E7,1.0299,1.0123,1938.22,1931.57,1907.56,1867.96,87855.3253,209809.0221,681191,1866587,42718.9753,92868.0329,1910.65,1873.16
2026-08-11T00:00:00,65391.14,64515.43,63806.27,63238.0,13638.40877,12891.63248,2054347,1660517,6946.62767,6363.01318,63970.01,63600.0,1.041,1.0267,1.0051,0.9915,6.20371495E7,7.98855141E7,311940,346626,2.80329921E7,3.72913805E7,1.0123,1.0229,1931.57,1897.8,1867.96,1853.62,209809.0221,193300.5166,1866587,1441139,92868.0329,89434.2115,1873.16,1882.59
2026-08-12T00:00:00,64515.43,64500.0,63238.0,63310.34,12891.63248,13627.06822,1660517,1990499,6363.01318,6993.82626,63600.0,63479.99,1.0267,1.0262,0.9915,1.0009,7.98855141E7,5.61237192E7,346626,232550,3.72913805E7,2.63928157E7,1.0229,1.0055,1897.8,1925.0,1853.62,1873.29,193300.5166,171255.9975,1441139,1564544,89434.2115,84089.6358,1882.59,1879.81
2026-08-13T00:00:00,64500.0,64010.0,63310.34,62802.27,13627.06822,10793.85853,1990499,2078777,6993.82626,5588.30192,63479.99,63490.86,1.0262,1.0154,1.0009,0.9982,5.61237192E7,4.39412478E7,232550,202868,2.63928157E7,1.87284428E7,1.0055,1.0094,1925.0,1900.0,1873.29,1863.67,171255.9975,154140.6308,1564544,1514857,84089.6358,79343.6238,1879.81,1886.15
2026-08-14T00:00:00,64010.0,63617.45,62802.27,62535.24,10793.85853,12340.82899,2078777,2184530,5588.30192,6678.27723,63490.86,63043.56,1.0154,1.0142,0.9982,0.9862,4.39412478E7,6.59267556E7,202868,226183,1.87284428E7,2.78882572E7,1.0094,0.9996,1900.0,1891.3,1863.67,1864.28,154140.6308,108123.7734,1514857,1319228,79343.6238,53799.6172,1886.15,1882.2
2026-08-15T00:00:00,63617.45,63187.98,62535.24,62920.0,12340.82899,5405.16038,2184530,540313,6678.27723,3110.52011,63043.56,63086.01,1.0142,1.0079,0.9862,0.9982,6.59267556E7,2.0869812E7,226183,90922,2.78882572E7,8981523.9,0.9996,1.0028,1891.3,1886.59,1864.28,1876.01,108123.7734,48197.0909,1319228,409630,53799.6172,23013.4799,1882.2,1882.64
2026-08-16T00:00:00,63187.98,63390.0,62920.0,62716.0,5405.16038,4737.23135,540313,640294,3110.52011,2498.03555,63086.01,62900.0,1.0079,1.0037,0.9982,0.9902,2.0869812E7,2.52513704E7,90922,103774,8981523.9,1.05531789E7,1.0028,0.9936,1886.59,1892.31,1876.01,1869.17,48197.0909,68574.4231,409630,573492,23013.4799,34107.2041,1882.64,1876.0
2026-08-17T00:00:00,63390.0,64610.01,62716.0,62751.1,4737.23135,14255.64713,640294,2111256,2498.03555,7186.91098,62900.0,64532.1,1.0037,1.0086,0.9902,0.9882,2.52513704E7,4.82374684E7,103774,188848,1.05531789E7,2.20350455E7,0.9936,1.003,1892.31,1918.71,1869.17,1872.46,68574.4231,175727.2871,573492,1441485,34107.2041,88860.7417,1876.0,1913.6
2026-08-18T00:00:00,64610.01,65058.81,62751.1,64027.85,14255.64713,11789.91312,2111256,1608019,7186.91098,5759.24912,64532.1,64725.42,1.0086,1.0067,0.9882,0.9888,4.82374684E7,4.5240986E7,188848,175243,2.20350455E7,2.10574633E7,1.003,1.0019,1918.71,1923.27,1872.46,1885.78,175727.2871,144436.9084,1441485,1229278,88860.7417,67921.8767,1913.6,1917.85
2026-08-19T00:00:00,65058.81,70000.0,64027.85,64166.0,11789.91312,29054.29976,1608019,4160596,5759.24912,15646.86527,64725.42,69334.79,1.0067,1.1363,0.9888,0.9959,4.5240986E7,1.850168408E8,175243,827861,2.10574633E7,9.12721282E7,1.0019,1.106,1923.27,2333.65,1885.78,1906.0,144436.9084,799553.3447,1229278,5279678,67921.8767,417055.9435,1917.85,2252.8
2026-08-20T00:00:00,70000.0,73400.0,64166.0,68902.22,29054.29976,35904.79287,4160596,6249114,15646.86527,18144.94133,69334.79,73025.15,1.1363,1.3441,0.9959,1.0879,1.850168408E8,3.805517165E8,827861,2757182,9.12721282E7,1.893436211E8,1.106,1.2681,2333.65,2360.0,1906.0,2221.54,799553.3447,648620.7228,5279678,5641127,417055.9435,338052.5415,2252.8,2326.82
2026-08-21T00:00:00,73400.0,79500.0,68902.22,73027.02,35904.79287,44339.56568,6249114,8928944,18144.94133,23033.87661,73025.15,78338.03,1.3441,1.4756,1.0879,1.2588,3.805517165E8,4.422135982E8,2757182,3808927,1.893436211E8,2.16264082E8,1.2681,1.4544,2360.0,2546.78,2221.54,2324.99,648620.7228,740662.9146,5641127,7242698,338052.5415,402068.9383,2326.82,2516.3
2026-08-22T00:00:00,79500.0,78828.15,73027.02,76500.0,44339.56568,18524.50847,8928944,3950045,23033.87661,9413.19226,78338.03,77074.93,1.4756,1.6999,1.2588,1.378,4.422135982E8,5.883035065E8,3808927,5072730,2.16264082E8,2.903660968E8,1.4544,1.4619,2546.78,2529.99,2324.99,2385.0,740662.9146,485164.8901,7242698,4481778,402068.9383,244219.4254,2516.3,2422.6
2026-08-23T00:00:00,78828.15,78052.85,76500.0,75545.67,18524.50847,15367.23185,3950045,3627829,9413.19226,8207.35031,77074.93,77734.0,1.6999,1.5507,1.378,1.4342,5.883035065E8,2.545528679E8,5072730,2020319,2.903660968E8,1.207696451E8,1.4619,1.5204,2529.99,2484.62,2385.0,2355.71,485164.8901,378847.2022,4481778,3810702,244219.4254,204739.2032,2422.6,2463.41
2026-08-24T00:00:00,78052.85,80000.0,75545.67,76670.01,15367.23185,30179.29391,3627829,6334409,8207.35031,15033.99548,77734.0,78992.75,1.5507,1.5304,1.4342,1.4532,2.545528679E8,2.640488318E8,2020319,1982442,1.207696451E8,1.262441129E8,1.5204,1.4817,2484.62,2532.95,2355.71,2424.73,378847.2022,467435.1868,3810702,4314361,204739.2032,239011.3165,2463.41,2482.31
2026-08-25T00:00:00,80000.0,81272.62,76670.01,77851.0,30179.29391,24772.51394,6334409,6360202,15033.99548,12633.43254,78992.75,78539.14,1.5304,1.5505,1.4532,1.4043,2.640488318E8,2.264777931E8,1982442,1784974,1.262441129E8,1.124466728E8,1.4817,1.4343,2532.95,2532.5,2424.73,2414.64,467435.1868,341388.961,4314361,3492228,239011.3165,156179.9493,2482.31,2442.64
2026-08-26T00:00:00,81272.62,79251.6,77851.0,77632.58,24772.51394,14613.75887,6360202,4284527,12633.43254,7299.27224,78539.14,79023.75,1.5505,1.4513,1.4043,1.3574,2.264777931E8,1.697956109E8,1784974,1648472,1.124466728E8,8.81047559E7,1.4343,1.4229,2532.5,2515.38,2414.64,2432.32,341388.961,250583.2707,3492228,2687659,156179.9493,128221.3698,2442.64,2506.78
2026-08-27T00:00:00,79251.6,80848.74,77632.58,78546.13,14613.75887,16265.53695,4284527,4932285,7299.27224,7358.50047,79023.75,80249.58,1.4513,1.474,1.3574,1.3926,1.697956109E8,1.569928109E8,1648472,1358571,8.81047559E7,7.50834329E7,1.4229,1.4534,2515.38,2566.53,2432.32,2481.74,250583.2707,336914.06,2687659,3426529,128221.3698,163836.3225,2506.78,2510.94
2026-08-28T00:00:00,80848.74,81478.87,78546.13,76888.0,16265.53695,19756.43646,4932285,4822157,7358.50047,9300.40971,80249.58,77845.87,1.474,1.4726,1.3926,1.3633,1.569928109E8,1.559166551E8,1358571,1354988,7.50834329E7,7.86132375E7,1.4534,1.3838,2566.53,2535.05,2481.74,2405.97,336914.06,361082.4672,3426529,3449843,163836.3225,167131.5356,2510.94,2442.8
2026-08-29T00:00:00,81478.87,78330.0,76888.0,77382.37,19756.43646,7016.30257,4822157,1519886,9300.40971,3594.89663,77845.87,78230.0,1.4726,1.4032,1.3633,1.3768,1.559166551E8,5.03791831E7,1354988,378897,7.86132375E7,2.61589493E7,1.3838,1.3964,2535.05,2459.76,2405.97,2430.45,361082.4672,103523.9255,3449843,828389,167131.5356,54147.5103,2442.8,2457.67
2026-08-30T00:00:00,78330.0,79400.0,77382.37,77000.0,7016.30257,9085.42405,1519886,2404922,3594.89663,4314.34369,78230.0,77682.0,1.4032,1.4335,1.3768,1.3352,5.03791831E7,9.49980186E7,378897,723654,2.61589493E7,4.47896483E7,1.3964,1.3575,2459.76,2534.98,2430.45,2387.28,103523.9255,268297.9503,828389,2396145,54147.5103,126372.702,2457.67,2416.88
2026-08-31T00:00:00,79400.0,79250.0,77000.0,77392.0,9085.42405,15303.90602,2404922,4354737,4314.34369,8150.6351,77682.0,78581.29,1.4335,1.3963,1.3352,1.3394,9.49980186E7,9.57521948E7,723654,844493,4.47896483E7,4.65289784E7,1.3575,1.3798,2534.98,2489.95,2387.28,2401.35,268297.9503,265221.8545,2396145,2904113,126372.702,132003.0417,2416.88,2467.65
2026-09-01T00:00:00,79250.0,79220.61,77392.0,76420.0,15303.90602,14130.63949,4354737,3662805,8150.6351,7128.14511,78581.29,77439.0,1.3963,1.3967,1.3394,1.3382,9.57521948E7,1.097638821E8,844493,805433,4.65289784E7,5.73323076E7,1.3798,1.3518,2489.95,2485.5,2401.35,2383.34,265221.8545,276587.6824,2904113,2474291,132003.0417,134387.9163,2467.65,2418.57
