date,ETH.high,ETH.low,ETH.volume,ETH.numberOfTrades,ETH.takerBuyBaseAssetVolume,ETH.close
2026-01-01T00:00:00,3010.0,2971.15,136088.5207,1338212,66477.086,3004.19
2026-01-02T00:00:00,3150.01,2992.49,369891.2449,5276480,195057.0391,3125.45
2026-01-03T00:00:00,3136.71,3076.0,134405.2258,1823251,66789.8067,3127.11
2026-01-04T00:00:00,3167.22,3118.75,181576.0686,2261499,94783.8698,3144.7
2026-01-05T00:00:00,3265.66,3135.02,382446.6618,5401982,188956.4336,3224.99
2026-01-06T00:00:00,3308.86,3183.27,412503.5066,5310071,204316.7995,3296.84
2026-01-07T00:00:00,3296.84,3125.42,321350.1225,4839276,154644.9184,3168.72
2026-01-08T00:00:00,3184.39,3054.65,343616.1005,4982423,167834.9366,3106.65
2026-01-09T00:00:00,3148.41,3058.69,274587.4533,4182570,137269.6714,3088.4
2026-01-10T00:00:00,3104.12,3077.99,82341.0546,881069,44689.1628,3086.72
2026-01-11T00:00:00,3147.27,3084.46,149381.2965,1522502,77521.2191,3123.45
2026-01-12T00:00:00,3171.49,3065.55,297373.4681,4303605,145169.9489,3095.75
2026-01-13T00:00:00,3367.79,3091.96,457782.2816,4876916,239733.9448,3325.82
2026-01-14T00:00:00,3402.89,3280.48,503440.0759,5351410,242601.2111,3354.92
2026-01-15T00:00:00,3384.19,3273.72,389993.836,4766390,182106.0811,3318.69
2026-01-16T00:00:00,3326.79,3253.01,223921.7876,3528248,109159.1615,3296.28
2026-01-17T00:00:00,3330.26,3283.96,124325.0303,1229614,68643.5852,3310.56
2026-01-18T00:00:00,3368.82,3278.86,173354.3026,2227452,93056.7992,3284.03
2026-01-19T00:00:00,3284.58,3165.38,442540.5596,4406164,225707.6739,3189.55
2026-01-20T00:00:00,3200.5,2920.0,518166.4787,7228638,251605.1302,2939.88
2026-01-21T00:00:00,3069.07,2866.11,577800.2481,8064316,296961.807,2982.27
2026-01-22T00:00:00,3038.33,2906.02,291660.7349,4696521,144410.7947,2952.69
2026-01-23T00:00:00,3019.26,2892.4,318415.3317,5479038,159251.2529,2956.41
2026-01-24T00:00:00,2970.41,2943.84,92082.9039,1185149,41483.2107,2953.22
2026-01-25T00:00:00,2960.29,2787.0,380186.5326,4637787,165133.7717,2816.89
2026-01-26T00:00:00,2951.21,2812.37,485169.3372,5933570,239396.1448,2930.35
2026-01-27T00:00:00,3035.08,2899.77,478792.3988,5278439,229630.1728,3026.77
2026-01-28T00:00:00,3045.78,2983.67,296607.6549,5061029,154557.6064,3010.78
2026-01-29T00:00:00,3013.5,2754.53,561288.5979,6779608,270939.8171,2822.59
2026-01-30T00:00:00,2828.65,2636.01,793279.6252,10661631,388766.163,2707.38
2026-01-31T00:00:00,2714.64,2250.0,1113097.7132,9305297,520430.2055,2451.95
2026-02-01T00:00:00,2475.98,2222.0,1026573.9466,11038637,455879.6449,2270.15
2026-02-02T00:00:00,2396.62,2157.14,1248535.2114,11149156,614416.942,2347.02
2026-02-03T00:00:00,2359.88,2110.0,1321099.3867,11643770,666418.2157,2233.72
2026-02-04T00:00:00,2295.74,2076.68,1264743.43,10912540,609896.0952,2148.26
2026-02-05T00:00:00,2173.77,1818.18,1952286.6951,13667587,967965.2824,1826.83
2026-02-06T00:00:00,2093.94,1747.8,2102311.5573,12362731,1189792.5763,2063.38
2026-02-07T00:00:00,2121.7,1994.57,1142616.4487,7938360,548585.9421,2087.08
2026-02-08T00:00:00,2152.03,2064.1,482837.2515,4379045,228020.7596,2089.74
2026-02-09T00:00:00,2147.73,2008.62,625378.5569,6331904,315446.5313,2105.02
2026-02-10T00:00:00,2124.71,1989.38,574321.6908,5159394,276990.265,2022.67
2026-02-11T00:00:00,2032.31,1903.19,529655.8177,6450810,259017.7416,1941.18
2026-02-12T00:00:00,2001.42,1897.24,427567.1469,5262808,212467.499,1947.85
2026-02-13T00:00:00,2073.68,1924.72,425649.7698,4695571,215643.6192,2048.72
2026-02-14T00:00:00,2107.67,2042.37,220677.2355,2720271,110065.542,2086.59
2026-02-15T00:00:00,2103.32,1928.88,834778.0952,5864311,323503.2298,1966.58
2026-02-16T00:00:00,2023.51,1937.24,351347.9433,4476026,178158.7858,1998.33
2026-02-17T00:00:00,2015.33,1941.66,406246.9427,6420841,196947.7031,1991.66
2026-02-18T00:00:00,2039.05,1923.78,393639.0086,5176537,191523.6119,1955.91
2026-02-19T00:00:00,1987.55,1907.0,300257.0733,3793608,142030.3122,1949.08
2026-02-20T00:00:00,1981.18,1922.97,386253.5557,3948261,186424.2257,1968.88
2026-02-21T00:00:00,1995.56,1955.62,179173.8456,1362230,91535.9107,1973.35
2026-02-22T00:00:00,1983.13,1935.0,155325.6482,1850073,77240.1124,1957.82
2026-02-23T00:00:00,1958.33,1837.13,547359.4869,6684753,266498.7851,1856.3
2026-02-24T00:00:00,1869.58,1800.0,438064.0284,6607359,205850.4101,1851.94
2026-02-25T00:00:00,2148.39,1846.74,682979.4378,9024746,343230.549,2057.48
2026-02-26T00:00:00,2083.33,1975.35,439783.3566,7142316,224781.9099,2027.68
2026-02-27T00:00:00,2063.52,1887.0,428687.234,5213158,214287.6264,1929.84
2026-02-28T00:00:00,1984.99,1835.36,461680.9835,6186042,229978.4238,1964.51
2026-03-01T00:00:00,2054.8,1907.41,529196.8464,6616298,254547.6476,1939.71
2026-03-02T00:00:00,2090.0,1920.0,577406.3749,9343785,299199.2494,2027.35
2026-03-03T00:00:00,2041.48,1929.56,509329.8534,8311355,254251.3309,1982.8
2026-03-04T00:00:00,2199.0,1945.08,737644.8152,9527323,368171.8559,2127.28
2026-03-05T00:00:00,2163.66,2054.75,432157.8126,6753565,205453.4958,2072.86
2026-03-06T00:00:00,2093.33,1955.95,411597.7569,5601424,197603.9435,1978.68
2026-03-07T00:00:00,1996.04,1948.09,184459.82,2029543,89270.3932,1969.59
2026-03-08T00:00:00,1979.8,1916.14,391189.7317,4044585,190729.8992,1937.1
2026-03-09T00:00:00,2053.52,1929.65,550825.4883,6360581,282877.29,1992.98
2026-03-10T00:00:00,2088.19,1991.0,463411.8739,5226998,240013.7173,2036.51
2026-03-11T00:00:00,2085.58,2007.17,350061.256,4730286,172446.7326,2051.97
2026-03-12T00:00:00,2095.0,2017.59,400507.8132,4757775,196694.8334,2073.52
2026-03-13T00:00:00,2209.03,2070.12,599657.0399,6138489,300361.2151,2092.22
2026-03-14T00:00:00,2106.09,2061.6,152500.5822,1584458,73409.361,2096.16
2026-03-15T00:00:00,2202.87,2083.35,280825.9377,3001730,146142.3746,2178.3
2026-03-16T00:00:00,2386.02,2164.73,845892.7756,7409311,445819.396,2352.97
2026-03-17T00:00:00,2376.66,2294.15,493831.1016,5596636,240136.5065,2317.39
2026-03-18T00:00:00,2350.0,2153.21,488040.8887,5684937,232364.5906,2203.39
2026-03-19T00:00:00,2233.72,2099.38,490791.679,6142160,235483.1788,2137.81
2026-03-20T00:00:00,2176.84,2116.88,300156.1778,4595372,162200.144,2146.22
2026-03-21T00:00:00,2168.27,2070.78,132559.4646,1375463,63249.5812,2084.87
2026-03-22T00:00:00,2127.21,2026.0,313070.5572,3577857,154345.7056,2053.89
2026-03-23T00:00:00,2198.57,2023.04,614508.4369,7349668,310239.9864,2152.03
2026-03-24T00:00:00,2175.16,2103.02,316703.4728,4633093,152304.1675,2156.23
2026-03-25T00:00:00,2199.02,2146.35,275641.5255,3492121,139003.4847,2169.02
2026-03-26T00:00:00,2172.19,2034.54,338010.6238,3890747,171588.2134,2060.43
2026-03-27T00:00:00,2077.19,1970.93,394873.5248,3909237,206051.2798,1992.75
2026-03-28T00:00:00,2047.45,1983.17,154831.8055,1569810,86378.919,1994.74
2026-03-29T00:00:00,2019.65,1938.82,166726.7382,2049808,87697.2438,1984.64
2026-03-30T00:00:00,2085.0,1980.28,338304.4344,3886546,174062.2111,2026.48
2026-03-31T00:00:00,2124.03,2012.64,421897.9023,5013796,218379.1286,2105.43
2026-04-01T00:00:00,2167.85,2082.08,399227.3779,4211533,203721.1114,2140.35
2026-04-02T00:00:00,2159.37,2017.04,346872.8323,4462923,161146.8702,2057.17
2026-04-03T00:00:00,2081.76,2040.66,136266.6393,1741595,64849.8016,2053.83
2026-04-04T00:00:00,2084.0,2044.63,86504.4406,1246022,42789.6573,2065.52
2026-04-05T00:00:00,2123.49,2021.5,157353.3199,2504865,78363.4974,2110.17
2026-04-06T00:00:00,2174.79,2087.5,356054.2894,5330366,180414.5093,2107.16
2026-04-07T00:00:00,2273.87,2060.24,460094.8093,5189711,239252.9777,2240.01
2026-04-08T00:00:00,2270.55,2179.78,404717.6321,4339985,190983.3243,2190.0
2026-04-09T00:00:00,2246.0,2157.31,275317.9503,3756386,135540.5413,2190.2
2026-04-10T00:00:00,2257.99,2176.1,272899.0858,2929213,132077.3122,2245.05
2026-04-11T00:00:00,2329.93,2229.0,214785.4039,1929651,107238.9877,2284.99
2026-04-12T00:00:00,2288.57,2175.0,258156.8821,2575808,125658.2437,2191.65
2026-04-13T00:00:00,2394.71,2175.68,453870.8292,4527557,234599.9045,2369.46
2026-04-14T00:00:00,2415.5,2302.9,460107.3841,3689565,226148.4763,2322.44
2026-04-15T00:00:00,2385.61,2308.5,268190.6377,3232871,126442.7153,2359.95
2026-04-16T00:00:00,2369.59,2285.1,328960.9377,3793210,155922.2439,2348.17
2026-04-17T00:00:00,2464.91,2317.43,491731.3615,4541654,252564.9694,2419.0
2026-04-18T00:00:00,2427.64,2339.92,221741.3888,2045925,98727.0694,2350.32
2026-04-19T00:00:00,2355.3,2252.72,256086.8276,2728260,119800.9019,2263.27
2026-04-20T00:00:00,2346.78,2259.67,301000.0659,3751621,149027.6285,2313.85
2026-04-21T00:00:00,2338.75,2284.19,226645.977,3398934,108621.4578,2327.14
2026-04-22T00:00:00,2423.75,2312.95,379707.1259,4230243,191758.2678,2374.07
2026-04-23T00:00:00,2382.0,2285.42,356645.6923,4079579,169637.8993,2330.26
2026-04-24T00:00:00,2337.5,2300.22,183887.6181,2413824,88184.8381,2314.99
2026-04-25T00:00:00,2323.21,2300.55,68139.2191,658757,33589.8529,2319.5
2026-04-26T00:00:00,2380.0,2306.72,154591.6219,1508570,76876.1717,2369.44
2026-04-27T00:00:00,2404.37,2266.09,300363.8586,3192282,143798.2975,2303.67
2026-04-28T00:00:00,2310.88,2258.24,187932.2201,2346992,94578.0797,2289.42
2026-04-29T00:00:00,2346.95,2220.36,355078.1015,3588292,178999.8027,2252.9
2026-04-30T00:00:00,2279.0,2231.64,167194.2776,2649837,83993.1124,2257.51
2026-05-01T00:00:00,2325.28,2257.21,191082.555,1805481,89533.7329,2295.63
2026-05-02T00:00:00,2343.6,2292.91,85588.4724,870699,45662.7959,2316.97
2026-05-03T00:00:00,2356.92,2297.59,151074.4342,1374290,74492.1738,2322.65
2026-05-04T00:00:00,2398.93,2309.24,453020.7985,4137093,220556.484,2347.16
2026-05-05T00:00:00,2399.5,2344.93,286636.7312,2512190,139328.0697,2360.77
2026-05-06T00:00:00,2423.74,2338.0,420667.3161,3062625,193007.5534,2350.84
2026-05-07T00:00:00,2352.3,2280.1,469521.9378,3191083,177521.5123,2291.06
2026-05-08T00:00:00,2321.22,2265.61,421035.1582,2568056,164773.9995,2307.06
2026-05-09T00:00:00,2338.37,2300.0,230431.157,1248625,90960.5803,2326.44
2026-05-10T00:00:00,2382.53,2311.83,398122.8623,2272749,219121.332,2371.27
2026-05-11T00:00:00,2374.92,2304.0,236962.0552,2594593,103490.2032,2339.87
2026-05-12T00:00:00,2340.85,2256.27,252981.1082,2520381,112560.2947,2274.96
2026-05-13T00:00:00,2323.36,2234.13,258455.7299,2145600,124180.3611,2258.65
2026-05-14T00:00:00,2319.33,2238.64,256680.8359,2730407,127752.3579,2283.25
2026-05-15T00:00:00,2300.29,2205.11,288536.5507,2977308,123184.0319,2224.66
2026-05-16T00:00:00,2231.51,2162.55,199288.5761,1541883,91742.2991,2180.77
2026-05-17T00:00:00,2198.14,2091.48,175116.8149,1638605,83798.741,2131.0
2026-05-18T00:00:00,2157.24,2077.23,381878.3932,3981985,183892.1637,2130.08
2026-05-19T00:00:00,2146.95,2094.47,186945.075,2356965,86073.6731,2111.93
2026-05-20T00:00:00,2149.0,2103.29,189088.294,2256505,93912.9824,2129.44
2026-05-21T00:00:00,2157.5,2105.15,232889.1117,2526150,118956.068,2133.76
2026-05-22T00:00:00,2141.39,2057.79,221783.2548,2344218,109989.3764,2065.85
2026-05-23T00:00:00,2149.95,2009.3,350546.2289,2641732,186016.0823,2117.68
2026-05-24T00:00:00,2132.14,2063.0,197748.7605,1928016,95960.6284,2099.85
2026-05-25T00:00:00,2141.98,2092.26,166428.5979,1786621,86258.1599,2113.01
2026-05-26T00:00:00,2140.49,2055.06,282553.3096,2963706,125284.8456,2073.77
2026-05-27T00:00:00,2097.4,2016.0,267963.1573,3056962,121588.1389,2024.84
2026-05-28T00:00:00,2030.0,1967.0,363834.9211,3609031,176081.0293,2009.9
2026-05-29T00:00:00,2046.59,1976.48,283145.695,2925370,142075.6321,2014.54
2026-05-30T00:00:00,2032.0,2002.0,97977.5349,969371,51565.2626,2022.44
2026-05-31T00:00:00,2038.0,1993.75,163735.4958,1454319,69842.5033,2007.01
2026-06-01T00:00:00,2021.5,1956.04,374428.2839,3806222,189965.6217,2006.73
2026-06-02T00:00:00,2006.78,1839.02,556885.5418,5759311,262471.3967,1859.84
2026-06-03T00:00:00,1893.07,1769.62,584760.4818,6496256,291410.2577,1813.05
2026-06-04T00:00:00,1820.5,1717.28,648306.1051,8222751,313120.6405,1770.77
2026-06-05T00:00:00,1774.99,1540.19,1257013.1608,13017779,605408.4543,1583.4
2026-06-06T00:00:00,1601.22,1505.68,558458.3672,6254953,267600.8258,1569.69
2026-06-07T00:00:00,1721.93,1564.1,458280.5909,5095675,228933.854,1690.51
2026-06-08T00:00:00,1714.5,1645.0,480027.3121,5759621,245621.2272,1690.49
2026-06-09T00:00:00,1696.88,1614.02,384147.2349,4501516,174461.5449,1639.52
2026-06-10T00:00:00,1667.96,1603.44,290791.2819,4680030,144480.8587,1621.59
2026-06-11T00:00:00,1693.59,1621.6,278507.7204,3410263,146755.8289,1673.46
2026-06-12T00:00:00,1691.07,1652.09,201888.0102,2888517,103835.6453,1666.41
2026-06-13T00:00:00,1697.28,1662.2,106751.6077,1222979,57726.9957,1681.18
2026-06-14T00:00:00,1732.28,1654.9,178009.9541,1935991,90922.7855,1725.62
2026-06-15T00:00:00,1849.54,1709.66,464135.2553,3136116,226908.449,1796.13
2026-06-16T00:00:00,1839.77,1758.0,353577.549,3651200,175935.254,1792.99
2026-06-17T00:00:00,1810.21,1725.34,334498.0575,4175463,156023.0739,1750.6
2026-06-18T00:00:00,1762.99,1671.79,312480.9656,3404966,150925.452,1711.11
2026-06-19T00:00:00,1719.51,1679.11,165078.1984,2339768,86541.467,1711.19
2026-06-20T00:00:00,1749.55,1704.06,159791.8211,1842588,85441.3878,1741.08
2026-06-21T00:00:00,1741.45,1702.0,123762.4689,1658599,60145.8081,1706.94
2026-06-22T00:00:00,1779.9,1706.94,262657.182,3303043,132053.0362,1728.19
2026-06-23T00:00:00,1736.25,1635.65,248262.012,3415279,120633.5298,1667.13
2026-06-24T00:00:00,1693.67,1552.95,355728.3403,5254099,177192.2396,1622.17
2026-06-25T00:00:00,1660.54,1532.9,440671.005,4454580,236247.0286,1567.84
2026-06-26T00:00:00,1594.7,1512.0,423691.4393,4010582,219134.2695,1578.68
2026-06-27T00:00:00,1611.02,1562.86,131592.3598,1281824,67386.1857,1573.99
2026-06-28T00:00:00,1588.82,1548.37,140181.1417,1506628,70060.9956,1571.96
2026-06-29T00:00:00,1637.58,1550.43,309968.9748,2959728,155013.503,1613.07
2026-06-30T00:00:00,1614.41,1550.2,222057.2042,2013738,104379.84,1572.01
2026-07-01T00:00:00,1646.26,1552.92,306536.311,2678598,156369.5022,1609.58
2026-07-02T00:00:00,1725.0,1597.22,373453.5082,2999563,199786.5508,1700.57
2026-07-03T00:00:00,1775.78,1694.72,244416.868,2558467,129829.1354,1758.21
2026-07-04T00:00:00,1807.65,1744.09,190880.1497,1984105,98915.7658,1780.64
2026-07-05T00:00:00,1808.0,1748.79,389673.4191,2710301,186115.1562,1785.65
2026-07-06T00:00:00,1833.4,1728.95,305879.3304,2770665,156283.9234,1799.56
2026-07-07T00:00:00,1813.16,1757.57,241536.7253,2520272,117218.5185,1771.45
2026-07-08T00:00:00,1785.0,1713.44,225231.2254,2459826,107440.578,1743.54
2026-07-09T00:00:00,1762.36,1721.93,173705.2572,1852063,87235.1274,1745.16
2026-07-10T00:00:00,1812.0,1737.68,215605.8045,1885371,111540.9027,1796.85
2026-07-11T00:00:00,1830.0,1786.58,178703.4183,1196630,82847.9976,1787.76
2026-07-12T00:00:00,1826.92,1779.46,141072.9835,1163165,67542.1325,1806.8
2026-07-13T00:00:00,1846.0,1750.2,295031.6198,2649302,139033.3963,1776.72
2026-07-14T00:00:00,1896.14,1773.41,368913.772,3283907,202166.4648,1891.87
2026-07-15T00:00:00,1946.52,1864.38,319800.9693,2766157,164441.1035,1917.86
2026-07-16T00:00:00,1929.48,1857.54,271689.0863,2577028,124124.427,1864.71
2026-07-17T00:00:00,1871.08,1803.05,253027.7556,2654101,127019.9006,1841.93
2026-07-18T00:00:00,1867.58,1837.58,92597.9232,898148,49679.7706,1862.61
2026-07-19T00:00:00,1879.38,1851.71,143922.6662,1375145,72477.4109,1872.23
2026-07-20T00:00:00,1918.16,1843.14,271195.633,2898762,139935.4434,1904.77
2026-07-21T00:00:00,1953.0,1900.74,326965.6779,2430342,178850.1688,1930.09
2026-07-22T00:00:00,1956.45,1910.68,251140.8253,2535468,123958.4642,1934.25
2026-07-23T00:00:00,1941.5,1869.44,219789.0733,2040809,99799.0967,1878.38
2026-07-24T00:00:00,1909.8,1848.09,200795.4361,2134534,102087.8997,1861.44
2026-07-25T00:00:00,1877.07,1851.22,88434.488,763113,45312.7075,1874.89
2026-07-26T00:00:00,1967.36,1873.85,153233.6949,1515963,80698.9915,1954.72
2026-07-27T00:00:00,1981.24,1882.49,342451.48,3195743,162403.1192,1892.53
2026-07-28T00:00:00,1929.67,1856.88,289225.1629,2505196,142104.8161,1922.23
2026-07-29T00:00:00,1935.68,1872.0,298562.344,3050869,146699.4645,1910.72
2026-07-30T00:00:00,1936.99,1893.99,176531.6818,1937149,88629.7538,1918.31
2026-07-31T00:00:00,1936.15,1848.7,242904.7865,2209134,105152.1456,1862.6
