date,BTC.high_4,BTC.high_3,BTC.high_2,BTC.high_1,BTC.high,BTC.low_4,BTC.low_3,BTC.low_2,BTC.low_1,BTC.low,BTC.volume_4,BTC.volume_3,BTC.volume_2,BTC.volume_1,BTC.volume,BTC.return_4,BTC.return_3,BTC.return_2,BTC.return_1,BTC.return,BTC.close_4,BTC.close_3,BTC.close_2,BTC.close_1,BTC.close,SOL.high_4,SOL.high_3,SOL.high_2,SOL.high_1,SOL.high,SOL.low_4,SOL.low_3,SOL.low_2,SOL.low_1,SOL.low,SOL.volume_4,SOL.volume_3,SOL.volume_2,SOL.volume_1,SOL.volume,SOL.return_4,SOL.return_3,SOL.return_2,SOL.return_1,SOL.return,SOL.close_4,SOL.close_3,SOL.close_2,SOL.close_1,SOL.close,ETH.high_4,ETH.high_3,ETH.high_2,ETH.high_1,ETH.high,ETH.low_4,ETH.low_3,ETH.low_2,ETH.low_1,ETH.low,ETH.volume_4,ETH.volume_3,ETH.volume_2,ETH.volume_1,ETH.volume,ETH.return_4,ETH.return_3,ETH.return_2,ETH.return_1,ETH.return,ETH.close_4,ETH.close_3,ETH.close_2,ETH.close_1,ETH.close,target
2025-11-30T01:54:34,90656.08,91950,93092,91165.65,92000.01,86306.77,90089.91,90180.63,90155.47,90336.9,21675.82239,16833.50932,18830.86012,7429.88291,9687.74175,0.00939315,-0.004853069,-9.71E-04,-0.004872556,-0.045086211,90484.02,91333.95,90890.7,90802.44,90360,144.75,144.29,143.6,138.1,140.19,135.5,140.47,136.01,134.76,133.26,4021862.67,2331673.189,3502510.031,1859321.171,2608165.329,-0.015172703,-0.024991125,-0.010340057,-0.017879479,-0.051093797,143.02,140.85,137.33,135.91,133.48,3045,3071.37,3099,3052.64,3053.02,2888.69,2985.78,2994.36,2961.91,2975.3,364535.326,274980.3955,346616.0275,217904.1303,182722.4253,-0.003743524,0.005279863,-0.013852828,7.025385058010825E-4,-0.064250517,3026.56,3015.23,3031.15,2989.16,2991.26,2799.07
2025-12-01T01:54:34,91950,93092,91165.65,92000.01,90417,90089.91,90180.63,90155.47,90336.9,83822.76,16833.50932,18830.86012,7429.88291,9687.74175,34509.01227,-0.004853069,-9.71E-04,-0.004872556,-0.045086211,0.057852599743573846,91333.95,90890.7,90802.44,90360,86286.01,144.29,143.6,138.1,140.19,133.74,140.47,136.01,134.76,133.26,123.11,2331673.189,3502510.031,1859321.171,2608165.329,5007504.057,-0.024991125,-0.010340057,-0.017879479,-0.051093797,0.094899732,140.85,137.33,135.91,133.48,126.66,3071.37,3099,3052.64,3053.02,2999.47,2985.78,2994.36,2961.91,2975.3,2716.04,274980.3955,346616.0275,217904.1303,182722.4253,849002.9909,0.005279863,-0.013852828,7.025385058010825E-4,-0.064250517,0.070380519,3015.23,3031.15,2989.16,2991.26,2799.07,2996.07
2025-12-02T01:54:34,93092,91165.65,92000.01,90417,92307.65,90180.63,90155.47,90336.9,83822.76,86184.39,18830.86012,7429.88291,9687.74175,34509.01227,28210.22732,-9.71E-04,-0.004872556,-0.045086211,0.057852599743573846,0.023577125147954712,90890.7,90802.44,90360,86286.01,91277.88,143.6,138.1,140.19,133.74,140.88,136.01,134.76,133.26,123.11,126.01,3502510.031,1859321.171,2608165.329,5007504.057,5022856.747,-0.010340057,-0.017879479,-0.051093797,0.094899732,0.043192962,137.33,135.91,133.48,126.66,138.68,3099,3052.64,3053.02,2999.47,3033.76,2994.36,2961.91,2975.3,2716.04,2782.19,346616.0275,217904.1303,182722.4253,849002.9909,523707.3586,-0.013852828,7.025385058010825E-4,-0.064250517,0.070380519,0.064180743,3031.15,2989.16,2991.26,2799.07,2996.07,3188.36
2025-12-03T01:54:34,91165.65,92000.01,90417,92307.65,94150,90155.47,90336.9,83822.76,86184.39,90990.23,7429.88291,9687.74175,34509.01227,28210.22732,25712.52585,-0.004872556,-0.045086211,0.057852599743573846,0.023577125147954712,-0.014469557,90802.44,90360,86286.01,91277.88,93429.95,138.1,140.19,133.74,140.88,146.08,134.76,133.26,123.11,126.01,137.76,1859321.171,2608165.329,5007504.057,5022856.747,3954144.805,-0.017879479,-0.051093797,0.094899732,0.043192962,-0.039123522,135.91,133.48,126.66,138.68,144.67,3052.64,3053.02,2999.47,3033.76,3214.99,2961.91,2975.3,2716.04,2782.19,2985.58,217904.1303,182722.4253,849002.9909,523707.3586,553669.8146,7.025385058010825E-4,-0.064250517,0.070380519,0.064180743,-0.017281612,2989.16,2991.26,2799.07,2996.07,3188.36,3133.26
2025-12-04T01:54:34,92000.01,90417,92307.65,94150,94080,90336.9,83822.76,86184.39,90990.23,90889,9687.74175,34509.01227,28210.22732,25712.52585,19803.94059,-0.045086211,0.057852599743573846,0.023577125147954712,-0.014469557,-0.02984446,90360,86286.01,91277.88,93429.95,92078.06,140.19,133.74,140.88,146.08,146.91,133.26,123.11,126.01,137.76,137.8,2608165.329,5007504.057,5022856.747,3954144.805,2694242.241,-0.051093797,0.094899732,0.043192962,-0.039123522,-0.041148119,133.48,126.66,138.68,144.67,139.01,3053.02,2999.47,3033.76,3214.99,3240.35,2975.3,2716.04,2782.19,2985.58,3066.37,182722.4253,849002.9909,523707.3586,553669.8146,486698.3987,-0.064250517,0.070380519,0.064180743,-0.017281612,-0.035579556,2991.26,2799.07,2996.07,3188.36,3133.26,3021.78
2025-12-05T01:54:34,90417,92307.65,94150,94080,92692.36,83822.76,86184.39,90990.23,90889,88056,34509.01227,28210.22732,25712.52585,19803.94059,19792.97218,0.057852599743573846,0.023577125147954712,-0.014469557,-0.02984446,-0.001043882,86286.01,91277.88,93429.95,92078.06,89330.04,133.74,140.88,146.08,146.91,140.75,123.11,126.01,137.76,137.8,130.73,5007504.057,5022856.747,3954144.805,2694242.241,3367359.143,0.094899732,0.043192962,-0.039123522,-0.041148119,-0.008252682,126.66,138.68,144.67,139.01,133.29,2999.47,3033.76,3214.99,3240.35,3193.33,2716.04,2782.19,2985.58,3066.37,2983.08,849002.9909,523707.3586,553669.8146,486698.3987,530382.8986,0.070380519,0.064180743,-0.017281612,-0.035579556,0.005387553,2799.07,2996.07,3188.36,3133.26,3021.78,3038.06
2025-12-06T01:54:34,92307.65,94150,94080,92692.36,90289.97,86184.39,90990.23,90889,88056,88908.01,28210.22732,25712.52585,19803.94059,19792.97218,8409.50016,0.023577125147954712,-0.014469557,-0.02984446,-0.001043882,0.012982537807556774,91277.88,93429.95,92078.06,89330.04,89236.79,140.88,146.08,146.91,140.75,134.13,126.01,137.76,137.8,130.73,131.28,5022856.747,3954144.805,2694242.241,3367359.143,1341595.431,0.043192962,-0.039123522,-0.041148119,-0.008252682,3.782434374764458E-4,138.68,144.67,139.01,133.29,132.19,3033.76,3214.99,3240.35,3193.33,3069,2782.19,2985.58,3066.37,2983.08,3012.58,523707.3586,553669.8146,486698.3987,530382.8986,159721.2488,0.064180743,-0.017281612,-0.035579556,0.005387553,0.00717234,2996.07,3188.36,3133.26,3021.78,3038.06,3059.85
2025-12-07T01:54:34,94150,94080,92692.36,90289.97,91760,90990.23,90889,88056,88908.01,87719.28,25712.52585,19803.94059,19792.97218,8409.50016,13021.11185,-0.014469557,-0.02984446,-0.001043882,0.012982537807556774,0.002644274,93429.95,92078.06,89330.04,89236.79,90395.31,146.08,146.91,140.75,134.13,136.35,137.76,137.8,130.73,131.28,127.7,3954144.805,2694242.241,3367359.143,1341595.431,3131804.491,-0.039123522,-0.041148119,-0.008252682,3.782434374764458E-4,0.007637629,144.67,139.01,133.29,132.19,132.24,3214.99,3240.35,3193.33,3069,3150,2985.58,3066.37,2983.08,3012.58,2907.52,553669.8146,486698.3987,530382.8986,159721.2488,391129.675,-0.017281612,-0.035579556,0.005387553,0.00717234,0.02101737,3188.36,3133.26,3021.78,3038.06,3059.85,3124.16
2025-12-08T01:54:34,94080,92692.36,90289.97,91760,92287.15,90889,88056,88908.01,87719.28,89612,19803.94059,19792.97218,8409.50016,13021.11185,15793.63887,-0.02984446,-0.001043882,0.012982537807556774,0.002644274,0.022557234,92078.06,89330.04,89236.79,90395.31,90634.34,146.91,140.75,134.13,136.35,139.36,137.8,130.73,131.28,127.7,131.52,2694242.241,3367359.143,1341595.431,3131804.491,3245115.426,-0.041148119,-0.008252682,3.782434374764458E-4,0.007637629,0.034746717,139.01,133.29,132.19,132.24,133.25,3240.35,3193.33,3069,3150,3180.51,3066.37,2983.08,3012.58,2907.52,3040.87,486698.3987,530382.8986,159721.2488,391129.675,452820.2207,-0.035579556,0.005387553,0.00717234,0.02101737,0.062058281266004336,3133.26,3021.78,3038.06,3059.85,3124.16,3318.04
2025-12-09T01:54:34,92692.36,90289.97,91760,92287.15,94588.99,88056,88908.01,87719.28,89612,89500,19792.97218,8409.50016,13021.11185,15793.63887,21240.43014,-0.001043882,0.012982537807556774,0.002644274,0.022557234,-0.007158379,89330.04,89236.79,90395.31,90634.34,92678.8,140.75,134.13,136.35,139.36,144.93,130.73,131.28,127.7,131.52,131.62,3367359.143,1341595.431,3131804.491,3245115.426,4508522.034,-0.008252682,3.782434374764458E-4,0.007637629,0.034746717,-0.011749347,133.29,132.19,132.24,133.25,137.88,3193.33,3069,3150,3180.51,3397.85,2983.08,3012.58,2907.52,3040.87,3090.8,530382.8986,159721.2488,391129.675,452820.2207,603859.9458,0.005387553,0.00717234,0.02101737,0.062058281266004336,0.001838435,3021.78,3038.06,3059.85,3124.16,3318.04,3324.14
2025-12-10T01:54:34,90289.97,91760,92287.15,94588.99,94476,88908.01,87719.28,89612,89500,91563.15,8409.50016,13021.11185,15793.63887,21240.43014,18998.68083,0.012982537807556774,0.002644274,0.022557234,-0.007158379,0.005412248,89236.79,90395.31,90634.34,92678.8,92015.37,134.13,136.35,139.36,144.93,142.57,131.28,127.7,131.52,131.62,135.39,1341595.431,3131804.491,3245115.426,4508522.034,4520230.276,3.782434374764458E-4,0.007637629,0.034746717,-0.011749347,0.001100837,132.19,132.24,133.25,137.88,136.26,3069,3150,3180.51,3397.85,3447.44,3012.58,2907.52,3040.87,3090.8,3288.1,159721.2488,391129.675,452820.2207,603859.9458,539585.4535,0.00717234,0.02101737,0.062058281266004336,0.001838435,-0.026096975,3038.06,3059.85,3124.16,3318.04,3324.14,3237.39
2025-12-11T01:54:34,91760,92287.15,94588.99,94476,93555,87719.28,89612,89500,91563.15,89260.63,13021.11185,15793.63887,21240.43014,18998.68083,19972.58758,0.002644274,0.022557234,-0.007158379,0.005412248,-0.024266328,90395.31,90634.34,92678.8,92015.37,92513.38,136.35,139.36,144.93,142.57,137.79,127.7,131.52,131.62,135.39,129,3131804.491,3245115.426,4508522.034,4520230.276,4377697.036,0.007637629,0.034746717,-0.011749347,0.001100837,-0.030349681,132.24,133.25,137.88,136.26,136.41,3150,3180.51,3397.85,3447.44,3327.37,2907.52,3040.87,3090.8,3288.1,3145.28,391129.675,452820.2207,603859.9458,539585.4535,504114.2391,0.02101737,0.062058281266004336,0.001838435,-0.026096975,-0.047115114,3059.85,3124.16,3318.04,3324.14,3237.39,3084.86
2025-12-12T01:54:34,92287.15,94588.99,94476,93555,92754,89612,89500,91563.15,89260.63,89480,15793.63887,21240.43014,18998.68083,19972.58758,16679.19169,0.022557234,-0.007158379,0.005412248,-0.024266328,-3.15E-04,90634.34,92678.8,92015.37,92513.38,90268.42,139.36,144.93,142.57,137.79,140.12,131.52,131.62,135.39,129,130.35,3245115.426,4508522.034,4520230.276,4377697.036,4005608.262,0.034746717,-0.011749347,0.001100837,-0.030349681,0.006577455,133.25,137.88,136.26,136.41,132.27,3180.51,3397.85,3447.44,3327.37,3265.5,3040.87,3090.8,3288.1,3145.28,3045.31,452820.2207,603859.9458,539585.4535,504114.2391,435686.4435,0.062058281266004336,0.001838435,-0.026096975,-0.047115114,0.009653599,3124.16,3318.04,3324.14,3237.39,3084.86,3114.64
2025-12-13T01:54:34,94588.99,94476,93555,92754,90634.55,89500,91563.15,89260.63,89480,89766.39,21240.43014,18998.68083,19972.58758,16679.19169,5895.70788,-0.007158379,0.005412248,-0.024266328,-3.15E-04,-0.022914891,92678.8,92015.37,92513.38,90268.42,90240.01,144.93,142.57,137.79,140.12,134.28,131.62,135.39,129,130.35,131.6,4508522.034,4520230.276,4377697.036,4005608.262,1472483.735,-0.011749347,0.001100837,-0.030349681,0.006577455,-0.028090732,137.88,136.26,136.41,132.27,133.14,3397.85,3447.44,3327.37,3265.5,3135.68,3090.8,3288.1,3145.28,3045.31,3078.6,603859.9458,539585.4535,504114.2391,435686.4435,136465.7567,0.001838435,-0.026096975,-0.047115114,0.009653599,-0.016419233,3318.04,3324.14,3237.39,3084.86,3114.64,3063.5
2025-12-14T01:54:34,94476,93555,92754,90634.55,90472.4,91563.15,89260.63,89480,89766.39,87577.36,18998.68083,19972.58758,16679.19169,5895.70788,9416.94004,0.005412248,-0.024266328,-3.15E-04,-0.022914891,-0.019735139,92015.37,92513.38,90268.42,90240.01,88172.17,142.57,137.79,140.12,134.28,133.66,135.39,129,130.35,131.6,127.98,4520230.276,4377697.036,4005608.262,1472483.735,1731614.637,0.001100837,-0.030349681,0.006577455,-0.028090732,-0.012287481,136.26,136.41,132.27,133.14,129.4,3447.44,3327.37,3265.5,3135.68,3129.54,3288.1,3145.28,3045.31,3078.6,3024.44,539585.4535,504114.2391,435686.4435,136465.7567,279058.3545,-0.026096975,-0.047115114,0.009653599,-0.016419233,-0.03220173,3324.14,3237.39,3084.86,3114.64,3063.5,2964.85
2025-12-15T01:54:34,93555,92754,90634.55,90472.4,90052.64,89260.63,89480,89766.39,87577.36,85146.64,19972.58758,16679.19169,5895.70788,9416.94004,19778.6919,-0.024266328,-3.15E-04,-0.022914891,-0.019735139,0.016560286412174698,92513.38,90268.42,90240.01,88172.17,86432.08,137.79,140.12,134.28,133.66,135.43,129,130.35,131.6,127.98,123.63,4377697.036,4005608.262,1472483.735,1731614.637,3922431,-0.030349681,0.006577455,-0.028090732,-0.012287481,0.010484312651592234,136.41,132.27,133.14,129.4,127.81,3327.37,3265.5,3135.68,3129.54,3177.5,3145.28,3045.31,3078.6,3024.44,2894.57,504114.2391,435686.4435,136465.7567,279058.3545,520509.9555,-0.047115114,0.009653599,-0.016419233,-0.03220173,-8.60E-04,3237.39,3084.86,3114.64,3063.5,2964.85,2962.3
2025-12-16T01:54:34,92754,90634.55,90472.4,90052.64,88175.98,89480,89766.39,87577.36,85146.64,85266,16679.19169,5895.70788,9416.94004,19778.6919,18456.05017,-3.15E-04,-0.022914891,-0.019735139,0.016560286412174698,-0.018439983,90268.42,90240.01,88172.17,86432.08,87863.42,140.12,134.28,133.66,135.43,130.14,130.35,131.6,127.98,123.63,124.87,4005608.262,1472483.735,1731614.637,3922431,2884783.998,0.006577455,-0.028090732,-0.012287481,0.010484312651592234,-0.045528455,132.27,133.14,129.4,127.81,129.15,3265.5,3135.68,3129.54,3177.5,2981.87,3045.31,3078.6,3024.44,2894.57,2876,435686.4435,136465.7567,279058.3545,520509.9555,378293.1159,0.009653599,-0.016419233,-0.03220173,-8.60E-04,-0.043483104,3084.86,3114.64,3063.5,2964.85,2962.3,2833.49
2025-12-17T01:54:34,90634.55,90472.4,90052.64,88175.98,90365.85,89766.39,87577.36,85146.64,85266,85314,5895.70788,9416.94004,19778.6919,18456.05017,19834.11729,-0.022914891,-0.019735139,0.016560286412174698,-0.018439983,-0.008427445,90240.01,88172.17,86432.08,87863.42,86243.22,134.28,133.66,135.43,130.14,133.99,131.6,127.98,123.63,124.87,121.36,1472483.735,1731614.637,3922431,2884783.998,4525580.216,-0.028090732,-0.012287481,0.010484312651592234,-0.045528455,-0.029772045,133.14,129.4,127.81,129.15,123.27,3135.68,3129.54,3177.5,2981.87,3030.92,3078.6,3024.44,2894.57,2876,2791.02,136465.7567,279058.3545,520509.9555,378293.1159,497630.4162,-0.016419233,-0.03220173,-8.60E-04,-0.043483104,-0.001736375,3114.64,3063.5,2964.85,2962.3,2833.49,2828.57
2025-12-18T01:54:34,90472.4,90052.64,88175.98,90365.85,89477.61,87577.36,85146.64,85266,85314,84450.01,9416.94004,19778.6919,18456.05017,19834.11729,25405.41763,-0.019735139,0.016560286412174698,-0.018439983,-0.008427445,0.030643592264923174,88172.17,86432.08,87863.42,86243.22,85516.41,133.66,135.43,130.14,133.99,129.05,127.98,123.63,124.87,121.36,116.88,1731614.637,3922431,2884783.998,4525580.216,4790795.008,-0.012287481,0.010484312651592234,-0.045528455,-0.029772045,0.055769230769230786,129.4,127.81,129.15,123.27,119.6,3129.54,3177.5,2981.87,3030.92,2997.4,3024.44,2894.57,2876,2791.02,2775.19,279058.3545,520509.9555,378293.1159,497630.4162,595253.7997,-0.03220173,-8.60E-04,-0.043483104,-0.001736375,0.053359118,3063.5,2964.85,2962.3,2833.49,2828.57,2979.5
2025-12-19T01:54:34,90052.64,88175.98,90365.85,89477.61,89399.97,85146.64,85266,85314,84450.01,85110.24,19778.6919,18456.05017,19834.11729,25405.41763,21256.65004,0.016560286412174698,-0.018439983,-0.008427445,0.030643592264923174,0.002541046,86432.08,87863.42,86243.22,85516.41,88136.94,135.43,130.14,133.99,129.05,127.87,123.63,124.87,121.36,116.88,117.61,3922431,2884783.998,4525580.216,4790795.008,4090548.592,0.010484312651592234,-0.045528455,-0.029772045,0.055769230769230786,-0.003642987,127.81,129.15,123.27,119.6,126.27,3177.5,2981.87,3030.92,2997.4,3020,2894.57,2876,2791.02,2775.19,2808.63,520509.9555,378293.1159,497630.4162,595253.7997,531702.5439,-8.60E-04,-0.043483104,-0.001736375,0.053359118,-5.27E-04,2964.85,2962.3,2833.49,2828.57,2979.5,2977.93
2025-12-20T01:54:34,88175.98,90365.85,89477.61,89399.97,88573.07,85266,85314,84450.01,85110.24,87795.76,18456.05017,19834.11729,25405.41763,21256.65004,5123.13194,-0.018439983,-0.008427445,0.030643592264923174,0.002541046,0.00337208,87863.42,86243.22,85516.41,88136.94,88360.9,130.14,133.99,129.05,127.87,126.89,124.87,121.36,116.88,117.61,125.3,2884783.998,4525580.216,4790795.008,4090548.592,1229353.586,-0.045528455,-0.029772045,0.055769230769230786,-0.003642987,0.001748669,129.15,123.27,119.6,126.27,125.81,2981.87,3030.92,2997.4,3020,2994.41,2876,2791.02,2775.19,2808.63,2964.17,378293.1159,497630.4162,595253.7997,531702.5439,91783.7734,-0.043483104,-0.001736375,0.053359118,-5.27E-04,0.008089512,2962.3,2833.49,2828.57,2979.5,2977.93,3002.02
2025-12-21T01:54:34,90365.85,89477.61,89399.97,88573.07,89081.77,85314,84450.01,85110.24,87795.76,87600.04,19834.11729,25405.41763,21256.65004,5123.13194,7132.87258,-0.008427445,0.030643592264923174,0.002541046,0.00337208,-4.29E-04,86243.22,85516.41,88136.94,88360.9,88658.86,133.99,129.05,127.87,126.89,126.62,121.36,116.88,117.61,125.3,123.4,4525580.216,4790795.008,4090548.592,1229353.586,1812103.189,-0.029772045,0.055769230769230786,-0.003642987,0.001748669,-7.93E-04,123.27,119.6,126.27,125.81,126.03,3030.92,2997.4,3020,2994.41,3013.4,2791.02,2775.19,2808.63,2964.17,2944,497630.4162,595253.7997,531702.5439,91783.7734,162244.8067,-0.001736375,0.053359118,-5.27E-04,0.008089512,0.002488325,2833.49,2828.57,2979.5,2977.93,3002.02,3009.49
2025-12-22T01:54:34,89477.61,89399.97,88573.07,89081.77,90588.23,84450.01,85110.24,87795.76,87600.04,87900,25405.41763,21256.65004,5123.13194,7132.87258,14673.2197,0.030643592264923174,0.002541046,0.00337208,-4.29E-04,-0.012805009,85516.41,88136.94,88360.9,88658.86,88620.79,129.05,127.87,126.89,126.62,128.78,116.88,117.61,125.3,123.4,124.2,4790795.008,4090548.592,1229353.586,1812103.189,2667589.146,0.055769230769230786,-0.003642987,0.001748669,-7.93E-04,-0.015246566,119.6,126.27,125.81,126.03,125.93,2997.4,3020,2994.41,3013.4,3077.39,2775.19,2808.63,2964.17,2944,2963.43,595253.7997,531702.5439,91783.7734,162244.8067,298443.5633,0.053359118,-5.27E-04,0.008089512,0.002488325,-0.01477659,2828.57,2979.5,2977.93,3002.02,3009.49,2965.02
2025-12-23T01:54:34,89399.97,88573.07,89081.77,90588.23,88940,85110.24,87795.76,87600.04,87900,86601.9,21256.65004,5123.13194,7132.87258,14673.2197,13910.32904,0.002541046,0.00337208,-4.29E-04,-0.012805009,0.002096907,88136.94,88360.9,88658.86,88620.79,87486,127.87,126.89,126.62,128.78,126.93,117.61,125.3,123.4,124.2,122.16,4090548.592,1229353.586,1812103.189,2667589.146,2440030.872,-0.003642987,0.001748669,-7.93E-04,-0.015246566,-0.011934521,126.27,125.81,126.03,125.93,124.01,3020,2994.41,3013.4,3077.39,3035.79,2808.63,2964.17,2944,2963.43,2900.93,531702.5439,91783.7734,162244.8067,298443.5633,386465.747,-5.27E-04,0.008089512,0.002488325,-0.01477659,-0.005919016,2979.5,2977.93,3002.02,3009.49,2965.02,2947.47
2025-12-24T01:54:34,88573.07,89081.77,90588.23,88940,88049.89,87795.76,87600.04,87900,86601.9,86420,5123.13194,7132.87258,14673.2197,13910.32904,9140.8432,0.00337208,-4.29E-04,-0.012805009,0.002096907,-0.005066531,88360.9,88658.86,88620.79,87486,87669.45,126.89,126.62,128.78,126.93,124.3,125.3,123.4,124.2,122.16,120.63,1229353.586,1812103.189,2667589.146,2440030.872,1605450.498,0.001748669,-7.93E-04,-0.015246566,-0.011934521,-0.020158329,125.81,126.03,125.93,124.01,122.53,2994.41,3013.4,3077.39,3035.79,2978.15,2964.17,2944,2963.43,2900.93,2888.7,91783.7734,162244.8067,298443.5633,386465.747,197035.5598,0.008089512,0.002488325,-0.01477659,-0.005919016,-0.014765205,2977.93,3002.02,3009.49,2965.02,2947.47,2903.95
2025-12-25T01:54:34,89081.77,90588.23,88940,88049.89,88592.74,87600.04,87900,86601.9,86420,86934.72,7132.87258,14673.2197,13910.32904,9140.8432,7096.58235,-4.29E-04,-0.012805009,0.002096907,-0.005066531,0.001654222,88658.86,88620.79,87486,87669.45,87225.27,126.62,128.78,126.93,124.3,124.46,123.4,124.2,122.16,120.63,119.71,1812103.189,2667589.146,2440030.872,1605450.498,1818325.148,-7.93E-04,-0.015246566,-0.011934521,-0.020158329,0.018324171247709502,126.03,125.93,124.01,122.53,120.06,3013.4,3077.39,3035.79,2978.15,2971.46,2944,2963.43,2900.93,2888.7,2891.2,162244.8067,298443.5633,386465.747,197035.5598,188721.2981,0.002488325,-0.01477659,-0.005919016,-0.014765205,0.008278379,3002.02,3009.49,2965.02,2947.47,2903.95,2927.99
2025-12-26T01:54:34,90588.23,88940,88049.89,88592.74,89567.75,87900,86601.9,86420,86934.72,86655.08,14673.2197,13910.32904,9140.8432,7096.58235,18344.61505,-0.012805009,0.002096907,-0.005066531,0.001654222,0.005808087,88620.79,87486,87669.45,87225.27,87369.56,128.78,126.93,124.3,124.46,125.14,124.2,122.16,120.63,119.71,119.24,2667589.146,2440030.872,1605450.498,1818325.148,3326516.562,-0.015246566,-0.011934521,-0.020158329,0.018324171247709502,0.020202846392933082,125.93,124.01,122.53,120.06,122.26,3077.39,3035.79,2978.15,2971.46,2994.38,2963.43,2900.93,2888.7,2891.2,2894.26,298443.5633,386465.747,197035.5598,188721.2981,314830.9989,-0.01477659,-0.005919016,-0.014765205,0.008278379,0.007192648,3009.49,2965.02,2947.47,2903.95,2927.99,2949.05
2025-12-27T01:54:34,88940,88049.89,88592.74,89567.75,87984,86601.9,86420,86934.72,86655.08,87253.05,13910.32904,9140.8432,7096.58235,18344.61505,4469.55156,0.002096907,-0.005066531,0.001654222,0.005808087,8.614312207483123E-4,87486,87669.45,87225.27,87369.56,87877.01,126.93,124.3,124.46,125.14,125.08,122.16,120.63,119.71,119.24,121.86,2440030.872,1605450.498,1818325.148,3326516.562,1357802.112,-0.011934521,-0.020158329,0.018324171247709502,0.020202846392933082,0.004329351,124.01,122.53,120.06,122.26,124.73,3035.79,2978.15,2971.46,2994.38,2960.89,2900.93,2888.7,2891.2,2894.26,2917.13,386465.747,197035.5598,188721.2981,314830.9989,95040.3956,-0.005919016,-0.014765205,0.008278379,0.007192648,6.307115850866118E-4,2965.02,2947.47,2903.95,2927.99,2949.05,2950.91
2025-12-28T01:54:34,88049.89,88592.74,89567.75,87984,88088.75,86420,86934.72,86655.08,87253.05,87435,9140.8432,7096.58235,18344.61505,4469.55156,4446.29285,-0.005066531,0.001654222,0.005808087,8.614312207483123E-4,-0.008135963,87669.45,87225.27,87369.56,87877.01,87952.71,124.3,124.46,125.14,125.08,125.64,120.63,119.71,119.24,121.86,123.08,1605450.498,1818325.148,3326516.562,1357802.112,1828960.451,-0.020158329,0.018324171247709502,0.020202846392933082,0.004329351,-0.015885687,122.53,120.06,122.26,124.73,125.27,2978.15,2971.46,2994.38,2960.89,2961.23,2888.7,2891.2,2894.26,2917.13,2924.54,197035.5598,188721.2981,314830.9989,95040.3956,128834.139,-0.014765205,0.008278379,0.007192648,6.307115850866118E-4,-0.004408809,2947.47,2903.95,2927.99,2949.05,2950.91,2937.9
2025-12-29T01:54:34,88592.74,89567.75,87984,88088.75,90406.08,86934.72,86655.08,87253.05,87435,86806.5,7096.58235,18344.61505,4469.55156,4446.29285,19894.98575,0.001654222,0.005808087,8.614312207483123E-4,-0.008135963,0.014309961824741375,87225.27,87369.56,87877.01,87952.71,87237.13,124.46,125.14,125.08,125.64,130.16,119.71,119.24,121.86,123.08,122.36,1818325.148,3326516.562,1357802.112,1828960.451,4307595.105,0.018324171247709502,0.020202846392933082,0.004329351,-0.015885687,0.014033095392602238,120.06,122.26,124.73,125.27,123.28,2971.46,2994.38,2960.89,2961.23,3057.78,2891.2,2894.26,2917.13,2924.54,2910.25,188721.2981,314830.9989,95040.3956,128834.139,485959.1824,0.008278379,0.007192648,6.307115850866118E-4,-0.004408809,0.012182170938425394,2903.95,2927.99,2949.05,2950.91,2937.9,2973.69
2025-12-30T01:54:34,89567.75,87984,88088.75,90406.08,89400,86655.08,87253.05,87435,86806.5,86845.66,18344.61505,4469.55156,4446.29285,19894.98575,13105.91001,0.005808087,8.614312207483123E-4,-0.008135963,0.014309961824741375,-0.009462229,87369.56,87877.01,87952.71,87237.13,88485.49,125.14,125.08,125.64,130.16,126.52,119.24,121.86,123.08,122.36,122.58,3326516.562,1357802.112,1828960.451,4307595.105,2480631.516,0.020202846392933082,0.004329351,-0.015885687,0.014033095392602238,-0.00287977,122.26,124.73,125.27,123.28,125.01,2994.38,2960.89,2961.23,3057.78,3009.8,2894.26,2917.13,2924.54,2910.25,2919.44,314830.9989,95040.3956,128834.139,485959.1824,286583.2879,0.007192648,6.307115850866118E-4,-0.004408809,0.012182170938425394,-6.89E-04,2927.99,2949.05,2950.91,2937.9,2973.69,2971.64
2025-12-31T01:54:34,87984,88088.75,90406.08,89400,89200,87253.05,87435,86806.5,86845.66,87250,4469.55156,4446.29285,19894.98575,13105.91001,11558.62047,8.614312207483123E-4,-0.008135963,0.014309961824741375,-0.009462229,0.013586357,87877.01,87952.71,87237.13,88485.49,87648.22,125.08,125.64,130.16,126.52,132.75,121.86,123.08,122.36,122.58,122.99,1357802.112,1828960.451,4307595.105,2480631.516,2941643.658,0.004329351,-0.015885687,0.014033095392602238,-0.00287977,0.018050541516245487,124.73,125.27,123.28,125.01,124.65,2960.89,2961.23,3057.78,3009.8,3028.08,2917.13,2924.54,2910.25,2919.44,2958.91,95040.3956,128834.139,485959.1824,286583.2879,233729.5887,6.307115850866118E-4,-0.004408809,0.012182170938425394,-6.89E-04,0.010953547536040767,2949.05,2950.91,2937.9,2973.69,2971.64,3004.19
2026-01-01T01:54:34,88088.75,90406.08,89400,89200,88919.45,87435,86806.5,86845.66,87250,87550.43,4446.29285,19894.98575,13105.91001,11558.62047,6279.57133,-0.008135963,0.014309961824741375,-0.009462229,0.013586357,0.01301331,87952.71,87237.13,88485.49,87648.22,88839.04,125.64,130.16,126.52,132.75,127.25,123.08,122.36,122.58,122.99,124.15,1828960.451,4307595.105,2480631.516,2941643.658,1733664.978,-0.015885687,0.014033095392602238,-0.00287977,0.018050541516245487,0.042474389,125.27,123.28,125.01,124.65,126.9,2961.23,3057.78,3009.8,3028.08,3010,2924.54,2910.25,2919.44,2958.91,2971.15,128834.139,485959.1824,286583.2879,233729.5887,136088.5207,-0.004408809,0.012182170938425394,-6.89E-04,0.010953547536040767,0.040363625,2950.91,2937.9,2973.69,2971.64,3004.19,3125.45
2026-01-02T01:54:34,90406.08,89400,89200,88919.45,90961.81,86806.5,86845.66,87250,87550.43,88379.88,19894.98575,13105.91001,11558.62047,6279.57133,17396.97301,0.014309961824741375,-0.009462229,0.013586357,0.01301331,0.007032381,87237.13,88485.49,87648.22,88839.04,89995.13,130.16,126.52,132.75,127.25,133.25,122.36,122.58,122.99,124.15,125.84,4307595.105,2480631.516,2941643.658,1733664.978,2924227.372,0.014033095392602238,-0.00287977,0.018050541516245487,0.042474389,0.008163882,123.28,125.01,124.65,126.9,132.29,3057.78,3009.8,3028.08,3010,3150.01,2910.25,2919.44,2958.91,2971.15,2992.49,485959.1824,286583.2879,233729.5887,136088.5207,369891.2449,0.012182170938425394,-6.89E-04,0.010953547536040767,0.040363625,5.311235182134762E-4,2937.9,2973.69,2971.64,3004.19,3125.45,3127.11
2026-01-03T01:54:34,89400,89200,88919.45,90961.81,90741.16,86845.66,87250,87550.43,88379.88,89314.01,13105.91001,11558.62047,6279.57133,17396.97301,7057.46716,-0.009462229,0.013586357,0.01301331,0.007032381,0.009949683,88485.49,87648.22,88839.04,89995.13,90628.01,126.52,132.75,127.25,133.25,133.99,122.58,122.99,124.15,125.84,129.6,2480631.516,2941643.658,1733664.978,2924227.372,1520623.499,-0.00287977,0.018050541516245487,0.042474389,0.008163882,0.005623454,125.01,124.65,126.9,132.29,133.37,3009.8,3028.08,3010,3150.01,3136.71,2919.44,2958.91,2971.15,2992.49,3076,286583.2879,233729.5887,136088.5207,369891.2449,134405.2258,-6.89E-04,0.010953547536040767,0.040363625,5.311235182134762E-4,0.005625002,2973.69,2971.64,3004.19,3125.45,3127.11,3144.7
2026-01-04T01:54:34,89200,88919.45,90961.81,90741.16,91810,87250,87550.43,88379.88,89314.01,90628,11558.62047,6279.57133,17396.97301,7057.46716,10426.5297,0.013586357,0.01301331,0.007032381,0.009949683,0.025455991184503774,87648.22,88839.04,89995.13,90628.01,91529.73,132.75,127.25,133.25,133.99,135.54,122.99,124.15,125.84,129.6,133.12,2941643.658,1733664.978,2924227.372,1520623.499,1809269.113,0.018050541516245487,0.042474389,0.008163882,0.005623454,0.028183716075156583,124.65,126.9,132.29,133.37,134.12,3028.08,3010,3150.01,3136.71,3167.22,2958.91,2971.15,2992.49,3076,3118.75,233729.5887,136088.5207,369891.2449,134405.2258,181576.0686,0.010953547536040767,0.040363625,5.311235182134762E-4,0.005625002,0.025531847,2971.64,3004.19,3125.45,3127.11,3144.7,3224.99
2026-01-05T01:54:34,88919.45,90961.81,90741.16,91810,94789.08,87550.43,88379.88,89314.01,90628,91514.81,6279.57133,17396.97301,7057.46716,10426.5297,20673.59584,0.01301331,0.007032381,0.009949683,0.025455991184503774,-0.0011905,88839.04,89995.13,90628.01,91529.73,93859.71,127.25,133.25,133.99,135.54,139.87,124.15,125.84,129.6,133.12,133.18,1733664.978,2924227.372,1520623.499,1809269.113,3327567.484,0.042474389,0.008163882,0.005623454,0.028183716075156583,0.023060188542422092,126.9,132.29,133.37,134.12,137.9,3010,3150.01,3136.71,3167.22,3265.66,2971.15,2992.49,3076,3118.75,3135.02,136088.5207,369891.2449,134405.2258,181576.0686,382446.6618,0.040363625,5.311235182134762E-4,0.005625002,0.025531847,0.022279139,3004.19,3125.45,3127.11,3144.7,3224.99,3296.84
2026-01-06T01:54:34,90961.81,90741.16,91810,94789.08,94444.44,88379.88,89314.01,90628,91514.81,91262.94,17396.97301,7057.46716,10426.5297,20673.59584,18546.41829,0.007032381,0.009949683,0.025455991184503774,-0.0011905,-0.025427857,89995.13,90628.01,91529.73,93859.71,93747.97,133.25,133.99,135.54,139.87,143.48,125.84,129.6,133.12,133.18,136.19,2924227.372,1520623.499,1809269.113,3327567.484,3771795.117,0.008163882,0.005623454,0.028183716075156583,0.023060188542422092,-0.03324355,132.29,133.37,134.12,137.9,141.08,3150.01,3136.71,3167.22,3265.66,3308.86,2992.49,3076,3118.75,3135.02,3183.27,369891.2449,134405.2258,181576.0686,382446.6618,412503.5066,5.311235182134762E-4,0.005625002,0.025531847,0.022279139,-0.038861455,3125.45,3127.11,3144.7,3224.99,3296.84,3168.72
2026-01-07T01:54:34,90741.16,91810,94789.08,94444.44,93747.97,89314.01,90628,91514.81,91262.94,90675.52,7057.46716,10426.5297,20673.59584,18546.41829,14276.49025,0.009949683,0.025455991184503774,-0.0011905,-0.025427857,-0.002891396,90628.01,91529.73,93859.71,93747.97,91364.16,133.99,135.54,139.87,143.48,141.4,129.6,133.12,133.18,136.19,134.41,1520623.499,1809269.113,3327567.484,3771795.117,2321642.178,0.005623454,0.028183716075156583,0.023060188542422092,-0.03324355,0.014517193342620562,133.37,134.12,137.9,141.08,136.39,3136.71,3167.22,3265.66,3308.86,3296.84,3076,3118.75,3135.02,3183.27,3125.42,134405.2258,181576.0686,382446.6618,412503.5066,321350.1225,0.005625002,0.025531847,0.022279139,-0.038861455,-0.019588351,3127.11,3144.7,3224.99,3296.84,3168.72,3106.65
2026-01-08T01:54:34,91810,94789.08,94444.44,93747.97,91687.99,90628,91514.81,91262.94,90675.52,89311,10426.5297,20673.59584,18546.41829,14276.49025,16132.79117,0.025455991184503774,-0.0011905,-0.025427857,-0.002891396,-0.005035237,91529.73,93859.71,93747.97,91364.16,91099.99,135.54,139.87,143.48,141.4,140.07,133.12,133.18,136.19,134.41,132.67,1809269.113,3327567.484,3771795.117,2321642.178,3113437.835,0.028183716075156583,0.023060188542422092,-0.03324355,0.014517193342620562,-0.0173448,134.12,137.9,141.08,136.39,138.37,3167.22,3265.66,3308.86,3296.84,3184.39,3118.75,3135.02,3183.27,3125.42,3054.65,181576.0686,382446.6618,412503.5066,321350.1225,343616.1005,0.025531847,0.022279139,-0.038861455,-0.019588351,-0.005874495,3144.7,3224.99,3296.84,3168.72,3106.65,3088.4
2026-01-09T01:54:34,94789.08,94444.44,93747.97,91687.99,92082.55,91514.81,91262.94,90675.52,89311,89694.66,20673.59584,18546.41829,14276.49025,16132.79117,15590.27939,-0.0011905,-0.025427857,-0.002891396,-0.005035237,-0.001506819,93859.71,93747.97,91364.16,91099.99,90641.28,139.87,143.48,141.4,140.07,141.17,133.18,136.19,134.41,132.67,134.98,3327567.484,3771795.117,2321642.178,3113437.835,3778547.996,0.023060188542422092,-0.03324355,0.014517193342620562,-0.0173448,-9.56E-04,137.9,141.08,136.39,138.37,135.97,3265.66,3308.86,3296.84,3184.39,3148.41,3135.02,3183.27,3125.42,3054.65,3058.69,382446.6618,412503.5066,321350.1225,343616.1005,274587.4533,0.022279139,-0.038861455,-0.019588351,-0.005874495,-5.44E-04,3224.99,3296.84,3168.72,3106.65,3088.4,3086.72
2026-01-10T01:54:34,94444.44,93747.97,91687.99,92082.55,90832,91262.94,90675.52,89311,89694.66,90404,18546.41829,14276.49025,16132.79117,15590.27939,3104.11722,-0.025427857,-0.002891396,-0.005035237,-0.001506819,0.005623465,93747.97,91364.16,91099.99,90641.28,90504.7,143.48,141.4,140.07,141.17,137.05,136.19,134.41,132.67,134.98,135.37,3771795.117,2321642.178,3113437.835,3778547.996,1000837.004,-0.03324355,0.014517193342620562,-0.0173448,-9.56E-04,0.028415783274440408,141.08,136.39,138.37,135.97,135.84,3308.86,3296.84,3184.39,3148.41,3104.12,3183.27,3125.42,3054.65,3058.69,3077.99,412503.5066,321350.1225,343616.1005,274587.4533,82341.0546,-0.038861455,-0.019588351,-0.005874495,-5.44E-04,0.011899362430022814,3296.84,3168.72,3106.65,3088.4,3086.72,3123.45
2026-01-11T01:54:34,93747.97,91687.99,92082.55,90832,91283.89,90675.52,89311,89694.66,90404,90236,14276.49025,16132.79117,15590.27939,3104.11722,5477.13594,-0.002891396,-0.005035237,-0.001506819,0.005623465,0.003104479,91364.16,91099.99,90641.28,90504.7,91013.65,141.4,140.07,141.17,137.05,141.6,134.41,132.67,134.98,135.37,135.75,2321642.178,3113437.835,3778547.996,1000837.004,2209913.206,0.014517193342620562,-0.0173448,-9.56E-04,0.028415783274440408,-0.003435934,136.39,138.37,135.97,135.84,139.7,3296.84,3184.39,3148.41,3104.12,3147.27,3125.42,3054.65,3058.69,3077.99,3084.46,321350.1225,343616.1005,274587.4533,82341.0546,149381.2965,-0.019588351,-0.005874495,-5.44E-04,0.011899362430022814,-0.008868399,3168.72,3106.65,3088.4,3086.72,3123.45,3095.75
2026-01-12T01:54:34,91687.99,92082.55,90832,91283.89,92519.95,89311,89694.66,90404,90236,90128.44,16132.79117,15590.27939,3104.11722,5477.13594,16188.08268,-0.005035237,-0.001506819,0.005623465,0.003104479,0.045103739,91099.99,90641.28,90504.7,91013.65,91296.2,140.07,141.17,137.05,141.6,144.4,132.67,134.98,135.37,135.75,138.34,3113437.835,3778547.996,1000837.004,2209913.206,4160120.091,-0.0173448,-9.56E-04,0.028415783274440408,-0.003435934,0.045180290188191294,138.37,135.97,135.84,139.7,139.22,3184.39,3148.41,3104.12,3147.27,3171.49,3054.65,3058.69,3077.99,3084.46,3065.55,343616.1005,274587.4533,82341.0546,149381.2965,297373.4681,-0.005874495,-5.44E-04,0.011899362430022814,-0.008868399,0.074318017,3106.65,3088.4,3086.72,3123.45,3095.75,3325.82
2026-01-13T01:54:34,92082.55,90832,91283.89,92519.95,96495,89694.66,90404,90236,90128.44,91042.66,15590.27939,3104.11722,5477.13594,16188.08268,23021.51482,-0.001506819,0.005623465,0.003104479,0.045103739,0.016116922044982905,90641.28,90504.7,91013.65,91296.2,95414,141.17,137.05,141.6,144.4,148.74,134.98,135.37,135.75,138.34,137.82,3778547.996,1000837.004,2209913.206,4160120.091,4195082.468,-9.56E-04,0.028415783274440408,-0.003435934,0.045180290188191294,0.008109408,135.97,135.84,139.7,139.22,145.51,3148.41,3104.12,3147.27,3171.49,3367.79,3058.69,3077.99,3084.46,3065.55,3091.96,274587.4533,82341.0546,149381.2965,297373.4681,457782.2816,-5.44E-04,0.011899362430022814,-0.008868399,0.074318017,0.008749722,3088.4,3086.72,3123.45,3095.75,3325.82,3354.92
2026-01-14T01:54:34,90832,91283.89,92519.95,96495,97924.49,90404,90236,90128.44,91042.66,94559.28,3104.11722,5477.13594,16188.08268,23021.51482,22851.89428,0.005623465,0.003104479,0.045103739,0.016116922044982905,-0.013893298,90504.7,91013.65,91296.2,95414,96951.78,137.05,141.6,144.4,148.74,148.44,135.37,135.75,138.34,137.82,143.37,1000837.004,2209913.206,4160120.091,4195082.468,3695077.378,0.028415783274440408,-0.003435934,0.045180290188191294,0.008109408,-0.029245347,135.84,139.7,139.22,145.51,146.69,3104.12,3147.27,3171.49,3367.79,3402.89,3077.99,3084.46,3065.55,3091.96,3280.48,82341.0546,149381.2965,297373.4681,457782.2816,503440.0759,0.011899362430022814,-0.008868399,0.074318017,0.008749722,-0.010799065,3086.72,3123.45,3095.75,3325.82,3354.92,3318.69
2026-01-15T01:54:34,91283.89,92519.95,96495,97924.49,97193.34,90236,90128.44,91042.66,94559.28,95134.48,5477.13594,16188.08268,23021.51482,22851.89428,21725.81369,0.003104479,0.045103739,0.016116922044982905,-0.013893298,-5.63E-04,91013.65,91296.2,95414,96951.78,95604.8,141.6,144.4,148.74,148.44,146.73,135.75,138.34,137.82,143.37,140.9,2209913.206,4160120.091,4195082.468,3695077.378,2462143.139,-0.003435934,0.045180290188191294,0.008109408,-0.029245347,0.017485955,139.7,139.22,145.51,146.69,142.4,3147.27,3171.49,3367.79,3402.89,3384.19,3084.46,3065.55,3091.96,3280.48,3273.72,149381.2965,297373.4681,457782.2816,503440.0759,389993.836,-0.008868399,0.074318017,0.008749722,-0.010799065,-0.006752664,3123.45,3095.75,3325.82,3354.92,3318.69,3296.28
2026-01-16T01:54:34,92519.95,96495,97924.49,97193.34,95871.47,90128.44,91042.66,94559.28,95134.48,94293.46,16188.08268,23021.51482,22851.89428,21725.81369,11167.7146,0.045103739,0.016116922044982905,-0.013893298,-5.63E-04,-0.004219425,91296.2,95414,96951.78,95604.8,95550.94,144.4,148.74,148.44,146.73,145.55,138.34,137.82,143.37,140.9,140.26,4160120.091,4195082.468,3695077.378,2462143.139,1900879.026,0.045180290188191294,0.008109408,-0.029245347,0.017485955,-0.008075091,139.22,145.51,146.69,142.4,144.89,3171.49,3367.79,3402.89,3384.19,3326.79,3065.55,3091.96,3280.48,3273.72,3253.01,297373.4681,457782.2816,503440.0759,389993.836,223921.7876,0.074318017,0.008749722,-0.010799065,-0.006752664,0.004332156,3095.75,3325.82,3354.92,3318.69,3296.28,3310.56
2026-01-17T01:54:34,96495,97924.49,97193.34,95871.47,95639.45,91042.66,94559.28,95134.48,94293.46,95021.67,23021.51482,22851.89428,21725.81369,11167.7146,4280.80137,0.016116922044982905,-0.013893298,-5.63E-04,-0.004219425,-0.015498314,95414,96951.78,95604.8,95550.94,95147.77,148.74,148.44,146.73,145.55,144.99,137.82,143.37,140.9,140.26,143.32,4195082.468,3695077.378,2462143.139,1900879.026,835154.761,0.008109408,-0.029245347,0.017485955,-0.008075091,-0.040704147,145.51,146.69,142.4,144.89,143.72,3367.79,3402.89,3384.19,3326.79,3330.26,3091.96,3280.48,3273.72,3253.01,3283.96,457782.2816,503440.0759,389993.836,223921.7876,124325.0303,0.008749722,-0.010799065,-0.006752664,0.004332156,-0.00801375,3325.82,3354.92,3318.69,3296.28,3310.56,3284.03
2026-01-18T01:54:34,97924.49,97193.34,95871.47,95639.45,95531.12,94559.28,95134.48,94293.46,95021.67,93615.4,22851.89428,21725.81369,11167.7146,4280.80137,6895.17819,-0.013893298,-5.63E-04,-0.004219425,-0.015498314,-0.011125281,96951.78,95604.8,95550.94,95147.77,93673.14,148.44,146.73,145.55,144.99,144,143.37,140.9,140.26,143.32,137.74,3695077.378,2462143.139,1900879.026,835154.761,1877438.698,-0.029245347,0.017485955,-0.008075091,-0.040704147,-0.032131718,146.69,142.4,144.89,143.72,137.87,3402.89,3384.19,3326.79,3330.26,3368.82,3280.48,3273.72,3253.01,3283.96,3278.86,503440.0759,389993.836,223921.7876,124325.0303,173354.3026,-0.010799065,-0.006752664,0.004332156,-0.00801375,-0.02876953,3354.92,3318.69,3296.28,3310.56,3284.03,3189.55
2026-01-19T01:54:34,97193.34,95871.47,95639.45,95531.12,93673.14,95134.48,94293.46,95021.67,93615.4,91910.2,21725.81369,11167.7146,4280.80137,6895.17819,14295.52747,-5.63E-04,-0.004219425,-0.015498314,-0.011125281,-0.04537725,95604.8,95550.94,95147.77,93673.14,92631,146.73,145.55,144.99,144,137.87,140.9,140.26,143.32,137.74,130,2462143.139,1900879.026,835154.761,1877438.698,2972524.77,0.017485955,-0.008075091,-0.040704147,-0.032131718,-0.057254197,142.4,144.89,143.72,137.87,133.44,3384.19,3326.79,3330.26,3368.82,3284.58,3273.72,3253.01,3283.96,3278.86,3165.38,389993.836,223921.7876,124325.0303,173354.3026,442540.5596,-0.006752664,0.004332156,-0.00801375,-0.02876953,-0.0782775,3318.69,3296.28,3310.56,3284.03,3189.55,2939.88
2026-01-20T01:54:34,95871.47,95639.45,95531.12,93673.14,92870,94293.46,95021.67,93615.4,91910.2,87895.98,11167.7146,4280.80137,6895.17819,14295.52747,22007.3261,-0.004219425,-0.015498314,-0.011125281,-0.04537725,0.011614804688940003,95550.94,95147.77,93673.14,92631,88427.66,145.55,144.99,144,137.87,134.63,140.26,143.32,137.74,130,124.68,1900879.026,835154.761,1877438.698,2972524.77,3532423.88,-0.008075091,-0.040704147,-0.032131718,-0.057254197,0.02972973,144.89,143.72,137.87,133.44,125.8,3326.79,3330.26,3368.82,3284.58,3200.5,3253.01,3283.96,3278.86,3165.38,2920,223921.7876,124325.0303,173354.3026,442540.5596,518166.4787,0.004332156,-0.00801375,-0.02876953,-0.0782775,0.014418955875749987,3296.28,3310.56,3284.03,3189.55,2939.88,2982.27
2026-01-21T01:54:34,95639.45,95531.12,93673.14,92870,90574,95021.67,93615.4,91910.2,87895.98,87263.53,4280.80137,6895.17819,14295.52747,22007.3261,20617.50372,-0.015498314,-0.011125281,-0.04537725,0.011614804688940003,0.001173107,95147.77,93673.14,92631,88427.66,89454.73,144.99,144,137.87,134.63,132.17,143.32,137.74,130,124.68,125.26,835154.761,1877438.698,2972524.77,3532423.88,3161736.36,-0.040704147,-0.032131718,-0.057254197,0.02972973,-0.008259997,143.72,137.87,133.44,125.8,129.54,3330.26,3368.82,3284.58,3200.5,3069.07,3283.96,3278.86,3165.38,2920,2866.11,124325.0303,173354.3026,442540.5596,518166.4787,577800.2481,-0.00801375,-0.02876953,-0.0782775,0.014418955875749987,-0.009918619,3310.56,3284.03,3189.55,2939.88,2982.27,2952.69
2026-01-22T01:54:34,95531.12,93673.14,92870,90574,90359.99,93615.4,91910.2,87895.98,87263.53,88515.37,6895.17819,14295.52747,22007.3261,20617.50372,10825.50492,-0.011125281,-0.04537725,0.011614804688940003,0.001173107,4.532173912654715E-4,93673.14,92631,88427.66,89454.73,89559.67,144,137.87,134.63,132.17,130.94,137.74,130,124.68,125.26,126.73,1877438.698,2972524.77,3532423.88,3161736.36,1811586.462,-0.032131718,-0.057254197,0.02972973,-0.008259997,-0.008095275,137.87,133.44,125.8,129.54,128.47,3368.82,3284.58,3200.5,3069.07,3038.33,3278.86,3165.38,2920,2866.11,2906.02,173354.3026,442540.5596,518166.4787,577800.2481,291660.7349,-0.02876953,-0.0782775,0.014418955875749987,-0.009918619,0.001259868,3284.03,3189.55,2939.88,2982.27,2952.69,2956.41
2026-01-23T01:54:34,93673.14,92870,90574,90359.99,91224.99,91910.2,87895.98,87263.53,88515.37,88578.36,14295.52747,22007.3261,20617.50372,10825.50492,13918.48919,-0.04537725,0.011614804688940003,0.001173107,4.532173912654715E-4,-0.004184363,92631,88427.66,89454.73,89559.67,89600.26,137.87,134.63,132.17,130.94,130.2,130,124.68,125.26,126.73,125.28,2972524.77,3532423.88,3161736.36,1811586.462,2044063.077,-0.057254197,0.02972973,-0.008259997,-0.008095275,-0.001726438,133.44,125.8,129.54,128.47,127.43,3284.58,3200.5,3069.07,3038.33,3019.26,3165.38,2920,2866.11,2906.02,2892.4,442540.5596,518166.4787,577800.2481,291660.7349,318415.3317,-0.0782775,0.014418955875749987,-0.009918619,0.001259868,-0.001079011,3189.55,2939.88,2982.27,2952.69,2956.41,2953.22
2026-01-24T01:54:34,92870,90574,90359.99,91224.99,89957.39,87895.98,87263.53,88515.37,88578.36,89162.08,22007.3261,20617.50372,10825.50492,13918.48919,4226.56737,0.011614804688940003,0.001173107,4.532173912654715E-4,-0.004184363,-0.028635139,88427.66,89454.73,89559.67,89600.26,89225.34,134.63,132.17,130.94,130.2,128.12,124.68,125.26,126.73,125.28,126.64,3532423.88,3161736.36,1811586.462,2044063.077,807419.995,0.02972973,-0.008259997,-0.008095275,-0.001726438,-0.065718104,125.8,129.54,128.47,127.43,127.21,3200.5,3069.07,3038.33,3019.26,2970.41,2920,2866.11,2906.02,2892.4,2943.84,518166.4787,577800.2481,291660.7349,318415.3317,92082.9039,0.014418955875749987,-0.009918619,0.001259868,-0.001079011,-0.046163171,2939.88,2982.27,2952.69,2956.41,2953.22,2816.89
2026-01-25T01:54:34,90574,90359.99,91224.99,89957.39,89319.13,87263.53,88515.37,88578.36,89162.08,86074.72,20617.50372,10825.50492,13918.48919,4226.56737,14426.22019,0.001173107,4.532173912654715E-4,-0.004184363,-0.028635139,0.019345945,89454.73,89559.67,89600.26,89225.34,86670.36,132.17,130.94,130.2,128.12,127.46,125.26,126.73,125.28,126.64,117.15,3161736.36,1811586.462,2044063.077,807419.995,4540879.449,-0.008259997,-0.008095275,-0.001726438,-0.065718104,0.045351283,129.54,128.47,127.43,127.21,118.85,3069.07,3038.33,3019.26,2970.41,2960.29,2866.11,2906.02,2892.4,2943.84,2787,577800.2481,291660.7349,318415.3317,92082.9039,380186.5326,-0.009918619,0.001259868,-0.001079011,-0.046163171,0.040278463,2982.27,2952.69,2956.41,2953.22,2816.89,2930.35
2026-01-26T01:54:34,90359.99,91224.99,89957.39,89319.13,88860,88515.37,88578.36,89162.08,86074.72,86509.63,10825.50492,13918.48919,4226.56737,14426.22019,17766.51453,4.532173912654715E-4,-0.004184363,-0.028635139,0.019345945,0.010220145363038577,89559.67,89600.26,89225.34,86670.36,88347.08,130.94,130.2,128.12,127.46,125.6,126.73,125.28,126.64,117.15,118.53,1811586.462,2044063.077,807419.995,4540879.449,2355751.363,-0.008095275,-0.001726438,-0.065718104,0.045351283,0.023744366,128.47,127.43,127.21,118.85,124.24,3038.33,3019.26,2970.41,2960.29,2951.21,2906.02,2892.4,2943.84,2787,2812.37,291660.7349,318415.3317,92082.9039,380186.5326,485169.3372,0.001259868,-0.001079011,-0.046163171,0.040278463,0.032903919,2952.69,2956.41,2953.22,2816.89,2930.35,3026.77
2026-01-27T01:54:34,91224.99,89957.39,89319.13,88860,89523.16,88578.36,89162.08,86074.72,86509.63,87304.33,13918.48919,4226.56737,14426.22019,17766.51453,13125.40425,-0.004184363,-0.028635139,0.019345945,0.010220145363038577,5.601120448179859E-4,89600.26,89225.34,86670.36,88347.08,89250,130.2,128.12,127.46,125.6,127.84,125.28,126.64,117.15,118.53,123.12,2044063.077,807419.995,4540879.449,2355751.363,2036509.042,-0.001726438,-0.065718104,0.045351283,0.023744366,-0.014466546,127.43,127.21,118.85,124.24,127.19,3019.26,2970.41,2960.29,2951.21,3035.08,2892.4,2943.84,2787,2812.37,2899.77,318415.3317,92082.9039,380186.5326,485169.3372,478792.3988,-0.001079011,-0.046163171,0.040278463,0.032903919,-0.005282859,2956.41,2953.22,2816.89,2930.35,3026.77,3010.78
2026-01-28T01:54:34,89957.39,89319.13,88860,89523.16,90600,89162.08,86074.72,86509.63,87304.33,88833.65,4226.56737,14426.22019,17766.51453,13125.40425,14332.18502,-0.028635139,0.019345945,0.010220145363038577,5.601120448179859E-4,-0.052069771,89225.34,86670.36,88347.08,89250,89299.99,128.12,127.46,125.6,127.84,128.34,126.64,117.15,118.53,123.12,124.78,807419.995,4540879.449,2355751.363,2036509.042,1997863.528,-0.065718104,0.045351283,0.023744366,-0.014466546,-0.060071799,127.21,118.85,124.24,127.19,125.35,2970.41,2960.29,2951.21,3035.08,3045.78,2943.84,2787,2812.37,2899.77,2983.67,92082.9039,380186.5326,485169.3372,478792.3988,296607.6549,-0.046163171,0.040278463,0.032903919,-0.005282859,-0.062505397,2953.22,2816.89,2930.35,3026.77,3010.78,2822.59
2026-01-29T01:54:34,89319.13,88860,89523.16,90600,89348,86074.72,86509.63,87304.33,88833.65,83383.33,14426.22019,17766.51453,13125.40425,14332.18502,30431.38201,0.019345945,0.010220145363038577,5.601120448179859E-4,-0.052069771,-0.004603299,86670.36,88347.08,89250,89299.99,84650.16,127.46,125.6,127.84,128.34,125.51,117.15,118.53,123.12,124.78,115.39,4540879.449,2355751.363,2036509.042,1997863.528,3730613.473,0.045351283,0.023744366,-0.014466546,-0.060071799,-0.00195213,118.85,124.24,127.19,125.35,117.82,2960.29,2951.21,3035.08,3045.78,3013.5,2787,2812.37,2899.77,2983.67,2754.53,380186.5326,485169.3372,478792.3988,296607.6549,561288.5979,0.040278463,0.032903919,-0.005282859,-0.062505397,-0.040817122,2816.89,2930.35,3026.77,3010.78,2822.59,2707.38
2026-01-30T01:54:34,88860,89523.16,90600,89348,84735.75,86509.63,87304.33,88833.65,83383.33,81118,17766.51453,13125.40425,14332.18502,30431.38201,35195.84793,0.010220145363038577,5.601120448179859E-4,-0.052069771,-0.004603299,-0.06550401,88347.08,89250,89299.99,84650.16,84260.49,125.6,127.84,128.34,125.51,119.12,118.53,123.12,124.78,115.39,112.14,2355751.363,2036509.042,1997863.528,3730613.473,4761006.742,0.023744366,-0.014466546,-0.060071799,-0.00195213,-0.102134535,124.24,127.19,125.35,117.82,117.59,2951.21,3035.08,3045.78,3013.5,2828.65,2812.37,2899.77,2983.67,2754.53,2636.01,485169.3372,478792.3988,296607.6549,561288.5979,793279.6252,0.032903919,-0.005282859,-0.062505397,-0.040817122,-0.094345825,2930.35,3026.77,3010.78,2822.59,2707.38,2451.95
2026-01-31T01:54:34,89523.16,90600,89348,84735.75,84270.02,87304.33,88833.65,83383.33,81118,75719.9,13125.40425,14332.18502,30431.38201,35195.84793,39491.89133,5.601120448179859E-4,-0.052069771,-0.004603299,-0.06550401,-0.022515309,89250,89299.99,84650.16,84260.49,78741.09,127.84,128.34,125.51,119.12,118.85,123.12,124.78,115.39,112.14,96.4,2036509.042,1997863.528,3730613.473,4761006.742,8567398.326,-0.014466546,-0.060071799,-0.00195213,-0.102134535,-0.045368441,127.19,125.35,117.82,117.59,105.58,3035.08,3045.78,3013.5,2828.65,2714.64,2899.77,2983.67,2754.53,2636.01,2250,478792.3988,296607.6549,561288.5979,793279.6252,1113097.713,-0.005282859,-0.062505397,-0.040817122,-0.094345825,-0.074145068,3026.77,3010.78,2822.59,2707.38,2451.95,2270.15
2026-02-01T01:54:34,90600,89348,84735.75,84270.02,79424,88833.65,83383.33,81118,75719.9,75700,14332.18502,30431.38201,35195.84793,39491.89133,25395.48168,-0.052069771,-0.004603299,-0.06550401,-0.022515309,0.023001704210088736,89299.99,84650.16,84260.49,78741.09,76968.21,128.34,125.51,119.12,118.85,106.69,124.78,115.39,112.14,96.4,98.02,1997863.528,3730613.473,4761006.742,8567398.326,4204256.051,-0.060071799,-0.00195213,-0.102134535,-0.045368441,0.037305288,125.35,117.82,117.59,105.58,100.79,3045.78,3013.5,2828.65,2714.64,2475.98,2983.67,2754.53,2636.01,2250,2222,296607.6549,561288.5979,793279.6252,1113097.713,1026573.947,-0.062505397,-0.040817122,-0.094345825,-0.074145068,0.033861199,3010.78,2822.59,2707.38,2451.95,2270.15,2347.02
2026-02-02T01:54:34,89348,84735.75,84270.02,79424,79360,83383.33,81118,75719.9,75700,74604,30431.38201,35195.84793,39491.89133,25395.48168,42273.59016,-0.004603299,-0.06550401,-0.022515309,0.023001704210088736,-0.037699421,84650.16,84260.49,78741.09,76968.21,78738.61,125.51,119.12,118.85,106.69,106.12,115.39,112.14,96.4,98.02,95.95,3730613.473,4761006.742,8567398.326,4204256.051,5574032.681,-0.00195213,-0.102134535,-0.045368441,0.037305288,-0.063701578,117.82,117.59,105.58,100.79,104.55,3013.5,2828.65,2714.64,2475.98,2396.62,2754.53,2636.01,2250,2222,2157.14,561288.5979,793279.6252,1113097.713,1026573.947,1248535.211,-0.040817122,-0.094345825,-0.074145068,0.033861199,-0.048273981,2822.59,2707.38,2451.95,2270.15,2347.02,2233.72
2026-02-03T01:54:34,84735.75,84270.02,79424,79360,79186.81,81118,75719.9,75700,74604,72945.5,35195.84793,39491.89133,25395.48168,42273.59016,39120.10889,-0.06550401,-0.022515309,0.023001704210088736,-0.037699421,-0.034372084,84260.49,78741.09,76968.21,78738.61,75770.21,119.12,118.85,106.69,106.12,105.1,112.14,96.4,98.02,95.95,96.64,4761006.742,8567398.326,4204256.051,5574032.681,4514018.115,-0.102134535,-0.045368441,0.037305288,-0.063701578,-0.058943712,117.59,105.58,100.79,104.55,97.89,2828.65,2714.64,2475.98,2396.62,2359.88,2636.01,2250,2222,2157.14,2110,793279.6252,1113097.713,1026573.947,1248535.211,1321099.387,-0.094345825,-0.074145068,0.033861199,-0.048273981,-0.038259048,2707.38,2451.95,2270.15,2347.02,2233.72,2148.26
2026-02-04T01:54:34,84270.02,79424,79360,79186.81,76971.52,75719.9,75700,74604,72945.5,71888,39491.89133,25395.48168,42273.59016,39120.10889,38375.36,-0.022515309,0.023001704210088736,-0.037699421,-0.034372084,-0.140174314,78741.09,76968.21,78738.61,75770.21,73165.83,118.85,106.69,106.12,105.1,99.67,96.4,98.02,95.95,96.64,89.3,8567398.326,4204256.051,5574032.681,4514018.115,6251459.371,-0.045368441,0.037305288,-0.063701578,-0.058943712,-0.149478941,105.58,100.79,104.55,97.89,92.12,2714.64,2475.98,2396.62,2359.88,2295.74,2250,2222,2157.14,2110,2076.68,1113097.713,1026573.947,1248535.211,1321099.387,1264743.43,-0.074145068,0.033861199,-0.048273981,-0.038259048,-0.149623416,2451.95,2270.15,2347.02,2233.72,2148.26,1826.83
2026-02-05T01:54:34,79424,79360,79186.81,76971.52,73341.18,75700,74604,72945.5,71888,62345,25395.48168,42273.59016,39120.10889,38375.36,106298.829,0.023001704210088736,-0.037699421,-0.034372084,-0.140174314,0.12192683309102888,76968.21,78738.61,75770.21,73165.83,62909.86,106.69,106.12,105.1,99.67,93.43,98.02,95.95,96.64,89.3,77.6,4204256.051,5574032.681,4514018.115,6251459.371,1.024335548E7,0.037305288,-0.063701578,-0.058943712,-0.149478941,0.11627313337587747,100.79,104.55,97.89,92.12,78.35,2475.98,2396.62,2359.88,2295.74,2173.77,2222,2157.14,2110,2076.68,1818.18,1026573.947,1248535.211,1321099.387,1264743.43,1952286.695,0.033861199,-0.048273981,-0.038259048,-0.149623416,0.1294865970013631,2270.15,2347.02,2233.72,2148.26,1826.83,2063.38
2026-02-06T01:54:34,79360,79186.81,76971.52,73341.18,71751.33,74604,72945.5,71888,62345,60000,42273.59016,39120.10889,38375.36,106298.829,92539.21531,-0.037699421,-0.034372084,-0.140174314,0.12192683309102888,-0.018289533,78738.61,75770.21,73165.83,62909.86,70580.26,106.12,105.1,99.67,93.43,89.84,95.95,96.64,89.3,77.6,67.5,5574032.681,4514018.115,6251459.371,1.024335548E7,1.1811095766E7,-0.063701578,-0.058943712,-0.149478941,0.11627313337587747,0.001486394,104.55,97.89,92.12,78.35,87.46,2396.62,2359.88,2295.74,2173.77,2093.94,2157.14,2110,2076.68,1818.18,1747.8,1248535.211,1321099.387,1264743.43,1952286.695,2102311.557,-0.048273981,-0.038259048,-0.149623416,0.1294865970013631,0.011486008393994232,2347.02,2233.72,2148.26,1826.83,2063.38,2087.08
2026-02-07T01:54:34,79186.81,76971.52,73341.18,71751.33,71690.07,72945.5,71888,62345,60000,67300,39120.10889,38375.36,106298.829,92539.21531,44255.48036,-0.034372084,-0.140174314,0.12192683309102888,-0.018289533,0.015023947392803917,75770.21,73165.83,62909.86,70580.26,69289.38,105.1,99.67,93.43,89.84,89.2,96.64,89.3,77.6,67.5,84.16,4514018.115,6251459.371,1.024335548E7,1.1811095766E7,4486649.48,-0.058943712,-0.149478941,0.11627313337587747,0.001486394,-0.006850097,97.89,92.12,78.35,87.46,87.59,2359.88,2295.74,2173.77,2093.94,2121.7,2110,2076.68,1818.18,1747.8,1994.57,1321099.387,1264743.43,1952286.695,2102311.557,1142616.449,-0.038259048,-0.149623416,0.1294865970013631,0.011486008393994232,0.001274508,2233.72,2148.26,1826.83,2063.38,2087.08,2089.74
2026-02-08T01:54:34,76971.52,73341.18,71751.33,71690.07,72271.41,71888,62345,60000,67300,68888,38375.36,106298.829,92539.21531,44255.48036,21420.53168,-0.140174314,0.12192683309102888,-0.018289533,0.015023947392803917,-0.002735376,73165.83,62909.86,70580.26,69289.38,70330.38,99.67,93.43,89.84,89.2,89.08,89.3,77.6,67.5,84.16,85.77,6251459.371,1.024335548E7,1.1811095766E7,4486649.48,2534998.683,-0.149478941,0.11627313337587747,0.001486394,-0.006850097,-0.002529026,92.12,78.35,87.46,87.59,86.99,2295.74,2173.77,2093.94,2121.7,2152.03,2076.68,1818.18,1747.8,1994.57,2064.1,1264743.43,1952286.695,2102311.557,1142616.449,482837.2515,-0.149623416,0.1294865970013631,0.011486008393994232,0.001274508,0.007311914,2148.26,1826.83,2063.38,2087.08,2089.74,2105.02
2026-02-09T01:54:34,73341.18,71751.33,71690.07,72271.41,71453.53,62345,60000,67300,68888,68308,106298.829,92539.21531,44255.48036,21420.53168,29152.72842,0.12192683309102888,-0.018289533,0.015023947392803917,-0.002735376,-0.018487981,62909.86,70580.26,69289.38,70330.38,70138,93.43,89.84,89.2,89.08,88.69,77.6,67.5,84.16,85.77,82.86,1.024335548E7,1.1811095766E7,4486649.48,2534998.683,3667652.416,0.11627313337587747,0.001486394,-0.006850097,-0.002529026,-0.043563444,78.35,87.46,87.59,86.99,86.77,2173.77,2093.94,2121.7,2152.03,2147.73,1818.18,1747.8,1994.57,2064.1,2008.62,1952286.695,2102311.557,1142616.449,482837.2515,625378.5569,0.1294865970013631,0.011486008393994232,0.001274508,0.007311914,-0.039120768,1826.83,2063.38,2087.08,2089.74,2105.02,2022.67
2026-02-10T01:54:34,71751.33,71690.07,72271.41,71453.53,70527.59,60000,67300,68888,68308,67800,92539.21531,44255.48036,21420.53168,29152.72842,20373.77072,-0.018289533,0.015023947392803917,-0.002735376,-0.018487981,-0.025548185,70580.26,69289.38,70330.38,70138,68841.29,89.84,89.2,89.08,88.69,87.49,67.5,84.16,85.77,82.86,81.91,1.1811095766E7,4486649.48,2534998.683,3667652.416,2975212.105,0.001486394,-0.006850097,-0.002529026,-0.043563444,-0.044463188,87.46,87.59,86.99,86.77,82.99,2093.94,2121.7,2152.03,2147.73,2124.71,1747.8,1994.57,2064.1,2008.62,1989.38,2102311.557,1142616.449,482837.2515,625378.5569,574321.6908,0.011486008393994232,0.001274508,0.007311914,-0.039120768,-0.040288332,2063.38,2087.08,2089.74,2105.02,2022.67,1941.18
2026-02-11T01:54:34,71690.07,72271.41,71453.53,70527.59,69292.88,67300,68888,68308,67800,65756,44255.48036,21420.53168,29152.72842,20373.77072,28718.24602,0.015023947392803917,-0.002735376,-0.018487981,-0.025548185,-0.012079898,69289.38,70330.38,70138,68841.29,67082.52,89.2,89.08,88.69,87.49,84.39,84.16,85.77,82.86,81.91,78.04,4486649.48,2534998.683,3667652.416,2975212.105,3814913.32,-0.006850097,-0.002529026,-0.043563444,-0.044463188,-0.011349306,87.59,86.99,86.77,82.99,79.3,2121.7,2152.03,2147.73,2124.71,2032.31,1994.57,2064.1,2008.62,1989.38,1903.19,1142616.449,482837.2515,625378.5569,574321.6908,529655.8177,0.001274508,0.007311914,-0.039120768,-0.040288332,0.003436054,2087.08,2089.74,2105.02,2022.67,1941.18,1947.85
2026-02-12T01:54:34,72271.41,71453.53,70527.59,69292.88,68410.52,68888,68308,67800,65756,65118,21420.53168,29152.72842,20373.77072,28718.24602,24271.74283,-0.002735376,-0.018487981,-0.025548185,-0.012079898,0.038957378,70330.38,70138,68841.29,67082.52,66272.17,89.08,88.69,87.49,84.39,82.25,85.77,82.86,81.91,78.04,76.6,2534998.683,3667652.416,2975212.105,3814913.32,3196230.117,-0.002529026,-0.043563444,-0.044463188,-0.011349306,0.075637755,86.99,86.77,82.99,79.3,78.4,2152.03,2147.73,2124.71,2032.31,2001.42,2064.1,2008.62,1989.38,1903.19,1897.24,482837.2515,625378.5569,574321.6908,529655.8177,427567.1469,0.007311914,-0.039120768,-0.040288332,0.003436054,0.051785302,2089.74,2105.02,2022.67,1941.18,1947.85,2048.72
2026-02-13T01:54:34,71453.53,70527.59,69292.88,68410.52,69482.97,68308,67800,65756,65118,65872.46,29152.72842,20373.77072,28718.24602,24271.74283,20244.54955,-0.018487981,-0.025548185,-0.012079898,0.038957378,0.014073119,70138,68841.29,67082.52,66272.17,68853.96,88.69,87.49,84.39,82.25,85.63,82.86,81.91,78.04,76.6,77.53,3667652.416,2975212.105,3814913.32,3196230.117,3370390.272,-0.043563444,-0.044463188,-0.011349306,0.075637755,0.044230997,86.77,82.99,79.3,78.4,84.33,2147.73,2124.71,2032.31,2001.42,2073.68,2008.62,1989.38,1903.19,1897.24,1924.72,625378.5569,574321.6908,529655.8177,427567.1469,425649.7698,-0.039120768,-0.040288332,0.003436054,0.051785302,0.018484712,2105.02,2022.67,1941.18,1947.85,2048.72,2086.59
2026-02-14T01:54:34,70527.59,69292.88,68410.52,69482.97,70560.01,67800,65756,65118,65872.46,68730.13,20373.77072,28718.24602,24271.74283,20244.54955,18114.78393,-0.025548185,-0.012079898,0.038957378,0.014073119,-0.014184018,68841.29,67082.52,66272.17,68853.96,69822.95,87.49,84.39,82.25,85.63,88.9,81.91,78.04,76.6,77.53,84.21,2975212.105,3814913.32,3196230.117,3370390.272,2698607.215,-0.044463188,-0.011349306,0.075637755,0.044230997,-0.021576198,82.99,79.3,78.4,84.33,88.06,2124.71,2032.31,2001.42,2073.68,2107.67,1989.38,1903.19,1897.24,1924.72,2042.37,574321.6908,529655.8177,427567.1469,425649.7698,220677.2355,-0.040288332,0.003436054,0.051785302,0.018484712,-0.057514893,2022.67,1941.18,1947.85,2048.72,2086.59,1966.58
2026-02-15T01:54:34,69292.88,68410.52,69482.97,70560.01,70983,65756,65118,65872.46,68730.13,68000,28718.24602,24271.74283,20244.54955,18114.78393,22290.05208,-0.012079898,0.038957378,0.014073119,-0.014184018,8.695010415124824E-4,67082.52,66272.17,68853.96,69822.95,68832.58,84.39,82.25,85.63,88.9,91.26,78.04,76.6,77.53,84.21,84.89,3814913.32,3196230.117,3370390.272,2698607.215,3929085.4,-0.011349306,0.075637755,0.044230997,-0.021576198,0.003365831,79.3,78.4,84.33,88.06,86.16,2032.31,2001.42,2073.68,2107.67,2103.32,1903.19,1897.24,1924.72,2042.37,1928.88,529655.8177,427567.1469,425649.7698,220677.2355,834778.0952,0.003436054,0.051785302,0.018484712,-0.057514893,0.016144779,1941.18,1947.85,2048.72,2086.59,1966.58,1998.33
2026-02-16T01:54:34,68410.52,69482.97,70560.01,70983,70126.67,65118,65872.46,68730.13,68000,67294.11,24271.74283,20244.54955,18114.78393,22290.05208,15515.76534,0.038957378,0.014073119,-0.014184018,8.695010415124824E-4,-0.02016056,66272.17,68853.96,69822.95,68832.58,68892.43,82.25,85.63,88.9,91.26,86.93,76.6,77.53,84.21,84.89,82.55,3196230.117,3370390.272,2698607.215,3929085.4,3559751.811,0.075637755,0.044230997,-0.021576198,0.003365831,-0.015847311,78.4,84.33,88.06,86.16,86.45,2001.42,2073.68,2107.67,2103.32,2023.51,1897.24,1924.72,2042.37,1928.88,1937.24,427567.1469,425649.7698,220677.2355,834778.0952,351347.9433,0.051785302,0.018484712,-0.057514893,0.016144779,-0.003337787,1947.85,2048.72,2086.59,1966.58,1998.33,1991.66
2026-02-17T01:54:34,69482.97,70560.01,70983,70126.67,69241.5,65872.46,68730.13,68000,67294.11,66621.06,20244.54955,18114.78393,22290.05208,15515.76534,16489.06921,0.014073119,-0.014184018,8.695010415124824E-4,-0.02016056,-0.015443935,68853.96,69822.95,68832.58,68892.43,67503.52,85.63,88.9,91.26,86.93,87.69,77.53,84.21,84.89,82.55,82.92,3370390.272,2698607.215,3929085.4,3559751.811,2774655.865,0.044230997,-0.021576198,0.003365831,-0.015847311,-0.040785143,84.33,88.06,86.16,86.45,85.08,2073.68,2107.67,2103.32,2023.51,2015.33,1924.72,2042.37,1928.88,1937.24,1941.66,425649.7698,220677.2355,834778.0952,351347.9433,406246.9427,0.018484712,-0.057514893,0.016144779,-0.003337787,-0.017949851,2048.72,2086.59,1966.58,1998.33,1991.66,1955.91
2026-02-18T01:54:34,70560.01,70983,70126.67,69241.5,68476.22,68730.13,68000,67294.11,66621.06,65870,18114.78393,22290.05208,15515.76534,16489.06921,15492.43839,-0.014184018,8.695010415124824E-4,-0.02016056,-0.015443935,0.008166143,69822.95,68832.58,68892.43,67503.52,66461,88.9,91.26,86.93,87.69,86.09,84.21,84.89,82.55,82.92,80.48,2698607.215,3929085.4,3559751.811,2774655.865,3137603.97,-0.021576198,0.003365831,-0.015847311,-0.040785143,0.010905526,88.06,86.16,86.45,85.08,81.61,2107.67,2103.32,2023.51,2015.33,2039.05,2042.37,1928.88,1937.24,1941.66,1923.78,220677.2355,834778.0952,351347.9433,406246.9427,393639.0086,-0.057514893,0.016144779,-0.003337787,-0.017949851,-0.003491981,2086.59,1966.58,1998.33,1991.66,1955.91,1949.08
2026-02-19T01:54:34,70983,70126.67,69241.5,68476.22,67320,68000,67294.11,66621.06,65870,65631.83,22290.05208,15515.76534,16489.06921,15492.43839,14542.26988,8.695010415124824E-4,-0.02016056,-0.015443935,0.008166143,0.015167513808559597,68832.58,68892.43,67503.52,66461,67003.73,91.26,86.93,87.69,86.09,82.67,84.89,82.55,82.92,80.48,79.61,3929085.4,3559751.811,2774655.865,3137603.97,2848277.49,0.003365831,-0.015847311,-0.040785143,0.010905526,0.026303030303030325,86.16,86.45,85.08,81.61,82.5,2103.32,2023.51,2015.33,2039.05,1987.55,1928.88,1937.24,1941.66,1923.78,1907,834778.0952,351347.9433,406246.9427,393639.0086,300257.0733,0.016144779,-0.003337787,-0.017949851,-0.003491981,0.010158638947606144,1966.58,1998.33,1991.66,1955.91,1949.08,1968.88
2026-02-20T01:54:34,70126.67,69241.5,68476.22,67320,68318.39,67294.11,66621.06,65870,65631.83,66280.2,15515.76534,16489.06921,15492.43839,14542.26988,35351.87091,-0.02016056,-0.015443935,0.008166143,0.015167513808559597,-6.48E-04,68892.43,67503.52,66461,67003.73,68020.01,86.93,87.69,86.09,82.67,85.49,82.55,82.92,80.48,79.61,81.77,3559751.811,2774655.865,3137603.97,2848277.49,3754556.759,-0.015847311,-0.040785143,0.010905526,0.026303030303030325,0.005905279,86.45,85.08,81.61,82.5,84.67,2023.51,2015.33,2039.05,1987.55,1981.18,1937.24,1941.66,1923.78,1907,1922.97,351347.9433,406246.9427,393639.0086,300257.0733,386253.5557,-0.003337787,-0.017949851,-0.003491981,0.010158638947606144,0.002270326,1998.33,1991.66,1955.91,1949.08,1968.88,1973.35
2026-02-21T01:54:34,69241.5,68476.22,67320,68318.39,68698.7,66621.06,65870,65631.83,66280.2,67534.69,16489.06921,15492.43839,14542.26988,35351.87091,8032.84131,-0.015443935,0.008166143,0.015167513808559597,-6.48E-04,-0.004891879,67503.52,66461,67003.73,68020.01,67975.93,87.69,86.09,82.67,85.49,86.72,82.92,80.48,79.61,81.77,83.97,2774655.865,3137603.97,2848277.49,3754556.759,1780748.862,-0.040785143,0.010905526,0.026303030303030325,0.005905279,-0.027944112,85.08,81.61,82.5,84.67,85.17,2015.33,2039.05,1987.55,1981.18,1995.56,1941.66,1923.78,1907,1922.97,1955.62,406246.9427,393639.0086,300257.0733,386253.5557,179173.8456,-0.017949851,-0.003491981,0.010158638947606144,0.002270326,-0.007869866,1991.66,1955.91,1949.08,1968.88,1973.35,1957.82
2026-02-22T01:54:34,68476.22,67320,68318.39,68698.7,68245,65870,65631.83,66280.2,67534.69,67190,15492.43839,14542.26988,35351.87091,8032.84131,8175.13484,0.008166143,0.015167513808559597,-6.48E-04,-0.004891879,-0.044163658,66461,67003.73,68020.01,67975.93,67643.4,86.09,82.67,85.49,86.72,85.6,80.48,79.61,81.77,83.97,82.48,3137603.97,2848277.49,3754556.759,1780748.862,1798852.596,0.010905526,0.026303030303030325,0.005905279,-0.027944112,-0.059065104,81.61,82.5,84.67,85.17,82.79,2039.05,1987.55,1981.18,1995.56,1983.13,1923.78,1907,1922.97,1955.62,1935,393639.0086,300257.0733,386253.5557,179173.8456,155325.6482,-0.003491981,0.010158638947606144,0.002270326,-0.007869866,-0.051853592,1955.91,1949.08,1968.88,1973.35,1957.82,1856.3
2026-02-23T01:54:34,67320,68318.39,68698.7,68245,67684.86,65631.83,66280.2,67534.69,67190,63888.79,14542.26988,35351.87091,8032.84131,8175.13484,33075.90923,0.015167513808559597,-6.48E-04,-0.004891879,-0.044163658,-0.009246935,67003.73,68020.01,67975.93,67643.4,64656.02,82.67,85.49,86.72,85.6,82.85,79.61,81.77,83.97,82.48,77.15,2848277.49,3754556.759,1780748.862,1798852.596,5163373.383,0.026303030303030325,0.005905279,-0.027944112,-0.059065104,0.013992298,82.5,84.67,85.17,82.79,77.9,1987.55,1981.18,1995.56,1983.13,1958.33,1907,1922.97,1955.62,1935,1837.13,300257.0733,386253.5557,179173.8456,155325.6482,547359.4869,0.010158638947606144,0.002270326,-0.007869866,-0.051853592,-0.002348758,1949.08,1968.88,1973.35,1957.82,1856.3,1851.94
2026-02-24T01:54:34,68318.39,68698.7,68245,67684.86,65026.75,66280.2,67534.69,67190,63888.79,62510.28,35351.87091,8032.84131,8175.13484,33075.90923,23102.83622,-6.48E-04,-0.004891879,-0.044163658,-0.009246935,0.06134879,68020.01,67975.93,67643.4,64656.02,64058.15,85.49,86.72,85.6,82.85,79.62,81.77,83.97,82.48,77.15,75.63,3754556.759,1780748.862,1798852.596,5163373.383,3592828.376,0.005905279,-0.027944112,-0.059065104,0.013992298,0.11482466134953802,84.67,85.17,82.79,77.9,78.99,1981.18,1995.56,1983.13,1958.33,1869.58,1922.97,1955.62,1935,1837.13,1800,386253.5557,179173.8456,155325.6482,547359.4869,438064.0284,0.002270326,-0.007869866,-0.051853592,-0.002348758,0.11098631705130833,1968.88,1973.35,1957.82,1856.3,1851.94,2057.48
2026-02-25T01:54:34,68698.7,68245,67684.86,65026.75,69988.83,67534.69,67190,63888.79,62510.28,63913.27,8032.84131,8175.13484,33075.90923,23102.83622,30749.99259,-0.004891879,-0.044163658,-0.009246935,0.06134879,-0.007396301,67975.93,67643.4,64656.02,64058.15,67988.04,86.72,85.6,82.85,79.62,92.1,83.97,82.48,77.15,75.63,78.73,1780748.862,1798852.596,5163373.383,3592828.376,5632749.415,-0.027944112,-0.059065104,0.013992298,0.11482466134953802,-0.024415171,85.17,82.79,77.9,78.99,88.06,1995.56,1983.13,1958.33,1869.58,2148.39,1955.62,1935,1837.13,1800,1846.74,179173.8456,155325.6482,547359.4869,438064.0284,682979.4378,-0.007869866,-0.051853592,-0.002348758,0.11098631705130833,-0.014483737,1973.35,1957.82,1856.3,1851.94,2057.48,2027.68
2026-02-26T01:54:34,68245,67684.86,65026.75,69988.83,68860,67190,63888.79,62510.28,63913.27,66500,8175.13484,33075.90923,23102.83622,30749.99259,20737.77792,-0.044163658,-0.009246935,0.06134879,-0.007396301,-0.023902729,67643.4,64656.02,64058.15,67988.04,67485.18,85.6,82.85,79.62,92.1,89.27,82.48,77.15,75.63,78.73,84.34,1798852.596,5163373.383,3592828.376,5632749.415,3356890.979,-0.059065104,0.013992298,0.11482466134953802,-0.024415171,-0.047258759,82.79,77.9,78.99,88.06,85.91,1983.13,1958.33,1869.58,2148.39,2083.33,1935,1837.13,1800,1846.74,1975.35,155325.6482,547359.4869,438064.0284,682979.4378,439783.3566,-0.051853592,-0.002348758,0.11098631705130833,-0.014483737,-0.04825219,1957.82,1856.3,1851.94,2057.48,2027.68,1929.84
2026-02-27T01:54:34,67684.86,65026.75,69988.83,68860,68216.8,63888.79,62510.28,63913.27,66500,64914.46,33075.90923,23102.83622,30749.99259,20737.77792,21228.58424,-0.009246935,0.06134879,-0.007396301,-0.023902729,0.016716637240956168,64656.02,64058.15,67988.04,67485.18,65872.1,82.85,79.62,92.1,89.27,88.29,77.15,75.63,78.73,84.34,80.32,5163373.383,3592828.376,5632749.415,3356890.979,3370499.359,0.013992298,0.11482466134953802,-0.024415171,-0.047258759,0.030543677458766037,77.9,78.99,88.06,85.91,81.85,1958.33,1869.58,2148.39,2083.33,2063.52,1837.13,1800,1846.74,1975.35,1887,547359.4869,438064.0284,682979.4378,439783.3566,428687.234,-0.002348758,0.11098631705130833,-0.014483737,-0.04825219,0.01796522,1856.3,1851.94,2057.48,2027.68,1929.84,1964.51
2026-02-28T01:54:34,65026.75,69988.83,68860,68216.8,67760,62510.28,63913.27,66500,64914.46,63030,23102.83622,30749.99259,20737.77792,21228.58424,22548.71649,0.06134879,-0.007396301,-0.023902729,0.016716637240956168,-0.017869669,64058.15,67988.04,67485.18,65872.1,66973.26,79.62,92.1,89.27,88.29,85.65,75.63,78.73,84.34,80.32,77.12,3592828.376,5632749.415,3356890.979,3370499.359,4737699.879,0.11482466134953802,-0.024415171,-0.047258759,0.030543677458766037,-0.008891523,78.99,88.06,85.91,81.85,84.35,1869.58,2148.39,2083.33,2063.52,1984.99,1800,1846.74,1975.35,1887,1835.36,438064.0284,682979.4378,439783.3566,428687.234,461680.9835,0.11098631705130833,-0.014483737,-0.04825219,0.01796522,-0.012624013,1851.94,2057.48,2027.68,1929.84,1964.51,1939.71
2026-03-01T01:54:34,69988.83,68860,68216.8,67760,68199.99,63913.27,66500,64914.46,63030,65056,30749.99259,20737.77792,21228.58424,22548.71649,23201.85859,-0.007396301,-0.023902729,0.016716637240956168,-0.017869669,0.046423743931530474,67988.04,67485.18,65872.1,66973.26,65776.47,92.1,89.27,88.29,85.65,88.9,78.73,84.34,80.32,77.12,81.69,5632749.415,3356890.979,3370499.359,4737699.879,4435194.222,-0.024415171,-0.047258759,0.030543677458766037,-0.008891523,0.036363636,88.06,85.91,81.85,84.35,83.6,2148.39,2083.33,2063.52,1984.99,2054.8,1846.74,1975.35,1887,1835.36,1907.41,682979.4378,439783.3566,428687.234,461680.9835,529196.8464,-0.014483737,-0.04825219,0.01796522,-0.012624013,0.045182011744023524,2057.48,2027.68,1929.84,1964.51,1939.71,2027.35
2026-03-02T01:54:34,68860,68216.8,67760,68199.99,70096,66500,64914.46,63030,65056,65259.21,20737.77792,21228.58424,22548.71649,23201.85859,32010.38431,-0.023902729,0.016716637240956168,-0.017869669,0.046423743931530474,-0.007148911,67485.18,65872.1,66973.26,65776.47,68830.06,89.27,88.29,85.65,88.9,90.29,84.34,80.32,77.12,81.69,82.37,3356890.979,3370499.359,4737699.879,4435194.222,5123433.26,-0.047258759,0.030543677458766037,-0.008891523,0.036363636,0.003808864,85.91,81.85,84.35,83.6,86.64,2083.33,2063.52,1984.99,2054.8,2090,1975.35,1887,1835.36,1907.41,1920,439783.3566,428687.234,461680.9835,529196.8464,577406.3749,-0.04825219,0.01796522,-0.012624013,0.045182011744023524,-0.021974499,2027.68,1929.84,1964.51,1939.71,2027.35,1982.8
2026-03-03T01:54:34,68216.8,67760,68199.99,70096,69258.08,64914.46,63030,65056,65259.21,66158,21228.58424,22548.71649,23201.85859,32010.38431,24972.2418,0.016716637240956168,-0.017869669,0.046423743931530474,-0.007148911,0.063343528,65872.1,66973.26,65776.47,68830.06,68338,88.29,85.65,88.9,90.29,87.46,80.32,77.12,81.69,82.37,82.5,3370499.359,4737699.879,4435194.222,5123433.26,4136742.745,0.030543677458766037,-0.008891523,0.036363636,0.003808864,0.044613084971829316,81.85,84.35,83.6,86.64,86.97,2063.52,1984.99,2054.8,2090,2041.48,1887,1835.36,1907.41,1920,1929.56,428687.234,461680.9835,529196.8464,577406.3749,509329.8534,0.01796522,-0.012624013,0.045182011744023524,-0.021974499,0.072866653,1929.84,1964.51,1939.71,2027.35,1982.8,2127.28
2026-03-04T01:54:34,67760,68199.99,70096,69258.08,74050,63030,65056,65259.21,66158,67400,22548.71649,23201.85859,32010.38431,24972.2418,44919.0761,-0.017869669,0.046423743931530474,-0.007148911,0.063343528,-0.02444102,66973.26,65776.47,68830.06,68338,72666.77,85.65,88.9,90.29,87.46,94.05,77.12,81.69,82.37,82.5,84.78,4737699.879,4435194.222,5123433.26,4136742.745,6329931.383,-0.008891523,0.036363636,0.003808864,0.044613084971829316,-0.022894882,84.35,83.6,86.64,86.97,90.85,1984.99,2054.8,2090,2041.48,2199,1835.36,1907.41,1920,1929.56,1945.08,461680.9835,529196.8464,577406.3749,509329.8534,737644.8152,-0.012624013,0.045182011744023524,-0.021974499,0.072866653,-0.025581964,1964.51,1939.71,2027.35,1982.8,2127.28,2072.86
2026-03-05T01:54:34,68199.99,70096,69258.08,74050,73558.15,65056,65259.21,66158,67400,70645.47,23201.85859,32010.38431,24972.2418,44919.0761,26590.51253,0.046423743931530474,-0.007148911,0.063343528,-0.02444102,-0.039168737,65776.47,68830.06,68338,72666.77,70890.72,88.9,90.29,87.46,94.05,92.96,81.69,82.37,82.5,84.78,87.91,4435194.222,5123433.26,4136742.745,6329931.383,3753710.608,0.036363636,0.003808864,0.044613084971829316,-0.022894882,-0.045848823,83.6,86.64,86.97,90.85,88.77,2054.8,2090,2041.48,2199,2163.66,1907.41,1920,1929.56,1945.08,2054.75,529196.8464,577406.3749,509329.8534,737644.8152,432157.8126,0.045182011744023524,-0.021974499,0.072866653,-0.025581964,-0.04543481,1939.71,2027.35,1982.8,2127.28,2072.86,1978.68
2026-03-06T01:54:34,70096,69258.08,74050,73558.15,71419.98,65259.21,66158,67400,70645.47,67744.78,32010.38431,24972.2418,44919.0761,26590.51253,22629.88722,-0.007148911,0.063343528,-0.02444102,-0.039168737,-0.012495372,68830.06,68338,72666.77,70890.72,68114.02,90.29,87.46,94.05,92.96,89.31,82.37,82.5,84.78,87.91,83.64,5123433.26,4136742.745,6329931.383,3753710.608,3135324.642,0.003808864,0.044613084971829316,-0.022894882,-0.045848823,-0.017473436,86.64,86.97,90.85,88.77,84.7,2090,2041.48,2199,2163.66,2093.33,1920,1929.56,1945.08,2054.75,1955.95,577406.3749,509329.8534,737644.8152,432157.8126,411597.7569,-0.021974499,0.072866653,-0.025581964,-0.04543481,-0.004593972,2027.35,1982.8,2127.28,2072.86,1978.68,1969.59
2026-03-07T01:54:34,69258.08,74050,73558.15,71419.98,68551.04,66158,67400,70645.47,67744.78,66915.26,24972.2418,44919.0761,26590.51253,22629.88722,12719.54315,0.063343528,-0.02444102,-0.039168737,-0.012495372,-0.019203897,68338,72666.77,70890.72,68114.02,67262.91,87.46,94.05,92.96,89.31,85.07,82.5,84.78,87.91,83.64,82.28,4136742.745,6329931.383,3753710.608,3135324.642,1465281.721,0.044613084971829316,-0.022894882,-0.045848823,-0.017473436,-0.019586638,86.97,90.85,88.77,84.7,83.22,2041.48,2199,2163.66,2093.33,1996.04,1929.56,1945.08,2054.75,1955.95,1948.09,509329.8534,737644.8152,432157.8126,411597.7569,184459.82,0.072866653,-0.025581964,-0.04543481,-0.004593972,-0.016495819,1982.8,2127.28,2072.86,1978.68,1969.59,1937.1
2026-03-08T01:54:34,74050,73558.15,71419.98,68551.04,68200,67400,70645.47,67744.78,66915.26,65618.49,44919.0761,26590.51253,22629.88722,12719.54315,21593.63901,-0.02444102,-0.039168737,-0.012495372,-0.019203897,0.037303550640279494,72666.77,70890.72,68114.02,67262.91,65971.2,94.05,92.96,89.31,85.07,84.13,84.78,87.91,83.64,82.28,80.26,6329931.383,3753710.608,3135324.642,1465281.721,2102965.687,-0.022894882,-0.045848823,-0.017473436,-0.019586638,0.041304081,90.85,88.77,84.7,83.22,81.59,2199,2163.66,2093.33,1996.04,1979.8,1945.08,2054.75,1955.95,1948.09,1916.14,737644.8152,432157.8126,411597.7569,184459.82,391189.7317,-0.025581964,-0.04543481,-0.004593972,-0.016495819,0.028847246,2127.28,2072.86,1978.68,1969.59,1937.1,1992.98
2026-03-09T01:54:34,73558.15,71419.98,68551.04,68200,69516.65,70645.47,67744.78,66915.26,65618.49,65821.97,26590.51253,22629.88722,12719.54315,21593.63901,28896.7213,-0.039168737,-0.012495372,-0.019203897,0.037303550640279494,0.022160194855752047,70890.72,68114.02,67262.91,65971.2,68432.16,92.96,89.31,85.07,84.13,87.06,87.91,83.64,82.28,80.26,81.54,3753710.608,3135324.642,1465281.721,2102965.687,3594057.289,-0.045848823,-0.017473436,-0.019586638,0.041304081,0.010828625235404917,88.77,84.7,83.22,81.59,84.96,2163.66,2093.33,1996.04,1979.8,2053.52,2054.75,1955.95,1948.09,1916.14,1929.65,432157.8126,411597.7569,184459.82,391189.7317,550825.4883,-0.04543481,-0.004593972,-0.016495819,0.028847246,0.021841664241487608,2072.86,1978.68,1969.59,1937.1,1992.98,2036.51
2026-03-10T01:54:34,71419.98,68551.04,68200,69516.65,71777,67744.78,66915.26,65618.49,65821.97,68391.41,22629.88722,12719.54315,21593.63901,28896.7213,32602.57726,-0.012495372,-0.019203897,0.037303550640279494,0.022160194855752047,0.003477266,68114.02,67262.91,65971.2,68432.16,69948.63,89.31,85.07,84.13,87.06,88.8,83.64,82.28,80.26,81.54,84.83,3135324.642,1465281.721,2102965.687,3594057.289,3643895.134,-0.017473436,-0.019586638,0.041304081,0.010828625235404917,0.008150908,84.7,83.22,81.59,84.96,85.88,2093.33,1996.04,1979.8,2053.52,2088.19,1955.95,1948.09,1916.14,1929.65,1991,411597.7569,184459.82,391189.7317,550825.4883,463411.8739,-0.004593972,-0.016495819,0.028847246,0.021841664241487608,0.007591419,1978.68,1969.59,1937.1,1992.98,2036.51,2051.97
2026-03-11T01:54:34,68551.04,68200,69516.65,71777,71321,66915.26,65618.49,65821.97,68391.41,68977.91,12719.54315,21593.63901,28896.7213,32602.57726,27249.27542,-0.019203897,0.037303550640279494,0.022160194855752047,0.003477266,0.004978925,67262.91,65971.2,68432.16,69948.63,70191.86,85.07,84.13,87.06,88.8,88.09,82.28,80.26,81.54,84.83,84.36,1465281.721,2102965.687,3594057.289,3643895.134,3182175.739,-0.019586638,0.041304081,0.010828625235404917,0.008150908,0.003003003,83.22,81.59,84.96,85.88,86.58,1996.04,1979.8,2053.52,2088.19,2085.58,1948.09,1916.14,1929.65,1991,2007.17,184459.82,391189.7317,550825.4883,463411.8739,350061.256,-0.016495819,0.028847246,0.021841664241487608,0.007591419,0.010502102857254338,1969.59,1937.1,1992.98,2036.51,2051.97,2073.52
2026-03-12T01:54:34,68200,69516.65,71777,71321,70800,65618.49,65821.97,68391.41,68977.91,69205.91,21593.63901,28896.7213,32602.57726,27249.27542,21997.1605,0.037303550640279494,0.022160194855752047,0.003477266,0.004978925,0.005509677,65971.2,68432.16,69948.63,70191.86,70541.34,84.13,87.06,88.8,88.09,87.69,80.26,81.54,84.83,84.36,84.72,2102965.687,3594057.289,3643895.134,3182175.739,2913681.148,0.041304081,0.010828625235404917,0.008150908,0.003003003,0.015430677107323853,81.59,84.96,85.88,86.58,86.84,1979.8,2053.52,2088.19,2085.58,2095,1916.14,1929.65,1991,2007.17,2017.59,391189.7317,550825.4883,463411.8739,350061.256,400507.8132,0.028847246,0.021841664241487608,0.007591419,0.010502102857254338,0.009018481,1937.1,1992.98,2036.51,2051.97,2073.52,2092.22
2026-03-13T01:54:34,69516.65,71777,71321,70800,73913.74,65821.97,68391.41,68977.91,69205.91,70386.01,28896.7213,32602.57726,27249.27542,21997.1605,35996.61678,0.022160194855752047,0.003477266,0.004978925,0.005509677,0.003975046,68432.16,69948.63,70191.86,70541.34,70930,87.06,88.8,88.09,87.69,92.98,81.54,84.83,84.36,84.72,86.71,3594057.289,3643895.134,3182175.739,2913681.148,4940378.617,0.010828625235404917,0.008150908,0.003003003,0.015430677107323853,-0.001701066,84.96,85.88,86.58,86.84,88.18,2053.52,2088.19,2085.58,2095,2209.03,1929.65,1991,2007.17,2017.59,2070.12,550825.4883,463411.8739,350061.256,400507.8132,599657.0399,0.021841664241487608,0.007591419,0.010502102857254338,0.009018481,0.001883167,1992.98,2036.51,2051.97,2073.52,2092.22,2096.16
2026-03-14T01:54:34,71777,71321,70800,73913.74,71307.92,68391.41,68977.91,69205.91,70386.01,70317,32602.57726,27249.27542,21997.1605,35996.61678,13017.24737,0.003477266,0.004978925,0.005509677,0.003975046,0.022514339,69948.63,70191.86,70541.34,70930,71211.95,88.8,88.09,87.69,92.98,88.71,84.83,84.36,84.72,86.71,86.51,3643895.134,3182175.739,2913681.148,4940378.617,1498143.039,0.008150908,0.003003003,0.015430677107323853,-0.001701066,0.048506191071225675,85.88,86.58,86.84,88.18,88.03,2088.19,2085.58,2095,2209.03,2106.09,1991,2007.17,2017.59,2070.12,2061.6,463411.8739,350061.256,400507.8132,599657.0399,152500.5822,0.007591419,0.010502102857254338,0.009018481,0.001883167,0.039185940004579964,2036.51,2051.97,2073.52,2092.22,2096.16,2178.3
2026-03-15T01:54:34,71321,70800,73913.74,71307.92,73199,68977.91,69205.91,70386.01,70317,70858.82,27249.27542,21997.1605,35996.61678,13017.24737,14037.30704,0.004978925,0.005509677,0.003975046,0.022514339,0.028420286742170908,70191.86,70541.34,70930,71211.95,72815.24,88.09,87.69,92.98,88.71,93.23,84.36,84.72,86.71,86.51,87.36,3182175.739,2913681.148,4940378.617,1498143.039,2614547.105,0.003003003,0.015430677107323853,-0.001701066,0.048506191071225675,0.042253521126760625,86.58,86.84,88.18,88.03,92.3,2085.58,2095,2209.03,2106.09,2202.87,2007.17,2017.59,2070.12,2061.6,2083.35,350061.256,400507.8132,599657.0399,152500.5822,280825.9377,0.010502102857254338,0.009018481,0.001883167,0.039185940004579964,0.080186384,2051.97,2073.52,2092.22,2096.16,2178.3,2352.97
2026-03-16T01:54:34,70800,73913.74,71307.92,73199,74909.08,69205.91,70386.01,70317,70858.82,72270.41,21997.1605,35996.61678,13017.24737,14037.30704,28409.53019,0.005509677,0.003975046,0.022514339,0.028420286742170908,-0.013024161,70541.34,70930,71211.95,72815.24,74884.67,87.69,92.98,88.71,93.23,97.68,84.72,86.71,86.51,87.36,91.18,2913681.148,4940378.617,1498143.039,2614547.105,5621650.621,0.015430677107323853,-0.001701066,0.048506191071225675,0.042253521126760625,-0.016424116,86.84,88.18,88.03,92.3,96.2,2095,2209.03,2106.09,2202.87,2386.02,2017.59,2070.12,2061.6,2083.35,2164.73,400507.8132,599657.0399,152500.5822,280825.9377,845892.7756,0.009018481,0.001883167,0.039185940004579964,0.080186384,-0.015121315,2073.52,2092.22,2096.16,2178.3,2352.97,2317.39
2026-03-17T01:54:34,73913.74,71307.92,73199,74909.08,76000,70386.01,70317,70858.82,72270.41,73399.19,35996.61678,13017.24737,14037.30704,28409.53019,24521.26636,0.003975046,0.022514339,0.028420286742170908,-0.013024161,-0.036028184,70930,71211.95,72815.24,74884.67,73909.36,92.98,88.71,93.23,97.68,96.95,86.71,86.51,87.36,91.18,93.15,4940378.617,1498143.039,2614547.105,5621650.621,2833557.586,-0.001701066,0.048506191071225675,0.042253521126760625,-0.016424116,-0.047981399,88.18,88.03,92.3,96.2,94.62,2209.03,2106.09,2202.87,2386.02,2376.66,2070.12,2061.6,2083.35,2164.73,2294.15,599657.0399,152500.5822,280825.9377,845892.7756,493831.1016,0.001883167,0.039185940004579964,0.080186384,-0.015121315,-0.049193273,2092.22,2096.16,2178.3,2352.97,2317.39,2203.39
2026-03-18T01:54:34,71307.92,73199,74909.08,76000,74672.34,70317,70858.82,72270.41,73399.19,70500,13017.24737,14037.30704,28409.53019,24521.26636,23392.88093,0.022514339,0.028420286742170908,-0.013024161,-0.036028184,-0.018478652,71211.95,72815.24,74884.67,73909.36,71246.54,88.71,93.23,97.68,96.95,95.65,86.51,87.36,91.18,93.15,88.55,1498143.039,2614547.105,5621650.621,2833557.586,3293861.558,0.048506191071225675,0.042253521126760625,-0.016424116,-0.047981399,-0.01321048,88.03,92.3,96.2,94.62,90.08,2106.09,2202.87,2386.02,2376.66,2350,2061.6,2083.35,2164.73,2294.15,2153.21,152500.5822,280825.9377,845892.7756,493831.1016,488040.8887,0.039185940004579964,0.080186384,-0.015121315,-0.049193273,-0.029763228,2096.16,2178.3,2352.97,2317.39,2203.39,2137.81
2026-03-19T01:54:34,73199,74909.08,76000,74672.34,71613.79,70858.82,72270.41,73399.19,70500,68793.35,14037.30704,28409.53019,24521.26636,23392.88093,22364.81819,0.028420286742170908,-0.013024161,-0.036028184,-0.018478652,0.008304447,72815.24,74884.67,73909.36,71246.54,69930,93.23,97.68,96.95,95.65,91.41,87.36,91.18,93.15,88.55,87,2614547.105,5621650.621,2833557.586,3293861.558,2609542.924,0.042253521126760625,-0.016424116,-0.047981399,-0.01321048,0.010687366407919932,92.3,96.2,94.62,90.08,88.89,2202.87,2386.02,2376.66,2350,2233.72,2083.35,2164.73,2294.15,2153.21,2099.38,280825.9377,845892.7756,493831.1016,488040.8887,490791.679,0.080186384,-0.015121315,-0.049193273,-0.029763228,0.003933932,2178.3,2352.97,2317.39,2203.39,2137.81,2146.22
2026-03-20T01:54:34,74909.08,76000,74672.34,71613.79,71367,72270.41,73399.19,70500,68793.35,69388,28409.53019,24521.26636,23392.88093,22364.81819,18121.16745,-0.013024161,-0.036028184,-0.018478652,0.008304447,-0.022586775,74884.67,73909.36,71246.54,69930,70510.73,97.68,96.95,95.65,91.41,90.45,91.18,93.15,88.55,87,88.13,5621650.621,2833557.586,3293861.558,2609542.924,2201411.538,-0.016424116,-0.047981399,-0.01321048,0.010687366407919932,-0.025378451,96.2,94.62,90.08,88.89,89.84,2386.02,2376.66,2350,2233.72,2176.84,2164.73,2294.15,2153.21,2099.38,2116.88,845892.7756,493831.1016,488040.8887,490791.679,300156.1778,-0.015121315,-0.049193273,-0.029763228,0.003933932,-0.02858514,2352.97,2317.39,2203.39,2137.81,2146.22,2084.87
2026-03-21T01:54:34,76000,74672.34,71613.79,71367,71100.94,73399.19,70500,68793.35,69388,68571.42,24521.26636,23392.88093,22364.81819,18121.16745,13397.1675,-0.036028184,-0.018478652,0.008304447,-0.022586775,-0.015367802,73909.36,71246.54,69930,70510.73,68918.12,96.95,95.65,91.41,90.45,90.81,93.15,88.55,87,88.13,87.14,2833557.586,3293861.558,2609542.924,2201411.538,1241845.225,-0.047981399,-0.01321048,0.010687366407919932,-0.025378451,-0.015532206,94.62,90.08,88.89,89.84,87.56,2376.66,2350,2233.72,2176.84,2168.27,2294.15,2153.21,2099.38,2116.88,2070.78,493831.1016,488040.8887,490791.679,300156.1778,132559.4646,-0.049193273,-0.029763228,0.003933932,-0.02858514,-0.01485944,2317.39,2203.39,2137.81,2146.22,2084.87,2053.89
2026-03-22T01:54:34,74672.34,71613.79,71367,71100.94,69588.79,70500,68793.35,69388,68571.42,67360.66,23392.88093,22364.81819,18121.16745,13397.1675,14843.78682,-0.018478652,0.008304447,-0.022586775,-0.015367802,0.04490856,71246.54,69930,70510.73,68918.12,67859,95.65,91.41,90.45,90.81,89.2,88.55,87,88.13,87.14,85.14,3293861.558,2609542.924,2201411.538,1241845.225,2138087.131,-0.01321048,0.010687366407919932,-0.025378451,-0.015532206,0.060672854,90.08,88.89,89.84,87.56,86.2,2350,2233.72,2176.84,2168.27,2127.21,2153.21,2099.38,2116.88,2070.78,2026,488040.8887,490791.679,300156.1778,132559.4646,313070.5572,-0.029763228,0.003933932,-0.02858514,-0.01485944,0.047782501,2203.39,2137.81,2146.22,2084.87,2053.89,2152.03
2026-03-23T01:54:34,71613.79,71367,71100.94,69588.79,71817.09,68793.35,69388,68571.42,67360.66,67445.18,22364.81819,18121.16745,13397.1675,14843.78682,28335.09119,0.008304447,-0.022586775,-0.015367802,0.04490856,-0.004931991,69930,70510.73,68918.12,67859,70906.45,91.41,90.45,90.81,89.2,92.26,87,88.13,87.14,85.14,85.11,2609542.924,2201411.538,1241845.225,2138087.131,4561706.388,0.010687366407919932,-0.025378451,-0.015532206,0.060672854,-0.006890517,88.89,89.84,87.56,86.2,91.43,2233.72,2176.84,2168.27,2127.21,2198.57,2099.38,2116.88,2070.78,2026,2023.04,490791.679,300156.1778,132559.4646,313070.5572,614508.4369,0.003933932,-0.02858514,-0.01485944,0.047782501,0.001951646,2137.81,2146.22,2084.87,2053.89,2152.03,2156.23
2026-03-24T01:54:34,71367,71100.94,69588.79,71817.09,71400,69388,68571.42,67360.66,67445.18,68923.07,18121.16745,13397.1675,14843.78682,28335.09119,20702.42244,-0.022586775,-0.015367802,0.04490856,-0.004931991,0.011051956198656478,70510.73,68918.12,67859,70906.45,70556.74,90.45,90.81,89.2,92.26,92.22,88.13,87.14,85.14,85.11,88.42,2201411.538,1241845.225,2138087.131,4561706.388,3086042.526,-0.025378451,-0.015532206,0.060672854,-0.006890517,0.009911894,89.84,87.56,86.2,91.43,90.8,2176.84,2168.27,2127.21,2198.57,2175.16,2116.88,2070.78,2026,2023.04,2103.02,300156.1778,132559.4646,313070.5572,614508.4369,316703.4728,-0.02858514,-0.01485944,0.047782501,0.001951646,0.005931649,2146.22,2084.87,2053.89,2152.03,2156.23,2169.02
2026-03-25T01:54:34,71100.94,69588.79,71817.09,71400,72026.09,68571.42,67360.66,67445.18,68923.07,70408,13397.1675,14843.78682,28335.09119,20702.42244,17719.50066,-0.015367802,0.04490856,-0.004931991,0.011051956198656478,-0.035272531,68918.12,67859,70906.45,70556.74,71336.53,90.81,89.2,92.26,92.22,93.47,87.14,85.14,85.11,88.42,90.71,1241845.225,2138087.131,4561706.388,3086042.526,2652534.798,-0.015532206,0.060672854,-0.006890517,0.009911894,-0.056379498,87.56,86.2,91.43,90.8,91.7,2168.27,2127.21,2198.57,2175.16,2199.02,2070.78,2026,2023.04,2103.02,2146.35,132559.4646,313070.5572,614508.4369,316703.4728,275641.5255,-0.01485944,0.047782501,0.001951646,0.005931649,-0.050064084,2084.87,2053.89,2152.03,2156.23,2169.02,2060.43
2026-03-26T01:54:34,69588.79,71817.09,71400,72026.09,71436.82,67360.66,67445.18,68923.07,70408,68153,14843.78682,28335.09119,20702.42244,17719.50066,20820.45768,0.04490856,-0.004931991,0.011051956198656478,-0.035272531,-0.03506276,67859,70906.45,70556.74,71336.53,68820.31,89.2,92.26,92.22,93.47,91.98,85.14,85.11,88.42,90.71,85.45,2138087.131,4561706.388,3086042.526,2652534.798,3566192.736,0.060672854,-0.006890517,0.009911894,-0.056379498,-0.039523865,86.2,91.43,90.8,91.7,86.53,2127.21,2198.57,2175.16,2199.02,2172.19,2026,2023.04,2103.02,2146.35,2034.54,313070.5572,614508.4369,316703.4728,275641.5255,338010.6238,0.047782501,0.001951646,0.005931649,-0.050064084,-0.032847512,2053.89,2152.03,2156.23,2169.02,2060.43,1992.75
2026-03-27T01:54:34,71817.09,71400,72026.09,71436.82,69179.05,67445.18,68923.07,70408,68153,65548.25,28335.09119,20702.42244,17719.50066,20820.45768,28603.69557,-0.004931991,0.011051956198656478,-0.035272531,-0.03506276,-4.56E-04,70906.45,70556.74,71336.53,68820.31,66407.28,92.26,92.22,93.47,91.98,87.04,85.11,88.42,90.71,85.45,81.86,4561706.388,3086042.526,2652534.798,3566192.736,2840562.07,-0.006890517,0.009911894,-0.056379498,-0.039523865,-0.012272891,91.43,90.8,91.7,86.53,83.11,2198.57,2175.16,2199.02,2172.19,2077.19,2023.04,2103.02,2146.35,2034.54,1970.93,614508.4369,316703.4728,275641.5255,338010.6238,394873.5248,0.001951646,0.005931649,-0.050064084,-0.032847512,9.986199974909092E-4,2152.03,2156.23,2169.02,2060.43,1992.75,1994.74
2026-03-28T01:54:34,71400,72026.09,71436.82,69179.05,67288.94,68923.07,70408,68153,65548.25,65932.09,20702.42244,17719.50066,20820.45768,28603.69557,11462.39847,0.011051956198656478,-0.035272531,-0.03506276,-4.56E-04,-0.005515462,70556.74,71336.53,68820.31,66407.28,66377.03,92.22,93.47,91.98,87.04,84.29,88.42,90.71,85.45,81.86,81.69,3086042.526,2652534.798,3566192.736,2840562.07,1667010.099,0.009911894,-0.056379498,-0.039523865,-0.012272891,-0.007918139,90.8,91.7,86.53,83.11,82.09,2175.16,2199.02,2172.19,2077.19,2047.45,2103.02,2146.35,2034.54,1970.93,1983.17,316703.4728,275641.5255,338010.6238,394873.5248,154831.8055,0.005931649,-0.050064084,-0.032847512,9.986199974909092E-4,-0.005063317,2156.23,2169.02,2060.43,1992.75,1994.74,1984.64
2026-03-29T01:54:34,72026.09,71436.82,69179.05,67288.94,67130.5,70408,68153,65548.25,65932.09,65000,17719.50066,20820.45768,28603.69557,11462.39847,10052.85584,-0.035272531,-0.03506276,-4.56E-04,-0.005515462,0.011913784580826273,71336.53,68820.31,66407.28,66377.03,66010.93,93.47,91.98,87.04,84.29,83.24,90.71,85.45,81.86,81.69,78.96,2652534.798,3566192.736,2840562.07,1667010.099,1624673.475,-0.056379498,-0.039523865,-0.012272891,-0.007918139,0.013506876227897945,91.7,86.53,83.11,82.09,81.44,2199.02,2172.19,2077.19,2047.45,2019.65,2146.35,2034.54,1970.93,1983.17,1938.82,275641.5255,338010.6238,394873.5248,154831.8055,166726.7382,-0.050064084,-0.032847512,9.986199974909092E-4,-0.005063317,0.021081909,2169.02,2060.43,1992.75,1994.74,1984.64,2026.48
2026-03-30T01:54:34,71436.82,69179.05,67288.94,67130.5,68169.65,68153,65548.25,65932.09,65000,65800.59,20820.45768,28603.69557,11462.39847,10052.85584,18353.38975,-0.03506276,-4.56E-04,-0.005515462,0.011913784580826273,0.022263002,68820.31,66407.28,66377.03,66010.93,66797.37,91.98,87.04,84.29,83.24,84.99,85.45,81.86,81.69,78.96,81.15,3566192.736,2840562.07,1667010.099,1624673.475,3025854.687,-0.039523865,-0.012272891,-0.007918139,0.013506876227897945,0.007996123,86.53,83.11,82.09,81.44,82.54,2172.19,2077.19,2047.45,2019.65,2085,2034.54,1970.93,1983.17,1938.82,1980.28,338010.6238,394873.5248,154831.8055,166726.7382,338304.4344,-0.032847512,9.986199974909092E-4,-0.005063317,0.021081909,0.03895918,2060.43,1992.75,1994.74,1984.64,2026.48,2105.43
2026-03-31T01:54:34,69179.05,67288.94,67130.5,68169.65,68589.49,65548.25,65932.09,65000,65800.59,65998.05,28603.69557,11462.39847,10052.85584,18353.38975,22105.40662,-4.56E-04,-0.005515462,0.011913784580826273,0.022263002,-0.002497786,66407.28,66377.03,66010.93,66797.37,68284.48,87.04,84.29,83.24,84.99,84.62,81.86,81.69,78.96,81.15,80.08,2840562.07,1667010.099,1624673.475,3025854.687,4272567.426,-0.012272891,-0.007918139,0.013506876227897945,0.007996123,-0.024278846,83.11,82.09,81.44,82.54,83.2,2077.19,2047.45,2019.65,2085,2124.03,1970.93,1983.17,1938.82,1980.28,2012.64,394873.5248,154831.8055,166726.7382,338304.4344,421897.9023,9.986199974909092E-4,-0.005063317,0.021081909,0.03895918,0.016585685584417472,1992.75,1994.74,1984.64,2026.48,2105.43,2140.35
