date,ETH.open,ETH.high,ETH.low,ETH.volume,ETH.quoteAssetVolume,ETH.numberOfTrades,ETH.takerBuyBaseAssetVolume,ETH.takerBuyQuoteAssetVolume,ETH.close
2026-01-01T00:00:00,2971.65,3010.0,2971.15,136088.5207,4.06547667098154E8,1338212,66477.086,1.98558579194668E8,3004.19
2026-01-02T00:00:00,3004.19,3150.01,2992.49,369891.2449,1.137619077204739E9,5276480,195057.0391,5.99510476371968E8,3125.45
2026-01-03T00:00:00,3125.46,3136.71,3076.0,134405.2258,4.17746796512137E8,1823251,66789.8067,2.07586674464872E8,3127.11
2026-01-04T00:00:00,3127.11,3167.22,3118.75,181576.0686,5.70517585648554E8,2261499,94783.8698,2.97836974892677E8,3144.7
2026-01-05T00:00:00,3144.71,3265.66,3135.02,382446.6618,1.219648843481487E9,5401982,188956.4336,6.02755810620799E8,3224.99
2026-01-06T00:00:00,3224.99,3308.86,3183.27,412503.5066,1.340863819954255E9,5310071,204316.7995,6.64312441651169E8,3296.84
2026-01-07T00:00:00,3296.83,3296.84,3125.42,321350.1225,1.027448724687839E9,4839276,154644.9184,4.94179925689907E8,3168.72
2026-01-08T00:00:00,3168.72,3184.39,3054.65,343616.1005,1.069846020042703E9,4982423,167834.9366,5.2245048402997E8,3106.65
2026-01-09T00:00:00,3106.66,3148.41,3058.69,274587.4533,8.51846982925553E8,4182570,137269.6714,4.2601119868438E8,3088.4
2026-01-10T00:00:00,3088.4,3104.12,3077.99,82341.0546,2.54495724002643E8,881069,44689.1628,1.38130908825049E8,3086.72
2026-01-11T00:00:00,3086.72,3147.27,3084.46,149381.2965,4.65227647583002E8,1522502,77521.2191,2.41470651783173E8,3123.45
2026-01-12T00:00:00,3123.46,3171.49,3065.55,297373.4681,9.28024542296001E8,4303605,145169.9489,4.53140052754557E8,3095.75
2026-01-13T00:00:00,3095.75,3367.79,3091.96,457782.2816,1.470983302124877E9,4876916,239733.9448,7.69970312592286E8,3325.82
2026-01-14T00:00:00,3325.83,3402.89,3280.48,503440.0759,1.682648500339798E9,5351410,242601.2111,8.11091133793289E8,3354.92
2026-01-15T00:00:00,3354.92,3384.19,3273.72,389993.836,1.29662825056622E9,4766390,182106.0811,6.05761505416469E8,3318.69
2026-01-16T00:00:00,3318.7,3326.79,3253.01,223921.7876,7.37278508749833E8,3528248,109159.1615,3.59334304757938E8,3296.28
2026-01-17T00:00:00,3296.28,3330.26,3283.96,124325.0303,4.1150886839151E8,1229614,68643.5852,2.27299910454937E8,3310.56
2026-01-18T00:00:00,3310.56,3368.82,3278.86,173354.3026,5.76301516530256E8,2227452,93056.7992,3.09424972081588E8,3284.03
2026-01-19T00:00:00,3284.04,3284.58,3165.38,442540.5596,1.421588263898261E9,4406164,225707.6739,7.25130247584568E8,3189.55
2026-01-20T00:00:00,3189.56,3200.5,2920.0,518166.4787,1.58697302680606E9,7228638,251605.1302,7.70975910793193E8,2939.88
2026-01-21T00:00:00,2939.88,3069.07,2866.11,577800.2481,1.712903183812053E9,8064316,296961.807,8.80621251790689E8,2982.27
2026-01-22T00:00:00,2982.28,3038.33,2906.02,291660.7349,8.67206892239138E8,4696521,144410.7947,4.29371629050317E8,2952.69
2026-01-23T00:00:00,2952.7,3019.26,2892.4,318415.3317,9.39757975669515E8,5479038,159251.2529,4.70264718669184E8,2956.41
2026-01-24T00:00:00,2956.41,2970.41,2943.84,92082.9039,2.72517275860426E8,1185149,41483.2107,1.22751060758119E8,2953.22
2026-01-25T00:00:00,2953.23,2960.29,2787.0,380186.5326,1.088137895952771E9,4637787,165133.7717,4.73021399881065E8,2816.89
2026-01-26T00:00:00,2816.9,2951.21,2812.37,485169.3372,1.405058143578595E9,5933570,239396.1448,6.93731253124194E8,2930.35
2026-01-27T00:00:00,2930.35,3035.08,2899.77,478792.3988,1.416537368433361E9,5278439,229630.1728,6.79191460936592E8,3026.77
2026-01-28T00:00:00,3026.77,3045.78,2983.67,296607.6549,8.94057677740365E8,5061029,154557.6064,4.6594630594887E8,3010.78
2026-01-29T00:00:00,3010.78,3013.5,2754.53,561288.5979,1.601894306039813E9,6779608,270939.8171,7.72718271379958E8,2822.59
2026-01-30T00:00:00,2822.6,2828.65,2636.01,793279.6252,2.161851949088385E9,10661631,388766.163,1.059467300875251E9,2707.38
2026-01-31T00:00:00,2707.37,2714.64,2250.0,1113097.7132,2.759353621321312E9,9305297,520430.2055,1.291798679952669E9,2451.95
2026-02-01T00:00:00,2451.96,2475.98,2222.0,1026573.9466,2.412828498627745E9,11038637,455879.6449,1.069127421804749E9,2270.15
2026-02-02T00:00:00,2270.16,2396.62,2157.14,1248535.2114,2.84217728624149E9,11149156,614416.942,1.398079659353768E9,2347.02
2026-02-03T00:00:00,2347.01,2359.88,2110.0,1321099.3867,2.981630480120865E9,11643770,666418.2157,1.505015892495484E9,2233.72
2026-02-04T00:00:00,2233.72,2295.74,2076.68,1264743.43,2.756607838332894E9,10912540,609896.0952,1.325924462845477E9,2148.26
2026-02-05T00:00:00,2148.25,2173.77,1818.18,1952286.6951,3.895174109785863E9,13667587,967965.2824,1.933830694362923E9,1826.83
2026-02-06T00:00:00,1826.83,2093.94,1747.8,2102311.5573,4.099448671011839E9,12362731,1189792.5763,2.323481388750452E9,2063.38
2026-02-07T00:00:00,2063.37,2121.7,1994.57,1142616.4487,2.350131251111509E9,7938360,548585.9421,1.128556150777751E9,2087.08
2026-02-08T00:00:00,2087.08,2152.03,2064.1,482837.2515,1.015368967858894E9,4379045,228020.7596,4.79809411995975E8,2089.74
2026-02-09T00:00:00,2089.73,2147.73,2008.62,625378.5569,1.299316807805279E9,6331904,315446.5313,6.55569971226274E8,2105.02
2026-02-10T00:00:00,2105.02,2124.71,1989.38,574321.6908,1.163710989708572E9,5159394,276990.265,5.6097501104426E8,2022.67
2026-02-11T00:00:00,2022.67,2032.31,1903.19,529655.8177,1.036100476102876E9,6450810,259017.7416,5.06650635748852E8,1941.18
2026-02-12T00:00:00,1941.19,2001.42,1897.24,427567.1469,8.33481568532024E8,5262808,212467.499,4.14232137149514E8,1947.85
2026-02-13T00:00:00,1947.85,2073.68,1924.72,425649.7698,8.5090779120718E8,4695571,215643.6192,4.31290771892009E8,2048.72
2026-02-14T00:00:00,2048.72,2107.67,2042.37,220677.2355,4.58319230494356E8,2720271,110065.542,2.28627817282618E8,2086.59
2026-02-15T00:00:00,2086.59,2103.32,1928.88,834778.0952,1.680654508880478E9,5864311,323503.2298,6.51093452905736E8,1966.58
2026-02-16T00:00:00,1966.59,2023.51,1937.24,351347.9433,6.94116360940269E8,4476026,178158.7858,3.52070618301827E8,1998.33
2026-02-17T00:00:00,1998.34,2015.33,1941.66,406246.9427,8.04961298709777E8,6420841,196947.7031,3.90162604367408E8,1991.66
2026-02-18T00:00:00,1991.67,2039.05,1923.78,393639.0086,7.78491630599568E8,5176537,191523.6119,3.78687588779843E8,1955.91
2026-02-19T00:00:00,1955.9,1987.55,1907.0,300257.0733,5.83869775947742E8,3793608,142030.3122,2.76036975737437E8,1949.08
2026-02-20T00:00:00,1949.08,1981.18,1922.97,386253.5557,7.55968932473526E8,3948261,186424.2257,3.64867772122704E8,1968.88
2026-02-21T00:00:00,1968.88,1995.56,1955.62,179173.8456,3.54489354648235E8,1362230,91535.9107,1.81134209820953E8,1973.35
2026-02-22T00:00:00,1973.35,1983.13,1935.0,155325.6482,3.04517550298572E8,1850073,77240.1124,1.51464074945039E8,1957.82
2026-02-23T00:00:00,1957.82,1958.33,1837.13,547359.4869,1.031859704045753E9,6684753,266498.7851,5.02378481411939E8,1856.3
2026-02-24T00:00:00,1856.3,1869.58,1800.0,438064.0284,8.04280693829216E8,6607359,205850.4101,3.78122255429729E8,1851.94
2026-02-25T00:00:00,1851.95,2148.39,1846.74,682979.4378,1.366356333151672E9,9024746,343230.549,6.86156732823848E8,2057.48
2026-02-26T00:00:00,2057.48,2083.33,1975.35,439783.3566,8.97062353242189E8,7142316,224781.9099,4.58691743982327E8,2027.68
2026-02-27T00:00:00,2027.68,2063.52,1887.0,428687.234,8.46919721884444E8,5213158,214287.6264,4.22880876500186E8,1929.84
2026-02-28T00:00:00,1929.84,1984.99,1835.36,461680.9835,8.77128283233712E8,6186042,229978.4238,4.37053523083052E8,1964.51
2026-03-01T00:00:00,1964.51,2054.8,1907.41,529196.8464,1.051030823789445E9,6616298,254547.6476,5.05531901718655E8,1939.71
2026-03-02T00:00:00,1939.71,2090.0,1920.0,577406.3749,1.154427554493893E9,9343785,299199.2494,5.98658734971255E8,2027.35
2026-03-03T00:00:00,2027.34,2041.48,1929.56,509329.8534,1.007923347106694E9,8311355,254251.3309,5.03251034902722E8,1982.8
2026-03-04T00:00:00,1982.81,2199.0,1945.08,737644.8152,1.537991054004056E9,9527323,368171.8559,7.67713624115772E8,2127.28
2026-03-05T00:00:00,2127.28,2163.66,2054.75,432157.8126,9.09578852988923E8,6753565,205453.4958,4.32642648347527E8,2072.86
2026-03-06T00:00:00,2072.86,2093.33,1955.95,411597.7569,8.31917068631373E8,5601424,197603.9435,3.99155087071218E8,1978.68
2026-03-07T00:00:00,1978.68,1996.04,1948.09,184459.82,3.6452923478772E8,2029543,89270.3932,1.76467060503114E8,1969.59
2026-03-08T00:00:00,1969.6,1979.8,1916.14,391189.7317,7.61435521244382E8,4044585,190729.8992,3.71905575962306E8,1937.1
2026-03-09T00:00:00,1937.11,2053.52,1929.65,550825.4883,1.102883352283049E9,6360581,282877.29,5.66353976452963E8,1992.98
2026-03-10T00:00:00,1992.97,2088.19,1991.0,463411.8739,9.48509257026159E8,5226998,240013.7173,4.91126376680953E8,2036.51
2026-03-11T00:00:00,2036.5,2085.58,2007.17,350061.256,7.17032957206017E8,4730286,172446.7326,3.53640487903065E8,2051.97
2026-03-12T00:00:00,2051.97,2095.0,2017.59,400507.8132,8.24458252126678E8,4757775,196694.8334,4.04852828040824E8,2073.52
2026-03-13T00:00:00,2073.51,2209.03,2070.12,599657.0399,1.279403180493586E9,6138489,300361.2151,6.41144458022528E8,2092.22
2026-03-14T00:00:00,2092.21,2106.09,2061.6,152500.5822,3.17648583840042E8,1584458,73409.361,1.52930062524787E8,2096.16
2026-03-15T00:00:00,2096.16,2202.87,2083.35,280825.9377,5.98811241300968E8,3001730,146142.3746,3.11760540134007E8,2178.3
2026-03-16T00:00:00,2178.29,2386.02,2164.73,845892.7756,1.930037154480769E9,7409311,445819.396,1.017103594869559E9,2352.97
2026-03-17T00:00:00,2352.97,2376.66,2294.15,493831.1016,1.152094007668437E9,5596636,240136.5065,5.60589683752158E8,2317.39
2026-03-18T00:00:00,2317.38,2350.0,2153.21,488040.8887,1.091022905103254E9,5684937,232364.5906,5.19214878002058E8,2203.39
2026-03-19T00:00:00,2203.39,2233.72,2099.38,490791.679,1.055407061657721E9,6142160,235483.1788,5.06383264144461E8,2137.81
2026-03-20T00:00:00,2137.82,2176.84,2116.88,300156.1778,6.42995528130654E8,4595372,162200.144,3.4756218659691E8,2146.22
2026-03-21T00:00:00,2146.21,2168.27,2070.78,132559.4646,2.83144610716903E8,1375463,63249.5812,1.35224634234885E8,2084.87
2026-03-22T00:00:00,2084.86,2127.21,2026.0,313070.5572,6.50684776658794E8,3577857,154345.7056,3.20941884725678E8,2053.89
2026-03-23T00:00:00,2053.9,2198.57,2023.04,614508.4369,1.308899803016499E9,7349668,310239.9864,6.60782033700741E8,2152.03
2026-03-24T00:00:00,2152.03,2175.16,2103.02,316703.4728,6.7810564681039E8,4633093,152304.1675,3.26179427042751E8,2156.23
2026-03-25T00:00:00,2156.22,2199.02,2146.35,275641.5255,5.99018681167746E8,3492121,139003.4847,3.02159076486272E8,2169.02
2026-03-26T00:00:00,2169.02,2172.19,2034.54,338010.6238,7.05496760970934E8,3890747,171588.2134,3.57646756153379E8,2060.43
2026-03-27T00:00:00,2060.43,2077.19,1970.93,394873.5248,7.9410862900714E8,3909237,206051.2798,4.14754558991471E8,1992.75
2026-03-28T00:00:00,1992.76,2047.45,1983.17,154831.8055,3.11328052147329E8,1569810,86378.919,1.7367314748441E8,1994.74
2026-03-29T00:00:00,1994.74,2019.65,1938.82,166726.7382,3.3124965402983E8,2049808,87697.2438,1.74245244856979E8,1984.64
2026-03-30T00:00:00,1984.65,2085.0,1980.28,338304.4344,6.91966365082457E8,3886546,174062.2111,3.55924242290809E8,2026.48
2026-03-31T00:00:00,2026.48,2124.03,2012.64,421897.9023,8.74387220206194E8,5013796,218379.1286,4.52866534126971E8,2105.43
2026-04-01T00:00:00,2105.43,2167.85,2082.08,399227.3779,8.52017259878771E8,4211533,203721.1114,4.34880842712559E8,2140.35
2026-04-02T00:00:00,2140.35,2159.37,2017.04,346872.8323,7.16548524665744E8,4462923,161146.8702,3.32893735583132E8,2057.17
2026-04-03T00:00:00,2057.18,2081.76,2040.66,136266.6393,2.80140562112841E8,1741595,64849.8016,1.3333903925233E8,2053.83
2026-04-04T00:00:00,2053.83,2084.0,2044.63,86504.4406,1.78054333996784E8,1246022,42789.6573,8.8100430809662E7,2065.52
2026-04-05T00:00:00,2065.51,2123.49,2021.5,157353.3199,3.24727424312346E8,2504865,78363.4974,1.61754815545079E8,2110.17
2026-04-06T00:00:00,2110.17,2174.79,2087.5,356054.2894,7.61391237671373E8,5330366,180414.5093,3.85813662231182E8,2107.16
2026-04-07T00:00:00,2107.16,2273.87,2060.24,460094.8093,9.86211206778875E8,5189711,239252.9777,5.13077515537625E8,2240.01
2026-04-08T00:00:00,2240.01,2270.55,2179.78,404717.6321,9.02920921749915E8,4339985,190983.3243,4.26109014229703E8,2190.0
2026-04-09T00:00:00,2190.0,2246.0,2157.31,275317.9503,6.04408302665429E8,3756386,135540.5413,2.97732725565674E8,2190.2
2026-04-10T00:00:00,2190.17,2257.99,2176.1,272899.0858,6.05992300076126E8,2929213,132077.3122,2.93534507028314E8,2245.05
2026-04-11T00:00:00,2245.06,2329.93,2229.0,214785.4039,4.88370993146922E8,1929651,107238.9877,2.43918090904994E8,2284.99
2026-04-12T00:00:00,2285.0,2288.57,2175.0,258156.8821,5.71520838841888E8,2575808,125658.2437,2.78162577109033E8,2191.65
2026-04-13T00:00:00,2191.64,2394.71,2175.68,453870.8292,1.029253015586254E9,4527557,234599.9045,5.31843331731738E8,2369.46
2026-04-14T00:00:00,2369.46,2415.5,2302.9,460107.3841,1.087699649074122E9,3689565,226148.4763,5.34958937284315E8,2322.44
2026-04-15T00:00:00,2322.44,2385.61,2308.5,268190.6377,6.27841344479089E8,3232871,126442.7153,2.95982409848983E8,2359.95
2026-04-16T00:00:00,2359.94,2369.59,2285.1,328960.9377,7.67882725893263E8,3793210,155922.2439,3.63994207031231E8,2348.17
2026-04-17T00:00:00,2348.16,2464.91,2317.43,491731.3615,1.182467392606106E9,4541654,252564.9694,6.07785958798977E8,2419.0
2026-04-18T00:00:00,2419.0,2427.64,2339.92,221741.3888,5.26019366775183E8,2045925,98727.0694,2.34161468610884E8,2350.32
2026-04-19T00:00:00,2350.33,2355.3,2252.72,256086.8276,5.9110851309305E8,2728260,119800.9019,2.76635006888945E8,2263.27
2026-04-20T00:00:00,2263.28,2346.78,2259.67,301000.0659,6.94052197978693E8,3751621,149027.6285,3.43672032590961E8,2313.85
2026-04-21T00:00:00,2313.84,2338.75,2284.19,226645.977,5.2418694963958E8,3398934,108621.4578,2.51286503845979E8,2327.14
2026-04-22T00:00:00,2327.15,2423.75,2312.95,379707.1259,9.06985929200687E8,4230243,191758.2678,4.5799692349354E8,2374.07
2026-04-23T00:00:00,2374.08,2382.0,2285.42,356645.6923,8.31612346681225E8,4079579,169637.8993,3.95788711633604E8,2330.26
2026-04-24T00:00:00,2330.27,2337.5,2300.22,183887.6181,4.26084826217819E8,2413824,88184.8381,2.04323992883765E8,2314.99
2026-04-25T00:00:00,2314.98,2323.21,2300.55,68139.2191,1.57673587538543E8,658757,33589.8529,7.7727130994055E7,2319.5
2026-04-26T00:00:00,2319.49,2380.0,2306.72,154591.6219,3.63039217940693E8,1508570,76876.1717,1.80579327354915E8,2369.44
2026-04-27T00:00:00,2369.45,2404.37,2266.09,300363.8586,6.97653543100754E8,3192282,143798.2975,3.34290742028397E8,2303.67
2026-04-28T00:00:00,2303.66,2310.88,2258.24,187932.2201,4.29094630508975E8,2346992,94578.0797,2.15948355744806E8,2289.42
2026-04-29T00:00:00,2289.42,2346.95,2220.36,355078.1015,8.11555243527633E8,3588292,178999.8027,4.09301744342773E8,2252.9
2026-04-30T00:00:00,2252.9,2279.0,2231.64,167194.2776,3.77557889671635E8,2649837,83993.1124,1.89738754617926E8,2257.51
2026-05-01T00:00:00,2257.51,2325.28,2257.21,191082.555,4.38751255827916E8,1805481,89533.7329,2.05580455528971E8,2295.63
2026-05-02T00:00:00,2295.63,2343.6,2292.91,85588.4724,1.97914496937889E8,870699,45662.7959,1.0564997974995E8,2316.97
2026-05-03T00:00:00,2316.97,2356.92,2297.59,151074.4342,3.51370000018079E8,1374290,74492.1738,1.73304008274475E8,2322.65
2026-05-04T00:00:00,2322.65,2398.93,2309.24,453020.7985,1.067990750066591E9,4137093,220556.484,5.19975851029142E8,2347.16
2026-05-05T00:00:00,2347.17,2399.5,2344.93,286636.7312,6.81480549110581E8,2512190,139328.0697,3.31307244778156E8,2360.77
2026-05-06T00:00:00,2360.76,2423.74,2338.0,420667.3161,9.99441628415373E8,3062625,193007.5534,4.59022962968137E8,2350.84
2026-05-07T00:00:00,2350.84,2352.3,2280.1,469521.9378,1.084720938606199E9,3191083,177521.5123,4.10305896179507E8,2291.06
2026-05-08T00:00:00,2291.06,2321.22,2265.61,421035.1582,9.64540001642085E8,2568056,164773.9995,3.7728768273126E8,2307.06
2026-05-09T00:00:00,2307.07,2338.37,2300.0,230431.157,5.34441724095869E8,1248625,90960.5803,2.10978434967519E8,2326.44
2026-05-10T00:00:00,2326.43,2382.53,2311.83,398122.8623,9.33278254427879E8,2272749,219121.332,5.14296301197561E8,2371.27
2026-05-11T00:00:00,2371.26,2374.92,2304.0,236962.0552,5.53428064252923E8,2594593,103490.2032,2.41738239910142E8,2339.87
2026-05-12T00:00:00,2339.88,2340.85,2256.27,252981.1082,5.79204959797464E8,2520381,112560.2947,2.57748542882055E8,2274.96
2026-05-13T00:00:00,2274.97,2323.36,2234.13,258455.7299,5.87994702421878E8,2145600,124180.3611,2.82671652633523E8,2258.65
2026-05-14T00:00:00,2258.66,2319.33,2238.64,256680.8359,5.8536870859742E8,2730407,127752.3579,2.91429330031826E8,2283.25
2026-05-15T00:00:00,2283.26,2300.29,2205.11,288536.5507,6.47433872912318E8,2977308,123184.0319,2.76140795808395E8,2224.66
2026-05-16T00:00:00,2224.65,2231.51,2162.55,199288.5761,4.35687947067346E8,1541883,91742.2991,2.0061758605155E8,2180.77
2026-05-17T00:00:00,2180.77,2198.14,2091.48,175116.8149,3.78577487527797E8,1638605,83798.741,1.81236111536705E8,2131.0
2026-05-18T00:00:00,2131.0,2157.24,2077.23,381878.3932,8.08389842464257E8,3981985,183892.1637,3.89344799124016E8,2130.08
2026-05-19T00:00:00,2130.08,2146.95,2094.47,186945.075,3.96338335855304E8,2356965,86073.6731,1.8258095416811E8,2111.93
2026-05-20T00:00:00,2111.93,2149.0,2103.29,189088.294,4.02576774240436E8,2256505,93912.9824,1.99953325021528E8,2129.44
2026-05-21T00:00:00,2129.44,2157.5,2105.15,232889.1117,4.96323964944403E8,2526150,118956.068,2.53517525206181E8,2133.76
2026-05-22T00:00:00,2133.77,2141.39,2057.79,221783.2548,4.6701725254059E8,2344218,109989.3764,2.31748468554101E8,2065.85
2026-05-23T00:00:00,2065.86,2149.95,2009.3,350546.2289,7.26153698577792E8,2641732,186016.0823,3.85175449162648E8,2117.68
2026-05-24T00:00:00,2117.69,2132.14,2063.0,197748.7605,4.16532783725252E8,1928016,95960.6284,2.02225441429743E8,2099.85
