date,BTC.high_4,BTC.high_3,BTC.high_2,BTC.high_1,BTC.high,BTC.low_4,BTC.low_3,BTC.low_2,BTC.low_1,BTC.low,BTC.volume_4,BTC.volume_3,BTC.volume_2,BTC.volume_1,BTC.volume,BTC.return_4,BTC.return_3,BTC.return_2,BTC.return_1,BTC.return,BTC.close_4,BTC.close_3,BTC.close_2,BTC.close_1,BTC.close,LTC.high_4,LTC.high_3,LTC.high_2,LTC.high_1,LTC.high,LTC.low_4,LTC.low_3,LTC.low_2,LTC.low_1,LTC.low,LTC.volume_4,LTC.volume_3,LTC.volume_2,LTC.volume_1,LTC.volume,LTC.return_4,LTC.return_3,LTC.return_2,LTC.return_1,LTC.return,LTC.close_4,LTC.close_3,LTC.close_2,LTC.close_1,LTC.close,ETH.high_4,ETH.high_3,ETH.high_2,ETH.high_1,ETH.high,ETH.low_4,ETH.low_3,ETH.low_2,ETH.low_1,ETH.low,ETH.volume_4,ETH.volume_3,ETH.volume_2,ETH.volume_1,ETH.volume,ETH.return_4,ETH.return_3,ETH.return_2,ETH.return_1,ETH.return,ETH.close_4,ETH.close_3,ETH.close_2,ETH.close_1,ETH.close,target
2025-11-30T01:27:24,90656.08,91950,93092,91165.65,92000.01,86306.77,90089.91,90180.63,90155.47,90336.9,21675.82239,16833.50932,18830.86012,7429.88291,9687.74175,0.00939315,-0.004853069,-9.71E-04,-0.004872556,-0.045086211,90484.02,91333.95,90890.7,90802.44,90360,87.72,87.8,86.77,85.73,84.83,83.28,85.97,83.13,83.14,82.27,397790.638,271246.188,366205.629,188495.208,173562.982,-0.003223207,-0.027370366,-0.003205889,-0.018701608,-0.058630736,86.87,86.59,84.22,83.95,82.38,3045,3071.37,3099,3052.64,3053.02,2888.69,2985.78,2994.36,2961.91,2975.3,364535.326,274980.3955,346616.0275,217904.1303,182722.4253,-0.003743524,0.005279863,-0.013852828,7.03E-04,-0.064250517,3026.56,3015.23,3031.15,2989.16,2991.26,2799.07
2025-12-01T01:27:24,91950,93092,91165.65,92000.01,90417,90089.91,90180.63,90155.47,90336.9,83822.76,16833.50932,18830.86012,7429.88291,9687.74175,34509.01227,-0.004853069,-9.71E-04,-0.004872556,-0.045086211,0.0578526,91333.95,90890.7,90802.44,90360,86286.01,87.8,86.77,85.73,84.83,82.5,85.97,83.13,83.14,82.27,74.66,271246.188,366205.629,188495.208,173562.982,768955.214,-0.027370366,-0.003205889,-0.018701608,-0.058630736,0.06756931,86.59,84.22,83.95,82.38,77.55,3071.37,3099,3052.64,3053.02,2999.47,2985.78,2994.36,2961.91,2975.3,2716.04,274980.3955,346616.0275,217904.1303,182722.4253,849002.9909,0.005279863,-0.013852828,7.03E-04,-0.064250517,0.070380519,3015.23,3031.15,2989.16,2991.26,2799.07,2996.07
2025-12-02T01:27:24,93092,91165.65,92000.01,90417,92307.65,90180.63,90155.47,90336.9,83822.76,86184.39,18830.86012,7429.88291,9687.74175,34509.01227,28210.22732,-9.71E-04,-0.004872556,-0.045086211,0.0578526,0.023577125,90890.7,90802.44,90360,86286.01,91277.88,86.77,85.73,84.83,82.5,83.31,83.13,83.14,82.27,74.66,77.31,366205.629,188495.208,173562.982,768955.214,416570.506,-0.003205889,-0.018701608,-0.058630736,0.06756931,0.036719411,84.22,83.95,82.38,77.55,82.79,3099,3052.64,3053.02,2999.47,3033.76,2994.36,2961.91,2975.3,2716.04,2782.19,346616.0275,217904.1303,182722.4253,849002.9909,523707.3586,-0.013852828,7.03E-04,-0.064250517,0.070380519,0.064180743,3031.15,2989.16,2991.26,2799.07,2996.07,3188.36
2025-12-03T01:27:24,91165.65,92000.01,90417,92307.65,94150,90155.47,90336.9,83822.76,86184.39,90990.23,7429.88291,9687.74175,34509.01227,28210.22732,25712.52585,-0.004872556,-0.045086211,0.0578526,0.023577125,-0.014469557,90802.44,90360,86286.01,91277.88,93429.95,85.73,84.83,82.5,83.31,86.73,83.14,82.27,74.66,77.31,82.5,188495.208,173562.982,768955.214,416570.506,501837.773,-0.018701608,-0.058630736,0.06756931,0.036719411,-0.026680648,83.95,82.38,77.55,82.79,85.83,3052.64,3053.02,2999.47,3033.76,3214.99,2961.91,2975.3,2716.04,2782.19,2985.58,217904.1303,182722.4253,849002.9909,523707.3586,553669.8146,7.03E-04,-0.064250517,0.070380519,0.064180743,-0.017281612,2989.16,2991.26,2799.07,2996.07,3188.36,3133.26
2025-12-04T01:27:24,92000.01,90417,92307.65,94150,94080,90336.9,83822.76,86184.39,90990.23,90889,9687.74175,34509.01227,28210.22732,25712.52585,19803.94059,-0.045086211,0.0578526,0.023577125,-0.014469557,-0.02984446,90360,86286.01,91277.88,93429.95,92078.06,84.83,82.5,83.31,86.73,86.77,82.27,74.66,77.31,82.5,82.16,173562.982,768955.214,416570.506,501837.773,457518.638,-0.058630736,0.06756931,0.036719411,-0.026680648,-0.037826191,82.38,77.55,82.79,85.83,83.54,3053.02,2999.47,3033.76,3214.99,3240.35,2975.3,2716.04,2782.19,2985.58,3066.37,182722.4253,849002.9909,523707.3586,553669.8146,486698.3987,-0.064250517,0.070380519,0.064180743,-0.017281612,-0.035579556,2991.26,2799.07,2996.07,3188.36,3133.26,3021.78
2025-12-05T01:27:24,90417,92307.65,94150,94080,92692.36,83822.76,86184.39,90990.23,90889,88056,34509.01227,28210.22732,25712.52585,19803.94059,19792.97218,0.0578526,0.023577125,-0.014469557,-0.02984446,-0.001043882,86286.01,91277.88,93429.95,92078.06,89330.04,82.5,83.31,86.73,86.77,84.13,74.66,77.31,82.5,82.16,79.59,768955.214,416570.506,501837.773,457518.638,404693.922,0.06756931,0.036719411,-0.026680648,-0.037826191,0.016173177,77.55,82.79,85.83,83.54,80.38,2999.47,3033.76,3214.99,3240.35,3193.33,2716.04,2782.19,2985.58,3066.37,2983.08,849002.9909,523707.3586,553669.8146,486698.3987,530382.8986,0.070380519,0.064180743,-0.017281612,-0.035579556,0.005387553,2799.07,2996.07,3188.36,3133.26,3021.78,3038.06
2025-12-06T01:27:24,92307.65,94150,94080,92692.36,90289.97,86184.39,90990.23,90889,88056,88908.01,28210.22732,25712.52585,19803.94059,19792.97218,8409.50016,0.023577125,-0.014469557,-0.02984446,-0.001043882,0.012982538,91277.88,93429.95,92078.06,89330.04,89236.79,83.31,86.73,86.77,84.13,82.52,77.31,82.5,82.16,79.59,79.9,416570.506,501837.773,457518.638,404693.922,271214.908,0.036719411,-0.026680648,-0.037826191,0.016173177,-0.003060725,82.79,85.83,83.54,80.38,81.68,3033.76,3214.99,3240.35,3193.33,3069,2782.19,2985.58,3066.37,2983.08,3012.58,523707.3586,553669.8146,486698.3987,530382.8986,159721.2488,0.064180743,-0.017281612,-0.035579556,0.005387553,0.00717234,2996.07,3188.36,3133.26,3021.78,3038.06,3059.85
2025-12-07T01:27:24,94150,94080,92692.36,90289.97,91760,90990.23,90889,88056,88908.01,87719.28,25712.52585,19803.94059,19792.97218,8409.50016,13021.11185,-0.014469557,-0.02984446,-0.001043882,0.012982538,0.002644274,93429.95,92078.06,89330.04,89236.79,90395.31,86.73,86.77,84.13,82.52,83.76,82.5,82.16,79.59,79.9,79.88,501837.773,457518.638,404693.922,271214.908,278926.302,-0.026680648,-0.037826191,0.016173177,-0.003060725,0.029964387,85.83,83.54,80.38,81.68,81.43,3214.99,3240.35,3193.33,3069,3150,2985.58,3066.37,2983.08,3012.58,2907.52,553669.8146,486698.3987,530382.8986,159721.2488,391129.675,-0.017281612,-0.035579556,0.005387553,0.00717234,0.02101737,3188.36,3133.26,3021.78,3038.06,3059.85,3124.16
2025-12-08T01:27:24,94080,92692.36,90289.97,91760,92287.15,90889,88056,88908.01,87719.28,89612,19803.94059,19792.97218,8409.50016,13021.11185,15793.63887,-0.02984446,-0.001043882,0.012982538,0.002644274,0.022557234,92078.06,89330.04,89236.79,90395.31,90634.34,86.77,84.13,82.52,83.76,84.49,82.16,79.59,79.9,79.88,81.01,457518.638,404693.922,271214.908,278926.302,356631.49,-0.037826191,0.016173177,-0.003060725,0.029964387,0.023250268,83.54,80.38,81.68,81.43,83.87,3240.35,3193.33,3069,3150,3180.51,3066.37,2983.08,3012.58,2907.52,3040.87,486698.3987,530382.8986,159721.2488,391129.675,452820.2207,-0.035579556,0.005387553,0.00717234,0.02101737,0.062058281,3133.26,3021.78,3038.06,3059.85,3124.16,3318.04
2025-12-09T01:27:24,92692.36,90289.97,91760,92287.15,94588.99,88056,88908.01,87719.28,89612,89500,19792.97218,8409.50016,13021.11185,15793.63887,21240.43014,-0.001043882,0.012982538,0.002644274,0.022557234,-0.007158379,89330.04,89236.79,90395.31,90634.34,92678.8,84.13,82.52,83.76,84.49,87.54,79.59,79.9,79.88,81.01,82.47,404693.922,271214.908,278926.302,356631.49,438493.075,0.016173177,-0.003060725,0.029964387,0.023250268,-0.017711489,80.38,81.68,81.43,83.87,85.82,3193.33,3069,3150,3180.51,3397.85,2983.08,3012.58,2907.52,3040.87,3090.8,530382.8986,159721.2488,391129.675,452820.2207,603859.9458,0.005387553,0.00717234,0.02101737,0.062058281,0.001838435,3021.78,3038.06,3059.85,3124.16,3318.04,3324.14
2025-12-10T01:27:24,90289.97,91760,92287.15,94588.99,94476,88908.01,87719.28,89612,89500,91563.15,8409.50016,13021.11185,15793.63887,21240.43014,18998.68083,0.012982538,0.002644274,0.022557234,-0.007158379,0.005412248,89236.79,90395.31,90634.34,92678.8,92015.37,82.52,83.76,84.49,87.54,87.09,79.9,79.88,81.01,82.47,83.74,271214.908,278926.302,356631.49,438493.075,343758.859,-0.003060725,0.029964387,0.023250268,-0.017711489,-0.016251483,81.68,81.43,83.87,85.82,84.3,3069,3150,3180.51,3397.85,3447.44,3012.58,2907.52,3040.87,3090.8,3288.1,159721.2488,391129.675,452820.2207,603859.9458,539585.4535,0.00717234,0.02101737,0.062058281,0.001838435,-0.026096975,3038.06,3059.85,3124.16,3318.04,3324.14,3237.39
2025-12-11T01:27:24,91760,92287.15,94588.99,94476,93555,87719.28,89612,89500,91563.15,89260.63,13021.11185,15793.63887,21240.43014,18998.68083,19972.58758,0.002644274,0.022557234,-0.007158379,0.005412248,-0.024266328,90395.31,90634.34,92678.8,92015.37,92513.38,83.76,84.49,87.54,87.09,84.59,79.88,81.01,82.47,83.74,80.31,278926.302,356631.49,438493.075,343758.859,447190.593,0.029964387,0.023250268,-0.017711489,-0.016251483,-0.011817195,81.43,83.87,85.82,84.3,82.93,3150,3180.51,3397.85,3447.44,3327.37,2907.52,3040.87,3090.8,3288.1,3145.28,391129.675,452820.2207,603859.9458,539585.4535,504114.2391,0.02101737,0.062058281,0.001838435,-0.026096975,-0.047115114,3059.85,3124.16,3318.04,3324.14,3237.39,3084.86
2025-12-12T01:27:24,92287.15,94588.99,94476,93555,92754,89612,89500,91563.15,89260.63,89480,15793.63887,21240.43014,18998.68083,19972.58758,16679.19169,0.022557234,-0.007158379,0.005412248,-0.024266328,-3.15E-04,90634.34,92678.8,92015.37,92513.38,90268.42,84.49,87.54,87.09,84.59,84.49,81.01,82.47,83.74,80.31,80.5,356631.49,438493.075,343758.859,447190.593,300466.28,0.023250268,-0.017711489,-0.016251483,-0.011817195,-0.00585723,83.87,85.82,84.3,82.93,81.95,3180.51,3397.85,3447.44,3327.37,3265.5,3040.87,3090.8,3288.1,3145.28,3045.31,452820.2207,603859.9458,539585.4535,504114.2391,435686.4435,0.062058281,0.001838435,-0.026096975,-0.047115114,0.009653599,3124.16,3318.04,3324.14,3237.39,3084.86,3114.64
2025-12-13T01:27:24,94588.99,94476,93555,92754,90634.55,89500,91563.15,89260.63,89480,89766.39,21240.43014,18998.68083,19972.58758,16679.19169,5895.70788,-0.007158379,0.005412248,-0.024266328,-3.15E-04,-0.022914891,92678.8,92015.37,92513.38,90268.42,90240.01,87.54,87.09,84.59,84.49,82.45,82.47,83.74,80.31,80.5,80.77,438493.075,343758.859,447190.593,300466.28,150564.427,-0.017711489,-0.016251483,-0.011817195,-0.00585723,-0.030808887,85.82,84.3,82.93,81.95,81.47,3397.85,3447.44,3327.37,3265.5,3135.68,3090.8,3288.1,3145.28,3045.31,3078.6,603859.9458,539585.4535,504114.2391,435686.4435,136465.7567,0.001838435,-0.026096975,-0.047115114,0.009653599,-0.016419233,3318.04,3324.14,3237.39,3084.86,3114.64,3063.5
2025-12-14T01:27:24,94476,93555,92754,90634.55,90472.4,91563.15,89260.63,89480,89766.39,87577.36,18998.68083,19972.58758,16679.19169,5895.70788,9416.94004,0.005412248,-0.024266328,-3.15E-04,-0.022914891,-0.019735139,92015.37,92513.38,90268.42,90240.01,88172.17,87.09,84.59,84.49,82.45,81.99,83.74,80.31,80.5,80.77,77.96,343758.859,447190.593,300466.28,150564.427,246089.417,-0.016251483,-0.011817195,-0.00585723,-0.030808887,-0.018363728,84.3,82.93,81.95,81.47,78.96,3447.44,3327.37,3265.5,3135.68,3129.54,3288.1,3145.28,3045.31,3078.6,3024.44,539585.4535,504114.2391,435686.4435,136465.7567,279058.3545,-0.026096975,-0.047115114,0.009653599,-0.016419233,-0.03220173,3324.14,3237.39,3084.86,3114.64,3063.5,2964.85
2025-12-15T01:27:24,93555,92754,90634.55,90472.4,90052.64,89260.63,89480,89766.39,87577.36,85146.64,19972.58758,16679.19169,5895.70788,9416.94004,19778.6919,-0.024266328,-3.15E-04,-0.022914891,-0.019735139,0.016560286,92513.38,90268.42,90240.01,88172.17,86432.08,84.59,84.49,82.45,81.99,81.42,80.31,80.5,80.77,77.96,75.74,447190.593,300466.28,150564.427,246089.417,377024.701,-0.011817195,-0.00585723,-0.030808887,-0.018363728,0.020255451,82.93,81.95,81.47,78.96,77.51,3327.37,3265.5,3135.68,3129.54,3177.5,3145.28,3045.31,3078.6,3024.44,2894.57,504114.2391,435686.4435,136465.7567,279058.3545,520509.9555,-0.047115114,0.009653599,-0.016419233,-0.03220173,-8.60E-04,3237.39,3084.86,3114.64,3063.5,2964.85,2962.3
2025-12-16T01:27:24,92754,90634.55,90472.4,90052.64,88175.98,89480,89766.39,87577.36,85146.64,85266,16679.19169,5895.70788,9416.94004,19778.6919,18456.05017,-3.15E-04,-0.022914891,-0.019735139,0.016560286,-0.018439983,90268.42,90240.01,88172.17,86432.08,87863.42,84.49,82.45,81.99,81.42,79.89,80.5,80.77,77.96,75.74,76.44,300466.28,150564.427,246089.417,377024.701,398870.126,-0.00585723,-0.030808887,-0.018363728,0.020255451,-0.038821447,81.95,81.47,78.96,77.51,79.08,3265.5,3135.68,3129.54,3177.5,2981.87,3045.31,3078.6,3024.44,2894.57,2876,435686.4435,136465.7567,279058.3545,520509.9555,378293.1159,0.009653599,-0.016419233,-0.03220173,-8.60E-04,-0.043483104,3084.86,3114.64,3063.5,2964.85,2962.3,2833.49
2025-12-17T01:27:24,90634.55,90472.4,90052.64,88175.98,90365.85,89766.39,87577.36,85146.64,85266,85314,5895.70788,9416.94004,19778.6919,18456.05017,19834.11729,-0.022914891,-0.019735139,0.016560286,-0.018439983,-0.008427445,90240.01,88172.17,86432.08,87863.42,86243.22,82.45,81.99,81.42,79.89,81.04,80.77,77.96,75.74,76.44,75.16,150564.427,246089.417,377024.701,398870.126,376262.289,-0.030808887,-0.018363728,0.020255451,-0.038821447,-0.022628601,81.47,78.96,77.51,79.08,76.01,3135.68,3129.54,3177.5,2981.87,3030.92,3078.6,3024.44,2894.57,2876,2791.02,136465.7567,279058.3545,520509.9555,378293.1159,497630.4162,-0.016419233,-0.03220173,-8.60E-04,-0.043483104,-0.001736375,3114.64,3063.5,2964.85,2962.3,2833.49,2828.57
2025-12-18T01:27:24,90472.4,90052.64,88175.98,90365.85,89477.61,87577.36,85146.64,85266,85314,84450.01,9416.94004,19778.6919,18456.05017,19834.11729,25405.41763,-0.019735139,0.016560286,-0.018439983,-0.008427445,0.030643592,88172.17,86432.08,87863.42,86243.22,85516.41,81.99,81.42,79.89,81.04,78.56,77.96,75.74,76.44,75.16,72.64,246089.417,377024.701,398870.126,376262.289,475331.443,-0.018363728,0.020255451,-0.038821447,-0.022628601,0.043074438,78.96,77.51,79.08,76.01,74.29,3129.54,3177.5,2981.87,3030.92,2997.4,3024.44,2894.57,2876,2791.02,2775.19,279058.3545,520509.9555,378293.1159,497630.4162,595253.7997,-0.03220173,-8.60E-04,-0.043483104,-0.001736375,0.053359118,3063.5,2964.85,2962.3,2833.49,2828.57,2979.5
2025-12-19T01:27:24,90052.64,88175.98,90365.85,89477.61,89399.97,85146.64,85266,85314,84450.01,85110.24,19778.6919,18456.05017,19834.11729,25405.41763,21256.65004,0.016560286,-0.018439983,-0.008427445,0.030643592,0.002541046,86432.08,87863.42,86243.22,85516.41,88136.94,81.42,79.89,81.04,78.56,78.02,75.74,76.44,75.16,72.64,73.56,377024.701,398870.126,376262.289,475331.443,362068.467,0.020255451,-0.038821447,-0.022628601,0.043074438,0.004516712,77.51,79.08,76.01,74.29,77.49,3177.5,2981.87,3030.92,2997.4,3020,2894.57,2876,2791.02,2775.19,2808.63,520509.9555,378293.1159,497630.4162,595253.7997,531702.5439,-8.60E-04,-0.043483104,-0.001736375,0.053359118,-5.27E-04,2964.85,2962.3,2833.49,2828.57,2979.5,2977.93
2025-12-20T01:27:24,88175.98,90365.85,89477.61,89399.97,88573.07,85266,85314,84450.01,85110.24,87795.76,18456.05017,19834.11729,25405.41763,21256.65004,5123.13194,-0.018439983,-0.008427445,0.030643592,0.002541046,0.00337208,87863.42,86243.22,85516.41,88136.94,88360.9,79.89,81.04,78.56,78.02,79.41,76.44,75.16,72.64,73.56,76.43,398870.126,376262.289,475331.443,362068.467,157890.421,-0.038821447,-0.022628601,0.043074438,0.004516712,-0.013489209,79.08,76.01,74.29,77.49,77.84,2981.87,3030.92,2997.4,3020,2994.41,2876,2791.02,2775.19,2808.63,2964.17,378293.1159,497630.4162,595253.7997,531702.5439,91783.7734,-0.043483104,-0.001736375,0.053359118,-5.27E-04,0.008089512,2962.3,2833.49,2828.57,2979.5,2977.93,3002.02
2025-12-21T01:27:24,90365.85,89477.61,89399.97,88573.07,89081.77,85314,84450.01,85110.24,87795.76,87600.04,19834.11729,25405.41763,21256.65004,5123.13194,7132.87258,-0.008427445,0.030643592,0.002541046,0.00337208,-4.29E-04,86243.22,85516.41,88136.94,88360.9,88658.86,81.04,78.56,78.02,79.41,78.05,75.16,72.64,73.56,76.43,75.46,376262.289,475331.443,362068.467,157890.421,208349.125,-0.022628601,0.043074438,0.004516712,-0.013489209,0.003385858,76.01,74.29,77.49,77.84,76.79,3030.92,2997.4,3020,2994.41,3013.4,2791.02,2775.19,2808.63,2964.17,2944,497630.4162,595253.7997,531702.5439,91783.7734,162244.8067,-0.001736375,0.053359118,-5.27E-04,0.008089512,0.002488325,2833.49,2828.57,2979.5,2977.93,3002.02,3009.49
2025-12-22T01:27:24,89477.61,89399.97,88573.07,89081.77,90588.23,84450.01,85110.24,87795.76,87600.04,87900,25405.41763,21256.65004,5123.13194,7132.87258,14673.2197,0.030643592,0.002541046,0.00337208,-4.29E-04,-0.012805009,85516.41,88136.94,88360.9,88658.86,88620.79,78.56,78.02,79.41,78.05,79.49,72.64,73.56,76.43,75.46,76.35,475331.443,362068.467,157890.421,208349.125,307831.718,0.043074438,0.004516712,-0.013489209,0.003385858,-5.19E-04,74.29,77.49,77.84,76.79,77.05,2997.4,3020,2994.41,3013.4,3077.39,2775.19,2808.63,2964.17,2944,2963.43,595253.7997,531702.5439,91783.7734,162244.8067,298443.5633,0.053359118,-5.27E-04,0.008089512,0.002488325,-0.01477659,2828.57,2979.5,2977.93,3002.02,3009.49,2965.02
2025-12-23T01:27:24,89399.97,88573.07,89081.77,90588.23,88940,85110.24,87795.76,87600.04,87900,86601.9,21256.65004,5123.13194,7132.87258,14673.2197,13910.32904,0.002541046,0.00337208,-4.29E-04,-0.012805009,0.002096907,88136.94,88360.9,88658.86,88620.79,87486,78.02,79.41,78.05,79.49,77.96,73.56,76.43,75.46,76.35,75.53,362068.467,157890.421,208349.125,307831.718,260524.06,0.004516712,-0.013489209,0.003385858,-5.19E-04,-0.015842098,77.49,77.84,76.79,77.05,77.01,3020,2994.41,3013.4,3077.39,3035.79,2808.63,2964.17,2944,2963.43,2900.93,531702.5439,91783.7734,162244.8067,298443.5633,386465.747,-5.27E-04,0.008089512,0.002488325,-0.01477659,-0.005919016,2979.5,2977.93,3002.02,3009.49,2965.02,2947.47
2025-12-24T01:27:24,88573.07,89081.77,90588.23,88940,88049.89,87795.76,87600.04,87900,86601.9,86420,5123.13194,7132.87258,14673.2197,13910.32904,9140.8432,0.00337208,-4.29E-04,-0.012805009,0.002096907,-0.005066531,88360.9,88658.86,88620.79,87486,87669.45,79.41,78.05,79.49,77.96,77.42,76.43,75.46,76.35,75.53,75.22,157890.421,208349.125,307831.718,260524.06,266137.657,-0.013489209,0.003385858,-5.19E-04,-0.015842098,-0.001055548,77.84,76.79,77.05,77.01,75.79,2994.41,3013.4,3077.39,3035.79,2978.15,2964.17,2944,2963.43,2900.93,2888.7,91783.7734,162244.8067,298443.5633,386465.747,197035.5598,0.008089512,0.002488325,-0.01477659,-0.005919016,-0.014765205,2977.93,3002.02,3009.49,2965.02,2947.47,2903.95
2025-12-25T01:27:24,89081.77,90588.23,88940,88049.89,88592.74,87600.04,87900,86601.9,86420,86934.72,7132.87258,14673.2197,13910.32904,9140.8432,7096.58235,-4.29E-04,-0.012805009,0.002096907,-0.005066531,0.001654222,88658.86,88620.79,87486,87669.45,87225.27,78.05,79.49,77.96,77.42,77.57,75.46,76.35,75.53,75.22,75.36,208349.125,307831.718,260524.06,266137.657,204493.057,0.003385858,-5.19E-04,-0.015842098,-0.001055548,0.015321622,76.79,77.05,77.01,75.79,75.71,3013.4,3077.39,3035.79,2978.15,2971.46,2944,2963.43,2900.93,2888.7,2891.2,162244.8067,298443.5633,386465.747,197035.5598,188721.2981,0.002488325,-0.01477659,-0.005919016,-0.014765205,0.008278379,3002.02,3009.49,2965.02,2947.47,2903.95,2927.99
2025-12-26T01:27:24,90588.23,88940,88049.89,88592.74,89567.75,87900,86601.9,86420,86934.72,86655.08,14673.2197,13910.32904,9140.8432,7096.58235,18344.61505,-0.012805009,0.002096907,-0.005066531,0.001654222,0.005808087,88620.79,87486,87669.45,87225.27,87369.56,79.49,77.96,77.42,77.57,78,76.35,75.53,75.22,75.36,75.48,307831.718,260524.06,266137.657,204493.057,254509.443,-5.19E-04,-0.015842098,-0.001055548,0.015321622,0.045011058,77.05,77.01,75.79,75.71,76.87,3077.39,3035.79,2978.15,2971.46,2994.38,2963.43,2900.93,2888.7,2891.2,2894.26,298443.5633,386465.747,197035.5598,188721.2981,314830.9989,-0.01477659,-0.005919016,-0.014765205,0.008278379,0.007192648,3009.49,2965.02,2947.47,2903.95,2927.99,2949.05
2025-12-27T01:27:24,88940,88049.89,88592.74,89567.75,87984,86601.9,86420,86934.72,86655.08,87253.05,13910.32904,9140.8432,7096.58235,18344.61505,4469.55156,0.002096907,-0.005066531,0.001654222,0.005808087,8.61E-04,87486,87669.45,87225.27,87369.56,87877.01,77.96,77.42,77.57,78,80.58,75.53,75.22,75.36,75.48,76.76,260524.06,266137.657,204493.057,254509.443,211258.146,-0.015842098,-0.001055548,0.015321622,0.045011058,-0.019917839,77.01,75.79,75.71,76.87,80.33,3035.79,2978.15,2971.46,2994.38,2960.89,2900.93,2888.7,2891.2,2894.26,2917.13,386465.747,197035.5598,188721.2981,314830.9989,95040.3956,-0.005919016,-0.014765205,0.008278379,0.007192648,6.31E-04,2965.02,2947.47,2903.95,2927.99,2949.05,2950.91
2025-12-28T01:27:24,88049.89,88592.74,89567.75,87984,88088.75,86420,86934.72,86655.08,87253.05,87435,9140.8432,7096.58235,18344.61505,4469.55156,4446.29285,-0.005066531,0.001654222,0.005808087,8.61E-04,-0.008135963,87669.45,87225.27,87369.56,87877.01,87952.71,77.42,77.57,78,80.58,80.58,75.22,75.36,75.48,76.76,77.87,266137.657,204493.057,254509.443,211258.146,219808.346,-0.001055548,0.015321622,0.045011058,-0.019917839,-0.005207672,75.79,75.71,76.87,80.33,78.73,2978.15,2971.46,2994.38,2960.89,2961.23,2888.7,2891.2,2894.26,2917.13,2924.54,197035.5598,188721.2981,314830.9989,95040.3956,128834.139,-0.014765205,0.008278379,0.007192648,6.31E-04,-0.004408809,2947.47,2903.95,2927.99,2949.05,2950.91,2937.9
2025-12-29T01:27:24,88592.74,89567.75,87984,88088.75,90406.08,86934.72,86655.08,87253.05,87435,86806.5,7096.58235,18344.61505,4469.55156,4446.29285,19894.98575,0.001654222,0.005808087,8.61E-04,-0.008135963,0.014309962,87225.27,87369.56,87877.01,87952.71,87237.13,77.57,78,80.58,80.58,80.25,75.36,75.48,76.76,77.87,76.92,204493.057,254509.443,211258.146,219808.346,309985.174,0.015321622,0.045011058,-0.019917839,-0.005207672,0.007277835,75.71,76.87,80.33,78.73,78.32,2971.46,2994.38,2960.89,2961.23,3057.78,2891.2,2894.26,2917.13,2924.54,2910.25,188721.2981,314830.9989,95040.3956,128834.139,485959.1824,0.008278379,0.007192648,6.31E-04,-0.004408809,0.012182171,2903.95,2927.99,2949.05,2950.91,2937.9,2973.69
2025-12-30T01:27:24,89567.75,87984,88088.75,90406.08,89400,86655.08,87253.05,87435,86806.5,86845.66,18344.61505,4469.55156,4446.29285,19894.98575,13105.91001,0.005808087,8.61E-04,-0.008135963,0.014309962,-0.009462229,87369.56,87877.01,87952.71,87237.13,88485.49,78,80.58,80.58,80.25,79.03,75.48,76.76,77.87,76.92,77.62,254509.443,211258.146,219808.346,309985.174,238627.692,0.045011058,-0.019917839,-0.005207672,0.007277835,-0.025858791,76.87,80.33,78.73,78.32,78.89,2994.38,2960.89,2961.23,3057.78,3009.8,2894.26,2917.13,2924.54,2910.25,2919.44,314830.9989,95040.3956,128834.139,485959.1824,286583.2879,0.007192648,6.31E-04,-0.004408809,0.012182171,-6.89E-04,2927.99,2949.05,2950.91,2937.9,2973.69,2971.64
2025-12-31T01:27:24,87984,88088.75,90406.08,89400,89200,87253.05,87435,86806.5,86845.66,87250,4469.55156,4446.29285,19894.98575,13105.91001,11558.62047,8.61E-04,-0.008135963,0.014309962,-0.009462229,0.013586357,87877.01,87952.71,87237.13,88485.49,87648.22,80.58,80.58,80.25,79.03,78.89,76.76,77.87,76.92,77.62,76.08,211258.146,219808.346,309985.174,238627.692,233120.006,-0.019917839,-0.005207672,0.007277835,-0.025858791,0.040598569,80.33,78.73,78.32,78.89,76.85,2960.89,2961.23,3057.78,3009.8,3028.08,2917.13,2924.54,2910.25,2919.44,2958.91,95040.3956,128834.139,485959.1824,286583.2879,233729.5887,6.31E-04,-0.004408809,0.012182171,-6.89E-04,0.010953548,2949.05,2950.91,2937.9,2973.69,2971.64,3004.19
2026-01-01T01:27:24,88088.75,90406.08,89400,89200,88919.45,87435,86806.5,86845.66,87250,87550.43,4446.29285,19894.98575,13105.91001,11558.62047,6279.57133,-0.008135963,0.014309962,-0.009462229,0.013586357,0.01301331,87952.71,87237.13,88485.49,87648.22,88839.04,80.58,80.25,79.03,78.89,80.03,77.87,76.92,77.62,76.08,76.7,219808.346,309985.174,238627.692,233120.006,194402.742,-0.005207672,0.007277835,-0.025858791,0.040598569,0.024509191,78.73,78.32,78.89,76.85,79.97,2961.23,3057.78,3009.8,3028.08,3010,2924.54,2910.25,2919.44,2958.91,2971.15,128834.139,485959.1824,286583.2879,233729.5887,136088.5207,-0.004408809,0.012182171,-6.89E-04,0.010953548,0.040363625,2950.91,2937.9,2973.69,2971.64,3004.19,3125.45
2026-01-02T01:27:24,90406.08,89400,89200,88919.45,90961.81,86806.5,86845.66,87250,87550.43,88379.88,19894.98575,13105.91001,11558.62047,6279.57133,17396.97301,0.014309962,-0.009462229,0.013586357,0.01301331,0.007032381,87237.13,88485.49,87648.22,88839.04,89995.13,80.25,79.03,78.89,80.03,82.25,76.92,77.62,76.08,76.7,79.04,309985.174,238627.692,233120.006,194402.742,285255.308,0.007277835,-0.025858791,0.040598569,0.024509191,0.001830831,78.32,78.89,76.85,79.97,81.93,3057.78,3009.8,3028.08,3010,3150.01,2910.25,2919.44,2958.91,2971.15,2992.49,485959.1824,286583.2879,233729.5887,136088.5207,369891.2449,0.012182171,-6.89E-04,0.010953548,0.040363625,5.31E-04,2937.9,2973.69,2971.64,3004.19,3125.45,3127.11
2026-01-03T01:27:24,89400,89200,88919.45,90961.81,90741.16,86845.66,87250,87550.43,88379.88,89314.01,13105.91001,11558.62047,6279.57133,17396.97301,7057.46716,-0.009462229,0.013586357,0.01301331,0.007032381,0.009949683,88485.49,87648.22,88839.04,89995.13,90628.01,79.03,78.89,80.03,82.25,82.82,77.62,76.08,76.7,79.04,80.77,238627.692,233120.006,194402.742,285255.308,249457.667,-0.025858791,0.040598569,0.024509191,0.001830831,0.002192982,78.89,76.85,79.97,81.93,82.08,3009.8,3028.08,3010,3150.01,3136.71,2919.44,2958.91,2971.15,2992.49,3076,286583.2879,233729.5887,136088.5207,369891.2449,134405.2258,-6.89E-04,0.010953548,0.040363625,5.31E-04,0.005625002,2973.69,2971.64,3004.19,3125.45,3127.11,3144.7
2026-01-04T01:27:24,89200,88919.45,90961.81,90741.16,91810,87250,87550.43,88379.88,89314.01,90628,11558.62047,6279.57133,17396.97301,7057.46716,10426.5297,0.013586357,0.01301331,0.007032381,0.009949683,0.025455991,87648.22,88839.04,89995.13,90628.01,91529.73,78.89,80.03,82.25,82.82,83.17,76.08,76.7,79.04,80.77,81.65,233120.006,194402.742,285255.308,249457.667,254059.572,0.040598569,0.024509191,0.001830831,0.002192982,0.014587892,76.85,79.97,81.93,82.08,82.26,3028.08,3010,3150.01,3136.71,3167.22,2958.91,2971.15,2992.49,3076,3118.75,233729.5887,136088.5207,369891.2449,134405.2258,181576.0686,0.010953548,0.040363625,5.31E-04,0.005625002,0.025531847,2971.64,3004.19,3125.45,3127.11,3144.7,3224.99
2026-01-05T01:27:24,88919.45,90961.81,90741.16,91810,94789.08,87550.43,88379.88,89314.01,90628,91514.81,6279.57133,17396.97301,7057.46716,10426.5297,20673.59584,0.01301331,0.007032381,0.009949683,0.025455991,-0.0011905,88839.04,89995.13,90628.01,91529.73,93859.71,80.03,82.25,82.82,83.17,84.57,76.7,79.04,80.77,81.65,81.44,194402.742,285255.308,249457.667,254059.572,427913.448,0.024509191,0.001830831,0.002192982,0.014587892,0.005990894,79.97,81.93,82.08,82.26,83.46,3010,3150.01,3136.71,3167.22,3265.66,2971.15,2992.49,3076,3118.75,3135.02,136088.5207,369891.2449,134405.2258,181576.0686,382446.6618,0.040363625,5.31E-04,0.005625002,0.025531847,0.022279139,3004.19,3125.45,3127.11,3144.7,3224.99,3296.84
2026-01-06T01:27:24,90961.81,90741.16,91810,94789.08,94444.44,88379.88,89314.01,90628,91514.81,91262.94,17396.97301,7057.46716,10426.5297,20673.59584,18546.41829,0.007032381,0.009949683,0.025455991,-0.0011905,-0.025427857,89995.13,90628.01,91529.73,93859.71,93747.97,82.25,82.82,83.17,84.57,84.89,79.04,80.77,81.65,81.44,81.16,285255.308,249457.667,254059.572,427913.448,356122.443,0.001830831,0.002192982,0.014587892,0.005990894,-0.026798475,81.93,82.08,82.26,83.46,83.96,3150.01,3136.71,3167.22,3265.66,3308.86,2992.49,3076,3118.75,3135.02,3183.27,369891.2449,134405.2258,181576.0686,382446.6618,412503.5066,5.31E-04,0.005625002,0.025531847,0.022279139,-0.038861455,3125.45,3127.11,3144.7,3224.99,3296.84,3168.72
2026-01-07T01:27:24,90741.16,91810,94789.08,94444.44,93747.97,89314.01,90628,91514.81,91262.94,90675.52,7057.46716,10426.5297,20673.59584,18546.41829,14276.49025,0.009949683,0.025455991,-0.0011905,-0.025427857,-0.002891396,90628.01,91529.73,93859.71,93747.97,91364.16,82.82,83.17,84.57,84.89,83.97,80.77,81.65,81.44,81.16,81,249457.667,254059.572,427913.448,356122.443,276546.003,0.002192982,0.014587892,0.005990894,-0.026798475,-0.004895362,82.08,82.26,83.46,83.96,81.71,3136.71,3167.22,3265.66,3308.86,3296.84,3076,3118.75,3135.02,3183.27,3125.42,134405.2258,181576.0686,382446.6618,412503.5066,321350.1225,0.005625002,0.025531847,0.022279139,-0.038861455,-0.019588351,3127.11,3144.7,3224.99,3296.84,3168.72,3106.65
2026-01-08T01:27:24,91810,94789.08,94444.44,93747.97,91687.99,90628,91514.81,91262.94,90675.52,89311,10426.5297,20673.59584,18546.41829,14276.49025,16132.79117,0.025455991,-0.0011905,-0.025427857,-0.002891396,-0.005035237,91529.73,93859.71,93747.97,91364.16,91099.99,83.17,84.57,84.89,83.97,82.3,81.65,81.44,81.16,81,80,254059.572,427913.448,356122.443,276546.003,252290.561,0.014587892,0.005990894,-0.026798475,-0.004895362,0.00221375,82.26,83.46,83.96,81.71,81.31,3167.22,3265.66,3308.86,3296.84,3184.39,3118.75,3135.02,3183.27,3125.42,3054.65,181576.0686,382446.6618,412503.5066,321350.1225,343616.1005,0.025531847,0.022279139,-0.038861455,-0.019588351,-0.005874495,3144.7,3224.99,3296.84,3168.72,3106.65,3088.4
2026-01-09T01:27:24,94789.08,94444.44,93747.97,91687.99,92082.55,91514.81,91262.94,90675.52,89311,89694.66,20673.59584,18546.41829,14276.49025,16132.79117,15590.27939,-0.0011905,-0.025427857,-0.002891396,-0.005035237,-0.001506819,93859.71,93747.97,91364.16,91099.99,90641.28,84.57,84.89,83.97,82.3,82.12,81.44,81.16,81,80,79.91,427913.448,356122.443,276546.003,252290.561,251572.162,0.005990894,-0.026798475,-0.004895362,0.00221375,-0.003681433,83.46,83.96,81.71,81.31,81.49,3265.66,3308.86,3296.84,3184.39,3148.41,3135.02,3183.27,3125.42,3054.65,3058.69,382446.6618,412503.5066,321350.1225,343616.1005,274587.4533,0.022279139,-0.038861455,-0.019588351,-0.005874495,-5.44E-04,3224.99,3296.84,3168.72,3106.65,3088.4,3086.72
2026-01-10T01:27:24,94444.44,93747.97,91687.99,92082.55,90832,91262.94,90675.52,89311,89694.66,90404,18546.41829,14276.49025,16132.79117,15590.27939,3104.11722,-0.025427857,-0.002891396,-0.005035237,-0.001506819,0.005623465,93747.97,91364.16,91099.99,90641.28,90504.7,84.89,83.97,82.3,82.12,82.42,81.16,81,80,79.91,80.8,356122.443,276546.003,252290.561,251572.162,149346.699,-0.026798475,-0.004895362,0.00221375,-0.003681433,-0.029560291,83.96,81.71,81.31,81.49,81.19,3308.86,3296.84,3184.39,3148.41,3104.12,3183.27,3125.42,3054.65,3058.69,3077.99,412503.5066,321350.1225,343616.1005,274587.4533,82341.0546,-0.038861455,-0.019588351,-0.005874495,-5.44E-04,0.011899362,3296.84,3168.72,3106.65,3088.4,3086.72,3123.45
2026-01-11T01:27:24,93747.97,91687.99,92082.55,90832,91283.89,90675.52,89311,89694.66,90404,90236,14276.49025,16132.79117,15590.27939,3104.11722,5477.13594,-0.002891396,-0.005035237,-0.001506819,0.005623465,0.003104479,91364.16,91099.99,90641.28,90504.7,91013.65,83.97,82.3,82.12,82.42,81.78,81,80,79.91,80.8,78.53,276546.003,252290.561,251572.162,149346.699,323460.486,-0.004895362,0.00221375,-0.003681433,-0.029560291,-0.033887549,81.71,81.31,81.49,81.19,78.79,3296.84,3184.39,3148.41,3104.12,3147.27,3125.42,3054.65,3058.69,3077.99,3084.46,321350.1225,343616.1005,274587.4533,82341.0546,149381.2965,-0.019588351,-0.005874495,-5.44E-04,0.011899362,-0.008868399,3168.72,3106.65,3088.4,3086.72,3123.45,3095.75
2026-01-12T01:27:24,91687.99,92082.55,90832,91283.89,92519.95,89311,89694.66,90404,90236,90128.44,16132.79117,15590.27939,3104.11722,5477.13594,16188.08268,-0.005035237,-0.001506819,0.005623465,0.003104479,0.045103739,91099.99,90641.28,90504.7,91013.65,91296.2,82.3,82.12,82.42,81.78,80.75,80,79.91,80.8,78.53,75.6,252290.561,251572.162,149346.699,323460.486,766104.643,0.00221375,-0.003681433,-0.029560291,-0.033887549,0.027062533,81.31,81.49,81.19,78.79,76.12,3184.39,3148.41,3104.12,3147.27,3171.49,3054.65,3058.69,3077.99,3084.46,3065.55,343616.1005,274587.4533,82341.0546,149381.2965,297373.4681,-0.005874495,-5.44E-04,0.011899362,-0.008868399,0.074318017,3106.65,3088.4,3086.72,3123.45,3095.75,3325.82
2026-01-13T01:27:24,92082.55,90832,91283.89,92519.95,96495,89694.66,90404,90236,90128.44,91042.66,15590.27939,3104.11722,5477.13594,16188.08268,23021.51482,-0.001506819,0.005623465,0.003104479,0.045103739,0.016116922,90641.28,90504.7,91013.65,91296.2,95414,82.12,82.42,81.78,80.75,78.95,79.91,80.8,78.53,75.6,75.26,251572.162,149346.699,323460.486,766104.643,1092209.996,-0.003681433,-0.029560291,-0.033887549,0.027062533,-0.019314403,81.49,81.19,78.79,76.12,78.18,3148.41,3104.12,3147.27,3171.49,3367.79,3058.69,3077.99,3084.46,3065.55,3091.96,274587.4533,82341.0546,149381.2965,297373.4681,457782.2816,-5.44E-04,0.011899362,-0.008868399,0.074318017,0.008749722,3088.4,3086.72,3123.45,3095.75,3325.82,3354.92
2026-01-14T01:27:24,90832,91283.89,92519.95,96495,97924.49,90404,90236,90128.44,91042.66,94559.28,3104.11722,5477.13594,16188.08268,23021.51482,22851.89428,0.005623465,0.003104479,0.045103739,0.016116922,-0.013893298,90504.7,91013.65,91296.2,95414,96951.78,82.42,81.78,80.75,78.95,80.97,80.8,78.53,75.6,75.26,75.8,149346.699,323460.486,766104.643,1092209.996,1728520.677,-0.029560291,-0.033887549,0.027062533,-0.019314403,-0.058171384,81.19,78.79,76.12,78.18,76.67,3104.12,3147.27,3171.49,3367.79,3402.89,3077.99,3084.46,3065.55,3091.96,3280.48,82341.0546,149381.2965,297373.4681,457782.2816,503440.0759,0.011899362,-0.008868399,0.074318017,0.008749722,-0.010799065,3086.72,3123.45,3095.75,3325.82,3354.92,3318.69
2026-01-15T01:27:24,91283.89,92519.95,96495,97924.49,97193.34,90236,90128.44,91042.66,94559.28,95134.48,5477.13594,16188.08268,23021.51482,22851.89428,21725.81369,0.003104479,0.045103739,0.016116922,-0.013893298,-5.63E-04,91013.65,91296.2,95414,96951.78,95604.8,81.78,80.75,78.95,80.97,76.92,78.53,75.6,75.26,75.8,69.46,323460.486,766104.643,1092209.996,1728520.677,1503254.414,-0.033887549,0.027062533,-0.019314403,-0.058171384,0.041683977,78.79,76.12,78.18,76.67,72.21,3147.27,3171.49,3367.79,3402.89,3384.19,3084.46,3065.55,3091.96,3280.48,3273.72,149381.2965,297373.4681,457782.2816,503440.0759,389993.836,-0.008868399,0.074318017,0.008749722,-0.010799065,-0.006752664,3123.45,3095.75,3325.82,3354.92,3318.69,3296.28
2026-01-16T01:27:24,92519.95,96495,97924.49,97193.34,95871.47,90128.44,91042.66,94559.28,95134.48,94293.46,16188.08268,23021.51482,22851.89428,21725.81369,11167.7146,0.045103739,0.016116922,-0.013893298,-5.63E-04,-0.004219425,91296.2,95414,96951.78,95604.8,95550.94,80.75,78.95,80.97,76.92,76.07,75.6,75.26,75.8,69.46,70.92,766104.643,1092209.996,1728520.677,1503254.414,846767.044,0.027062533,-0.019314403,-0.058171384,0.041683977,-0.003988301,76.12,78.18,76.67,72.21,75.22,3171.49,3367.79,3402.89,3384.19,3326.79,3065.55,3091.96,3280.48,3273.72,3253.01,297373.4681,457782.2816,503440.0759,389993.836,223921.7876,0.074318017,0.008749722,-0.010799065,-0.006752664,0.004332156,3095.75,3325.82,3354.92,3318.69,3296.28,3310.56
2026-01-17T01:27:24,96495,97924.49,97193.34,95871.47,95639.45,91042.66,94559.28,95134.48,94293.46,95021.67,23021.51482,22851.89428,21725.81369,11167.7146,4280.80137,0.016116922,-0.013893298,-5.63E-04,-0.004219425,-0.015498314,95414,96951.78,95604.8,95550.94,95147.77,78.95,80.97,76.92,76.07,75.99,75.26,75.8,69.46,70.92,73.84,1092209.996,1728520.677,1503254.414,846767.044,327149.181,-0.019314403,-0.058171384,0.041683977,-0.003988301,-0.035104111,78.18,76.67,72.21,75.22,74.92,3367.79,3402.89,3384.19,3326.79,3330.26,3091.96,3280.48,3273.72,3253.01,3283.96,457782.2816,503440.0759,389993.836,223921.7876,124325.0303,0.008749722,-0.010799065,-0.006752664,0.004332156,-0.00801375,3325.82,3354.92,3318.69,3296.28,3310.56,3284.03
2026-01-18T01:27:24,97924.49,97193.34,95871.47,95639.45,95531.12,94559.28,95134.48,94293.46,95021.67,93615.4,22851.89428,21725.81369,11167.7146,4280.80137,6895.17819,-0.013893298,-5.63E-04,-0.004219425,-0.015498314,-0.011125281,96951.78,95604.8,95550.94,95147.77,93673.14,80.97,76.92,76.07,75.99,75.9,75.8,69.46,70.92,73.84,72.1,1728520.677,1503254.414,846767.044,327149.181,377184.548,-0.058171384,0.041683977,-0.003988301,-0.035104111,-0.020611426,76.67,72.21,75.22,74.92,72.29,3402.89,3384.19,3326.79,3330.26,3368.82,3280.48,3273.72,3253.01,3283.96,3278.86,503440.0759,389993.836,223921.7876,124325.0303,173354.3026,-0.010799065,-0.006752664,0.004332156,-0.00801375,-0.02876953,3354.92,3318.69,3296.28,3310.56,3284.03,3189.55
2026-01-19T01:27:24,97193.34,95871.47,95639.45,95531.12,93673.14,95134.48,94293.46,95021.67,93615.4,91910.2,21725.81369,11167.7146,4280.80137,6895.17819,14295.52747,-5.63E-04,-0.004219425,-0.015498314,-0.011125281,-0.04537725,95604.8,95550.94,95147.77,93673.14,92631,76.92,76.07,75.99,75.9,72.28,69.46,70.92,73.84,72.1,65.58,1503254.414,846767.044,327149.181,377184.548,993480.913,0.041683977,-0.003988301,-0.035104111,-0.020611426,-0.051977401,72.21,75.22,74.92,72.29,70.8,3384.19,3326.79,3330.26,3368.82,3284.58,3273.72,3253.01,3283.96,3278.86,3165.38,389993.836,223921.7876,124325.0303,173354.3026,442540.5596,-0.006752664,0.004332156,-0.00801375,-0.02876953,-0.0782775,3318.69,3296.28,3310.56,3284.03,3189.55,2939.88
2026-01-20T01:27:24,95871.47,95639.45,95531.12,93673.14,92870,94293.46,95021.67,93615.4,91910.2,87895.98,11167.7146,4280.80137,6895.17819,14295.52747,22007.3261,-0.004219425,-0.015498314,-0.011125281,-0.04537725,0.011614805,95550.94,95147.77,93673.14,92631,88427.66,76.07,75.99,75.9,72.28,71.05,70.92,73.84,72.1,65.58,65.9,846767.044,327149.181,377184.548,993480.913,699879.344,-0.003988301,-0.035104111,-0.020611426,-0.051977401,0.020262217,75.22,74.92,72.29,70.8,67.12,3326.79,3330.26,3368.82,3284.58,3200.5,3253.01,3283.96,3278.86,3165.38,2920,223921.7876,124325.0303,173354.3026,442540.5596,518166.4787,0.004332156,-0.00801375,-0.02876953,-0.0782775,0.014418956,3296.28,3310.56,3284.03,3189.55,2939.88,2982.27
2026-01-21T01:27:24,95639.45,95531.12,93673.14,92870,90574,95021.67,93615.4,91910.2,87895.98,87263.53,4280.80137,6895.17819,14295.52747,22007.3261,20617.50372,-0.015498314,-0.011125281,-0.04537725,0.011614805,0.001173107,95147.77,93673.14,92631,88427.66,89454.73,75.99,75.9,72.28,71.05,69.71,73.84,72.1,65.58,65.9,66.03,327149.181,377184.548,993480.913,699879.344,677970.362,-0.035104111,-0.020611426,-0.051977401,0.020262217,-0.004234813,74.92,72.29,70.8,67.12,68.48,3330.26,3368.82,3284.58,3200.5,3069.07,3283.96,3278.86,3165.38,2920,2866.11,124325.0303,173354.3026,442540.5596,518166.4787,577800.2481,-0.00801375,-0.02876953,-0.0782775,0.014418956,-0.009918619,3310.56,3284.03,3189.55,2939.88,2982.27,2952.69
2026-01-22T01:27:24,95531.12,93673.14,92870,90574,90359.99,93615.4,91910.2,87895.98,87263.53,88515.37,6895.17819,14295.52747,22007.3261,20617.50372,10825.50492,-0.011125281,-0.04537725,0.011614805,0.001173107,4.53E-04,93673.14,92631,88427.66,89454.73,89559.67,75.9,72.28,71.05,69.71,69.65,72.1,65.58,65.9,66.03,67.06,377184.548,993480.913,699879.344,677970.362,400973.972,-0.020611426,-0.051977401,0.020262217,-0.004234813,-0.001759789,72.29,70.8,67.12,68.48,68.19,3368.82,3284.58,3200.5,3069.07,3038.33,3278.86,3165.38,2920,2866.11,2906.02,173354.3026,442540.5596,518166.4787,577800.2481,291660.7349,-0.02876953,-0.0782775,0.014418956,-0.009918619,0.001259868,3284.03,3189.55,2939.88,2982.27,2952.69,2956.41
2026-01-23T01:27:24,93673.14,92870,90574,90359.99,91224.99,91910.2,87895.98,87263.53,88515.37,88578.36,14295.52747,22007.3261,20617.50372,10825.50492,13918.48919,-0.04537725,0.011614805,0.001173107,4.53E-04,-0.004184363,92631,88427.66,89454.73,89559.67,89600.26,72.28,71.05,69.71,69.65,69.6,65.58,65.9,66.03,67.06,66.98,993480.913,699879.344,677970.362,400973.972,391555.321,-0.051977401,0.020262217,-0.004234813,-0.001759789,0.001762891,70.8,67.12,68.48,68.19,68.07,3284.58,3200.5,3069.07,3038.33,3019.26,3165.38,2920,2866.11,2906.02,2892.4,442540.5596,518166.4787,577800.2481,291660.7349,318415.3317,-0.0782775,0.014418956,-0.009918619,0.001259868,-0.001079011,3189.55,2939.88,2982.27,2952.69,2956.41,2953.22
2026-01-24T01:27:24,92870,90574,90359.99,91224.99,89957.39,87895.98,87263.53,88515.37,88578.36,89162.08,22007.3261,20617.50372,10825.50492,13918.48919,4226.56737,0.011614805,0.001173107,4.53E-04,-0.004184363,-0.028635139,88427.66,89454.73,89559.67,89600.26,89225.34,71.05,69.71,69.65,69.6,68.98,65.9,66.03,67.06,66.98,67.75,699879.344,677970.362,400973.972,391555.321,180394.712,0.020262217,-0.004234813,-0.001759789,0.001762891,-0.013051767,67.12,68.48,68.19,68.07,68.19,3200.5,3069.07,3038.33,3019.26,2970.41,2920,2866.11,2906.02,2892.4,2943.84,518166.4787,577800.2481,291660.7349,318415.3317,92082.9039,0.014418956,-0.009918619,0.001259868,-0.001079011,-0.046163171,2939.88,2982.27,2952.69,2956.41,2953.22,2816.89
2026-01-25T01:27:24,90574,90359.99,91224.99,89957.39,89319.13,87263.53,88515.37,88578.36,89162.08,86074.72,20617.50372,10825.50492,13918.48919,4226.56737,14426.22019,0.001173107,4.53E-04,-0.004184363,-0.028635139,0.019345945,89454.73,89559.67,89600.26,89225.34,86670.36,69.71,69.65,69.6,68.98,70.36,66.03,67.06,66.98,67.75,65.23,677970.362,400973.972,391555.321,180394.712,627760.546,-0.004234813,-0.001759789,0.001762891,-0.013051767,0.035958395,68.48,68.19,68.07,68.19,67.3,3069.07,3038.33,3019.26,2970.41,2960.29,2866.11,2906.02,2892.4,2943.84,2787,577800.2481,291660.7349,318415.3317,92082.9039,380186.5326,-0.009918619,0.001259868,-0.001079011,-0.046163171,0.040278463,2982.27,2952.69,2956.41,2953.22,2816.89,2930.35
2026-01-26T01:27:24,90359.99,91224.99,89957.39,89319.13,88860,88515.37,88578.36,89162.08,86074.72,86509.63,10825.50492,13918.48919,4226.56737,14426.22019,17766.51453,4.53E-04,-0.004184363,-0.028635139,0.019345945,0.010220145,89559.67,89600.26,89225.34,86670.36,88347.08,69.65,69.6,68.98,70.36,70.11,67.06,66.98,67.75,65.23,66.97,400973.972,391555.321,180394.712,627760.546,427828.099,-0.001759789,0.001762891,-0.013051767,0.035958395,0.004446357,68.19,68.07,68.19,67.3,69.72,3038.33,3019.26,2970.41,2960.29,2951.21,2906.02,2892.4,2943.84,2787,2812.37,291660.7349,318415.3317,92082.9039,380186.5326,485169.3372,0.001259868,-0.001079011,-0.046163171,0.040278463,0.032903919,2952.69,2956.41,2953.22,2816.89,2930.35,3026.77
2026-01-27T01:27:24,91224.99,89957.39,89319.13,88860,89523.16,88578.36,89162.08,86074.72,86509.63,87304.33,13918.48919,4226.56737,14426.22019,17766.51453,13125.40425,-0.004184363,-0.028635139,0.019345945,0.010220145,5.60E-04,89600.26,89225.34,86670.36,88347.08,89250,69.6,68.98,70.36,70.11,70.49,66.98,67.75,65.23,66.97,68.64,391555.321,180394.712,627760.546,427828.099,325716.599,0.001762891,-0.013051767,0.035958395,0.004446357,-0.008710553,68.07,68.19,67.3,69.72,70.03,3019.26,2970.41,2960.29,2951.21,3035.08,2892.4,2943.84,2787,2812.37,2899.77,318415.3317,92082.9039,380186.5326,485169.3372,478792.3988,-0.001079011,-0.046163171,0.040278463,0.032903919,-0.005282859,2956.41,2953.22,2816.89,2930.35,3026.77,3010.78
2026-01-28T01:27:24,89957.39,89319.13,88860,89523.16,90600,89162.08,86074.72,86509.63,87304.33,88833.65,4226.56737,14426.22019,17766.51453,13125.40425,14332.18502,-0.028635139,0.019345945,0.010220145,5.60E-04,-0.052069771,89225.34,86670.36,88347.08,89250,89299.99,68.98,70.36,70.11,70.49,70.31,67.75,65.23,66.97,68.64,68.42,180394.712,627760.546,427828.099,325716.599,301017.18,-0.013051767,0.035958395,0.004446357,-0.008710553,-0.045808124,68.19,67.3,69.72,70.03,69.42,2970.41,2960.29,2951.21,3035.08,3045.78,2943.84,2787,2812.37,2899.77,2983.67,92082.9039,380186.5326,485169.3372,478792.3988,296607.6549,-0.046163171,0.040278463,0.032903919,-0.005282859,-0.062505397,2953.22,2816.89,2930.35,3026.77,3010.78,2822.59
2026-01-29T01:27:24,89319.13,88860,89523.16,90600,89348,86074.72,86509.63,87304.33,88833.65,83383.33,14426.22019,17766.51453,13125.40425,14332.18502,30431.38201,0.019345945,0.010220145,5.60E-04,-0.052069771,-0.004603299,86670.36,88347.08,89250,89299.99,84650.16,70.36,70.11,70.49,70.31,69.55,65.23,66.97,68.64,68.42,64.43,627760.546,427828.099,325716.599,301017.18,474641.116,0.035958395,0.004446357,-0.008710553,-0.045808124,-0.011624396,67.3,69.72,70.03,69.42,66.24,2960.29,2951.21,3035.08,3045.78,3013.5,2787,2812.37,2899.77,2983.67,2754.53,380186.5326,485169.3372,478792.3988,296607.6549,561288.5979,0.040278463,0.032903919,-0.005282859,-0.062505397,-0.040817122,2816.89,2930.35,3026.77,3010.78,2822.59,2707.38
2026-01-30T01:27:24,88860,89523.16,90600,89348,84735.75,86509.63,87304.33,88833.65,83383.33,81118,17766.51453,13125.40425,14332.18502,30431.38201,35195.84793,0.010220145,5.60E-04,-0.052069771,-0.004603299,-0.06550401,88347.08,89250,89299.99,84650.16,84260.49,70.11,70.49,70.31,69.55,66.47,66.97,68.64,68.42,64.43,62.71,427828.099,325716.599,301017.18,474641.116,686027.282,0.004446357,-0.008710553,-0.045808124,-0.011624396,-0.090728578,69.72,70.03,69.42,66.24,65.47,2951.21,3035.08,3045.78,3013.5,2828.65,2812.37,2899.77,2983.67,2754.53,2636.01,485169.3372,478792.3988,296607.6549,561288.5979,793279.6252,0.032903919,-0.005282859,-0.062505397,-0.040817122,-0.094345825,2930.35,3026.77,3010.78,2822.59,2707.38,2451.95
2026-01-31T01:27:24,89523.16,90600,89348,84735.75,84270.02,87304.33,88833.65,83383.33,81118,75719.9,13125.40425,14332.18502,30431.38201,35195.84793,39491.89133,5.60E-04,-0.052069771,-0.004603299,-0.06550401,-0.022515309,89250,89299.99,84650.16,84260.49,78741.09,70.49,70.31,69.55,66.47,65.5,68.64,68.42,64.43,62.71,55,325716.599,301017.18,474641.116,686027.282,1322363.304,-0.008710553,-0.045808124,-0.011624396,-0.090728578,-0.017470183,70.03,69.42,66.24,65.47,59.53,3035.08,3045.78,3013.5,2828.65,2714.64,2899.77,2983.67,2754.53,2636.01,2250,478792.3988,296607.6549,561288.5979,793279.6252,1113097.713,-0.005282859,-0.062505397,-0.040817122,-0.094345825,-0.074145068,3026.77,3010.78,2822.59,2707.38,2451.95,2270.15
2026-02-01T01:27:24,90600,89348,84735.75,84270.02,79424,88833.65,83383.33,81118,75719.9,75700,14332.18502,30431.38201,35195.84793,39491.89133,25395.48168,-0.052069771,-0.004603299,-0.06550401,-0.022515309,0.023001704,89299.99,84650.16,84260.49,78741.09,76968.21,70.31,69.55,66.47,65.5,59.92,68.42,64.43,62.71,55,57.16,301017.18,474641.116,686027.282,1322363.304,614483.462,-0.045808124,-0.011624396,-0.090728578,-0.017470183,0.026158318,69.42,66.24,65.47,59.53,58.49,3045.78,3013.5,2828.65,2714.64,2475.98,2983.67,2754.53,2636.01,2250,2222,296607.6549,561288.5979,793279.6252,1113097.713,1026573.947,-0.062505397,-0.040817122,-0.094345825,-0.074145068,0.033861199,3010.78,2822.59,2707.38,2451.95,2270.15,2347.02
2026-02-02T01:27:24,89348,84735.75,84270.02,79424,79360,83383.33,81118,75719.9,75700,74604,30431.38201,35195.84793,39491.89133,25395.48168,42273.59016,-0.004603299,-0.06550401,-0.022515309,0.023001704,-0.037699421,84650.16,84260.49,78741.09,76968.21,78738.61,69.55,66.47,65.5,59.92,61.17,64.43,62.71,55,57.16,56.51,474641.116,686027.282,1322363.304,614483.462,649668.505,-0.011624396,-0.090728578,-0.017470183,0.026158318,-0.008997001,66.24,65.47,59.53,58.49,60.02,3013.5,2828.65,2714.64,2475.98,2396.62,2754.53,2636.01,2250,2222,2157.14,561288.5979,793279.6252,1113097.713,1026573.947,1248535.211,-0.040817122,-0.094345825,-0.074145068,0.033861199,-0.048273981,2822.59,2707.38,2451.95,2270.15,2347.02,2233.72
2026-02-03T01:27:24,84735.75,84270.02,79424,79360,79186.81,81118,75719.9,75700,74604,72945.5,35195.84793,39491.89133,25395.48168,42273.59016,39120.10889,-0.06550401,-0.022515309,0.023001704,-0.037699421,-0.034372084,84260.49,78741.09,76968.21,78738.61,75770.21,66.47,65.5,59.92,61.17,61.38,62.71,55,57.16,56.51,56.87,686027.282,1322363.304,614483.462,649668.505,607480.409,-0.090728578,-0.017470183,0.026158318,-0.008997001,-0.009919301,65.47,59.53,58.49,60.02,59.48,2828.65,2714.64,2475.98,2396.62,2359.88,2636.01,2250,2222,2157.14,2110,793279.6252,1113097.713,1026573.947,1248535.211,1321099.387,-0.094345825,-0.074145068,0.033861199,-0.048273981,-0.038259048,2707.38,2451.95,2270.15,2347.02,2233.72,2148.26
2026-02-04T01:27:24,84270.02,79424,79360,79186.81,76971.52,75719.9,75700,74604,72945.5,71888,39491.89133,25395.48168,42273.59016,39120.10889,38375.36,-0.022515309,0.023001704,-0.037699421,-0.034372084,-0.140174314,78741.09,76968.21,78738.61,75770.21,73165.83,65.5,59.92,61.17,61.38,60.99,55,57.16,56.51,56.87,57.07,1322363.304,614483.462,649668.505,607480.409,610711.727,-0.017470183,0.026158318,-0.008997001,-0.009919301,-0.137544575,59.53,58.49,60.02,59.48,58.89,2714.64,2475.98,2396.62,2359.88,2295.74,2250,2222,2157.14,2110,2076.68,1113097.713,1026573.947,1248535.211,1321099.387,1264743.43,-0.074145068,0.033861199,-0.048273981,-0.038259048,-0.149623416,2451.95,2270.15,2347.02,2233.72,2148.26,1826.83
2026-02-05T01:27:24,79424,79360,79186.81,76971.52,73341.18,75700,74604,72945.5,71888,62345,25395.48168,42273.59016,39120.10889,38375.36,106298.829,0.023001704,-0.037699421,-0.034372084,-0.140174314,0.121926833,76968.21,78738.61,75770.21,73165.83,62909.86,59.92,61.17,61.38,60.99,59.49,57.16,56.51,56.87,57.07,50.18,614483.462,649668.505,607480.409,610711.727,1590945.035,0.026158318,-0.008997001,-0.009919301,-0.137544575,0.083284111,58.49,60.02,59.48,58.89,50.79,2475.98,2396.62,2359.88,2295.74,2173.77,2222,2157.14,2110,2076.68,1818.18,1026573.947,1248535.211,1321099.387,1264743.43,1952286.695,0.033861199,-0.048273981,-0.038259048,-0.149623416,0.129486597,2270.15,2347.02,2233.72,2148.26,1826.83,2063.38
2026-02-06T01:27:24,79360,79186.81,76971.52,73341.18,71751.33,74604,72945.5,71888,62345,60000,42273.59016,39120.10889,38375.36,106298.829,92539.21531,-0.037699421,-0.034372084,-0.140174314,0.121926833,-0.018289533,78738.61,75770.21,73165.83,62909.86,70580.26,61.17,61.38,60.99,59.49,56.47,56.51,56.87,57.07,50.18,45.07,649668.505,607480.409,610711.727,1590945.035,1678612.362,-0.008997001,-0.009919301,-0.137544575,0.083284111,0.003089786,60.02,59.48,58.89,50.79,55.02,2396.62,2359.88,2295.74,2173.77,2093.94,2157.14,2110,2076.68,1818.18,1747.8,1248535.211,1321099.387,1264743.43,1952286.695,2102311.557,-0.048273981,-0.038259048,-0.149623416,0.129486597,0.011486008,2347.02,2233.72,2148.26,1826.83,2063.38,2087.08
2026-02-07T01:27:24,79186.81,76971.52,73341.18,71751.33,71690.07,72945.5,71888,62345,60000,67300,39120.10889,38375.36,106298.829,92539.21531,44255.48036,-0.034372084,-0.140174314,0.121926833,-0.018289533,0.015023947,75770.21,73165.83,62909.86,70580.26,69289.38,61.38,60.99,59.49,56.47,56,56.87,57.07,50.18,45.07,52.86,607480.409,610711.727,1590945.035,1678612.362,807072.496,-0.009919301,-0.137544575,0.083284111,0.003089786,-0.011958688,59.48,58.89,50.79,55.02,55.19,2359.88,2295.74,2173.77,2093.94,2121.7,2110,2076.68,1818.18,1747.8,1994.57,1321099.387,1264743.43,1952286.695,2102311.557,1142616.449,-0.038259048,-0.149623416,0.129486597,0.011486008,0.001274508,2233.72,2148.26,1826.83,2063.38,2087.08,2089.74
2026-02-08T01:27:24,76971.52,73341.18,71751.33,71690.07,72271.41,71888,62345,60000,67300,68888,38375.36,106298.829,92539.21531,44255.48036,21420.53168,-0.140174314,0.121926833,-0.018289533,0.015023947,-0.002735376,73165.83,62909.86,70580.26,69289.38,70330.38,60.99,59.49,56.47,56,55.88,57.07,50.18,45.07,52.86,53.65,610711.727,1590945.035,1678612.362,807072.496,374171.837,-0.137544575,0.083284111,0.003089786,-0.011958688,-0.001467082,58.89,50.79,55.02,55.19,54.53,2295.74,2173.77,2093.94,2121.7,2152.03,2076.68,1818.18,1747.8,1994.57,2064.1,1264743.43,1952286.695,2102311.557,1142616.449,482837.2515,-0.149623416,0.129486597,0.011486008,0.001274508,0.007311914,2148.26,1826.83,2063.38,2087.08,2089.74,2105.02
2026-02-09T01:27:24,73341.18,71751.33,71690.07,72271.41,71453.53,62345,60000,67300,68888,68308,106298.829,92539.21531,44255.48036,21420.53168,29152.72842,0.121926833,-0.018289533,0.015023947,-0.002735376,-0.018487981,62909.86,70580.26,69289.38,70330.38,70138,59.49,56.47,56,55.88,55.13,50.18,45.07,52.86,53.65,52.36,1590945.035,1678612.362,807072.496,374171.837,393768.113,0.083284111,0.003089786,-0.011958688,-0.001467082,-0.019651056,50.79,55.02,55.19,54.53,54.45,2173.77,2093.94,2121.7,2152.03,2147.73,1818.18,1747.8,1994.57,2064.1,2008.62,1952286.695,2102311.557,1142616.449,482837.2515,625378.5569,0.129486597,0.011486008,0.001274508,0.007311914,-0.039120768,1826.83,2063.38,2087.08,2089.74,2105.02,2022.67
2026-02-10T01:27:24,71751.33,71690.07,72271.41,71453.53,70527.59,60000,67300,68888,68308,67800,92539.21531,44255.48036,21420.53168,29152.72842,20373.77072,-0.018289533,0.015023947,-0.002735376,-0.018487981,-0.025548185,70580.26,69289.38,70330.38,70138,68841.29,56.47,56,55.88,55.13,54.68,45.07,52.86,53.65,52.36,52.84,1678612.362,807072.496,374171.837,393768.113,289989.059,0.003089786,-0.011958688,-0.001467082,-0.019651056,-0.019857625,55.02,55.19,54.53,54.45,53.38,2093.94,2121.7,2152.03,2147.73,2124.71,1747.8,1994.57,2064.1,2008.62,1989.38,2102311.557,1142616.449,482837.2515,625378.5569,574321.6908,0.011486008,0.001274508,0.007311914,-0.039120768,-0.040288332,2063.38,2087.08,2089.74,2105.02,2022.67,1941.18
2026-02-11T01:27:24,71690.07,72271.41,71453.53,70527.59,69292.88,67300,68888,68308,67800,65756,44255.48036,21420.53168,29152.72842,20373.77072,28718.24602,0.015023947,-0.002735376,-0.018487981,-0.025548185,-0.012079898,69289.38,70330.38,70138,68841.29,67082.52,56,55.88,55.13,54.68,53.71,52.86,53.65,52.36,52.84,51,807072.496,374171.837,393768.113,289989.059,428953.94,-0.011958688,-0.001467082,-0.019651056,-0.019857625,0.015863914,55.19,54.53,54.45,53.38,52.32,2121.7,2152.03,2147.73,2124.71,2032.31,1994.57,2064.1,2008.62,1989.38,1903.19,1142616.449,482837.2515,625378.5569,574321.6908,529655.8177,0.001274508,0.007311914,-0.039120768,-0.040288332,0.003436054,2087.08,2089.74,2105.02,2022.67,1941.18,1947.85
2026-02-12T01:27:24,72271.41,71453.53,70527.59,69292.88,68410.52,68888,68308,67800,65756,65118,21420.53168,29152.72842,20373.77072,28718.24602,24271.74283,-0.002735376,-0.018487981,-0.025548185,-0.012079898,0.038957378,70330.38,70138,68841.29,67082.52,66272.17,55.88,55.13,54.68,53.71,53.81,53.65,52.36,52.84,51,51.51,374171.837,393768.113,289989.059,428953.94,340264.81,-0.001467082,-0.019651056,-0.019857625,0.015863914,0.03537159,54.53,54.45,53.38,52.32,53.15,2152.03,2147.73,2124.71,2032.31,2001.42,2064.1,2008.62,1989.38,1903.19,1897.24,482837.2515,625378.5569,574321.6908,529655.8177,427567.1469,0.007311914,-0.039120768,-0.040288332,0.003436054,0.051785302,2089.74,2105.02,2022.67,1941.18,1947.85,2048.72
2026-02-13T01:27:24,71453.53,70527.59,69292.88,68410.52,69482.97,68308,67800,65756,65118,65872.46,29152.72842,20373.77072,28718.24602,24271.74283,20244.54955,-0.018487981,-0.025548185,-0.012079898,0.038957378,0.014073119,70138,68841.29,67082.52,66272.17,68853.96,55.13,54.68,53.71,53.81,55.7,52.36,52.84,51,51.51,52.36,393768.113,289989.059,428953.94,340264.81,376571.893,-0.019651056,-0.019857625,0.015863914,0.03537159,0.01744503,54.45,53.38,52.32,53.15,55.03,2147.73,2124.71,2032.31,2001.42,2073.68,2008.62,1989.38,1903.19,1897.24,1924.72,625378.5569,574321.6908,529655.8177,427567.1469,425649.7698,-0.039120768,-0.040288332,0.003436054,0.051785302,0.018484712,2105.02,2022.67,1941.18,1947.85,2048.72,2086.59
2026-02-14T01:27:24,70527.59,69292.88,68410.52,69482.97,70560.01,67800,65756,65118,65872.46,68730.13,20373.77072,28718.24602,24271.74283,20244.54955,18114.78393,-0.025548185,-0.012079898,0.038957378,0.014073119,-0.014184018,68841.29,67082.52,66272.17,68853.96,69822.95,54.68,53.71,53.81,55.7,56.66,52.84,51,51.51,52.36,54.88,289989.059,428953.94,340264.81,376571.893,322012.369,-0.019857625,0.015863914,0.03537159,0.01744503,-0.016252902,53.38,52.32,53.15,55.03,55.99,2124.71,2032.31,2001.42,2073.68,2107.67,1989.38,1903.19,1897.24,1924.72,2042.37,574321.6908,529655.8177,427567.1469,425649.7698,220677.2355,-0.040288332,0.003436054,0.051785302,0.018484712,-0.057514893,2022.67,1941.18,1947.85,2048.72,2086.59,1966.58
2026-02-15T01:27:24,69292.88,68410.52,69482.97,70560.01,70983,65756,65118,65872.46,68730.13,68000,28718.24602,24271.74283,20244.54955,18114.78393,22290.05208,-0.012079898,0.038957378,0.014073119,-0.014184018,8.70E-04,67082.52,66272.17,68853.96,69822.95,68832.58,53.71,53.81,55.7,56.66,56.68,51,51.51,52.36,54.88,54.18,428953.94,340264.81,376571.893,322012.369,375205.526,0.015863914,0.03537159,0.01744503,-0.016252902,9.08E-04,52.32,53.15,55.03,55.99,55.08,2032.31,2001.42,2073.68,2107.67,2103.32,1903.19,1897.24,1924.72,2042.37,1928.88,529655.8177,427567.1469,425649.7698,220677.2355,834778.0952,0.003436054,0.051785302,0.018484712,-0.057514893,0.016144779,1941.18,1947.85,2048.72,2086.59,1966.58,1998.33
2026-02-16T01:27:24,68410.52,69482.97,70560.01,70983,70126.67,65118,65872.46,68730.13,68000,67294.11,24271.74283,20244.54955,18114.78393,22290.05208,15515.76534,0.038957378,0.014073119,-0.014184018,8.70E-04,-0.02016056,66272.17,68853.96,69822.95,68832.58,68892.43,53.81,55.7,56.66,56.68,55.65,51.51,52.36,54.88,54.18,53.33,340264.81,376571.893,322012.369,375205.526,393363.556,0.03537159,0.01744503,-0.016252902,9.08E-04,-0.021222565,53.15,55.03,55.99,55.08,55.13,2001.42,2073.68,2107.67,2103.32,2023.51,1897.24,1924.72,2042.37,1928.88,1937.24,427567.1469,425649.7698,220677.2355,834778.0952,351347.9433,0.051785302,0.018484712,-0.057514893,0.016144779,-0.003337787,1947.85,2048.72,2086.59,1966.58,1998.33,1991.66
2026-02-17T01:27:24,69482.97,70560.01,70983,70126.67,69241.5,65872.46,68730.13,68000,67294.11,66621.06,20244.54955,18114.78393,22290.05208,15515.76534,16489.06921,0.014073119,-0.014184018,8.70E-04,-0.02016056,-0.015443935,68853.96,69822.95,68832.58,68892.43,67503.52,55.7,56.66,56.68,55.65,55.85,52.36,54.88,54.18,53.33,53.17,376571.893,322012.369,375205.526,393363.556,357538.905,0.01744503,-0.016252902,9.08E-04,-0.021222565,-0.011860638,55.03,55.99,55.08,55.13,53.96,2073.68,2107.67,2103.32,2023.51,2015.33,1924.72,2042.37,1928.88,1937.24,1941.66,425649.7698,220677.2355,834778.0952,351347.9433,406246.9427,0.018484712,-0.057514893,0.016144779,-0.003337787,-0.017949851,2048.72,2086.59,1966.58,1998.33,1991.66,1955.91
2026-02-18T01:27:24,70560.01,70983,70126.67,69241.5,68476.22,68730.13,68000,67294.11,66621.06,65870,18114.78393,22290.05208,15515.76534,16489.06921,15492.43839,-0.014184018,8.70E-04,-0.02016056,-0.015443935,0.008166143,69822.95,68832.58,68892.43,67503.52,66461,56.66,56.68,55.65,55.85,54.93,54.88,54.18,53.33,53.17,52.95,322012.369,375205.526,393363.556,357538.905,260302.801,-0.016252902,9.08E-04,-0.021222565,-0.011860638,-0.011627907,55.99,55.08,55.13,53.96,53.32,2107.67,2103.32,2023.51,2015.33,2039.05,2042.37,1928.88,1937.24,1941.66,1923.78,220677.2355,834778.0952,351347.9433,406246.9427,393639.0086,-0.057514893,0.016144779,-0.003337787,-0.017949851,-0.003491981,2086.59,1966.58,1998.33,1991.66,1955.91,1949.08
2026-02-19T01:27:24,70983,70126.67,69241.5,68476.22,67320,68000,67294.11,66621.06,65870,65631.83,22290.05208,15515.76534,16489.06921,15492.43839,14542.26988,8.70E-04,-0.02016056,-0.015443935,0.008166143,0.015167514,68832.58,68892.43,67503.52,66461,67003.73,56.68,55.65,55.85,54.93,53.73,54.18,53.33,53.17,52.95,51.42,375205.526,393363.556,357538.905,260302.801,266659.855,9.08E-04,-0.021222565,-0.011860638,-0.011627907,0.047248577,55.08,55.13,53.96,53.32,52.7,2103.32,2023.51,2015.33,2039.05,1987.55,1928.88,1937.24,1941.66,1923.78,1907,834778.0952,351347.9433,406246.9427,393639.0086,300257.0733,0.016144779,-0.003337787,-0.017949851,-0.003491981,0.010158639,1966.58,1998.33,1991.66,1955.91,1949.08,1968.88
2026-02-20T01:27:24,70126.67,69241.5,68476.22,67320,68318.39,67294.11,66621.06,65870,65631.83,66280.2,15515.76534,16489.06921,15492.43839,14542.26988,35351.87091,-0.02016056,-0.015443935,0.008166143,0.015167514,-6.48E-04,68892.43,67503.52,66461,67003.73,68020.01,55.65,55.85,54.93,53.73,55.47,53.33,53.17,52.95,51.42,52.66,393363.556,357538.905,260302.801,266659.855,463361.849,-0.021222565,-0.011860638,-0.011627907,0.047248577,-0.005254575,55.13,53.96,53.32,52.7,55.19,2023.51,2015.33,2039.05,1987.55,1981.18,1937.24,1941.66,1923.78,1907,1922.97,351347.9433,406246.9427,393639.0086,300257.0733,386253.5557,-0.003337787,-0.017949851,-0.003491981,0.010158639,0.002270326,1998.33,1991.66,1955.91,1949.08,1968.88,1973.35
2026-02-21T01:27:24,69241.5,68476.22,67320,68318.39,68698.7,66621.06,65870,65631.83,66280.2,67534.69,16489.06921,15492.43839,14542.26988,35351.87091,8032.84131,-0.015443935,0.008166143,0.015167514,-6.48E-04,-0.004891879,67503.52,66461,67003.73,68020.01,67975.93,55.85,54.93,53.73,55.47,56.01,53.17,52.95,51.42,52.66,54.82,357538.905,260302.801,266659.855,463361.849,242511.391,-0.011860638,-0.011627907,0.047248577,-0.005254575,-0.025865209,53.96,53.32,52.7,55.19,54.9,2015.33,2039.05,1987.55,1981.18,1995.56,1941.66,1923.78,1907,1922.97,1955.62,406246.9427,393639.0086,300257.0733,386253.5557,179173.8456,-0.017949851,-0.003491981,0.010158639,0.002270326,-0.007869866,1991.66,1955.91,1949.08,1968.88,1973.35,1957.82
2026-02-22T01:27:24,68476.22,67320,68318.39,68698.7,68245,65870,65631.83,66280.2,67534.69,67190,15492.43839,14542.26988,35351.87091,8032.84131,8175.13484,0.008166143,0.015167514,-6.48E-04,-0.004891879,-0.044163658,66461,67003.73,68020.01,67975.93,67643.4,54.93,53.73,55.47,56.01,54.92,52.95,51.42,52.66,54.82,52.94,260302.801,266659.855,463361.849,242511.391,231209.383,-0.011627907,0.047248577,-0.005254575,-0.025865209,-0.039827973,53.32,52.7,55.19,54.9,53.48,2039.05,1987.55,1981.18,1995.56,1983.13,1923.78,1907,1922.97,1955.62,1935,393639.0086,300257.0733,386253.5557,179173.8456,155325.6482,-0.003491981,0.010158639,0.002270326,-0.007869866,-0.051853592,1955.91,1949.08,1968.88,1973.35,1957.82,1856.3
2026-02-23T01:27:24,67320,68318.39,68698.7,68245,67684.86,65631.83,66280.2,67534.69,67190,63888.79,14542.26988,35351.87091,8032.84131,8175.13484,33075.90923,0.015167514,-6.48E-04,-0.004891879,-0.044163658,-0.009246935,67003.73,68020.01,67975.93,67643.4,64656.02,53.73,55.47,56.01,54.92,53.55,51.42,52.66,54.82,52.94,50.72,266659.855,463361.849,242511.391,231209.383,349970.204,0.047248577,-0.005254575,-0.025865209,-0.039827973,-0.003894839,52.7,55.19,54.9,53.48,51.35,1987.55,1981.18,1995.56,1983.13,1958.33,1907,1922.97,1955.62,1935,1837.13,300257.0733,386253.5557,179173.8456,155325.6482,547359.4869,0.010158639,0.002270326,-0.007869866,-0.051853592,-0.002348758,1949.08,1968.88,1973.35,1957.82,1856.3,1851.94
2026-02-24T01:27:24,68318.39,68698.7,68245,67684.86,65026.75,66280.2,67534.69,67190,63888.79,62510.28,35351.87091,8032.84131,8175.13484,33075.90923,23102.83622,-6.48E-04,-0.004891879,-0.044163658,-0.009246935,0.06134879,68020.01,67975.93,67643.4,64656.02,64058.15,55.47,56.01,54.92,53.55,51.9,52.66,54.82,52.94,50.72,50.18,463361.849,242511.391,231209.383,349970.204,376143.687,-0.005254575,-0.025865209,-0.039827973,-0.003894839,0.109677419,55.19,54.9,53.48,51.35,51.15,1981.18,1995.56,1983.13,1958.33,1869.58,1922.97,1955.62,1935,1837.13,1800,386253.5557,179173.8456,155325.6482,547359.4869,438064.0284,0.002270326,-0.007869866,-0.051853592,-0.002348758,0.110986317,1968.88,1973.35,1957.82,1856.3,1851.94,2057.48
2026-02-25T01:27:24,68698.7,68245,67684.86,65026.75,69988.83,67534.69,67190,63888.79,62510.28,63913.27,8032.84131,8175.13484,33075.90923,23102.83622,30749.99259,-0.004891879,-0.044163658,-0.009246935,0.06134879,-0.007396301,67975.93,67643.4,64656.02,64058.15,67988.04,56.01,54.92,53.55,51.9,59,54.82,52.94,50.72,50.18,51.03,242511.391,231209.383,349970.204,376143.687,683585.789,-0.025865209,-0.039827973,-0.003894839,0.109677419,-0.020084567,54.9,53.48,51.35,51.15,56.76,1995.56,1983.13,1958.33,1869.58,2148.39,1955.62,1935,1837.13,1800,1846.74,179173.8456,155325.6482,547359.4869,438064.0284,682979.4378,-0.007869866,-0.051853592,-0.002348758,0.110986317,-0.014483737,1973.35,1957.82,1856.3,1851.94,2057.48,2027.68
2026-02-26T01:27:24,68245,67684.86,65026.75,69988.83,68860,67190,63888.79,62510.28,63913.27,66500,8175.13484,33075.90923,23102.83622,30749.99259,20737.77792,-0.044163658,-0.009246935,0.06134879,-0.007396301,-0.023902729,67643.4,64656.02,64058.15,67988.04,67485.18,54.92,53.55,51.9,59,57.09,52.94,50.72,50.18,51.03,54.42,231209.383,349970.204,376143.687,683585.789,339639.683,-0.039827973,-0.003894839,0.109677419,-0.020084567,-0.019057893,53.48,51.35,51.15,56.76,55.62,1983.13,1958.33,1869.58,2148.39,2083.33,1935,1837.13,1800,1846.74,1975.35,155325.6482,547359.4869,438064.0284,682979.4378,439783.3566,-0.051853592,-0.002348758,0.110986317,-0.014483737,-0.04825219,1957.82,1856.3,1851.94,2057.48,2027.68,1929.84
2026-02-27T01:27:24,67684.86,65026.75,69988.83,68860,68216.8,63888.79,62510.28,63913.27,66500,64914.46,33075.90923,23102.83622,30749.99259,20737.77792,21228.58424,-0.009246935,0.06134879,-0.007396301,-0.023902729,0.016716637,64656.02,64058.15,67988.04,67485.18,65872.1,53.55,51.9,59,57.09,56.39,50.72,50.18,51.03,54.42,53.42,349970.204,376143.687,683585.789,339639.683,305470.267,-0.003894839,0.109677419,-0.020084567,-0.019057893,-0.002932551,51.35,51.15,56.76,55.62,54.56,1958.33,1869.58,2148.39,2083.33,2063.52,1837.13,1800,1846.74,1975.35,1887,547359.4869,438064.0284,682979.4378,439783.3566,428687.234,-0.002348758,0.110986317,-0.014483737,-0.04825219,0.01796522,1856.3,1851.94,2057.48,2027.68,1929.84,1964.51
2026-02-28T01:27:24,65026.75,69988.83,68860,68216.8,67760,62510.28,63913.27,66500,64914.46,63030,23102.83622,30749.99259,20737.77792,21228.58424,22548.71649,0.06134879,-0.007396301,-0.023902729,0.016716637,-0.017869669,64058.15,67988.04,67485.18,65872.1,66973.26,51.9,59,57.09,56.39,54.96,50.18,51.03,54.42,53.42,51.47,376143.687,683585.789,339639.683,305470.267,383397.838,0.109677419,-0.020084567,-0.019057893,-0.002932551,-0.021323529,51.15,56.76,55.62,54.56,54.4,1869.58,2148.39,2083.33,2063.52,1984.99,1800,1846.74,1975.35,1887,1835.36,438064.0284,682979.4378,439783.3566,428687.234,461680.9835,0.110986317,-0.014483737,-0.04825219,0.01796522,-0.012624013,1851.94,2057.48,2027.68,1929.84,1964.51,1939.71
2026-03-01T01:27:24,69988.83,68860,68216.8,67760,68199.99,63913.27,66500,64914.46,63030,65056,30749.99259,20737.77792,21228.58424,22548.71649,23201.85859,-0.007396301,-0.023902729,0.016716637,-0.017869669,0.046423744,67988.04,67485.18,65872.1,66973.26,65776.47,59,57.09,56.39,54.96,55.53,51.03,54.42,53.42,51.47,52.47,683585.789,339639.683,305470.267,383397.838,299256.409,-0.020084567,-0.019057893,-0.002932551,-0.021323529,0.025732532,56.76,55.62,54.56,54.4,53.24,2148.39,2083.33,2063.52,1984.99,2054.8,1846.74,1975.35,1887,1835.36,1907.41,682979.4378,439783.3566,428687.234,461680.9835,529196.8464,-0.014483737,-0.04825219,0.01796522,-0.012624013,0.045182012,2057.48,2027.68,1929.84,1964.51,1939.71,2027.35
2026-03-02T01:27:24,68860,68216.8,67760,68199.99,70096,66500,64914.46,63030,65056,65259.21,20737.77792,21228.58424,22548.71649,23201.85859,32010.38431,-0.023902729,0.016716637,-0.017869669,0.046423744,-0.007148911,67485.18,65872.1,66973.26,65776.47,68830.06,57.09,56.39,54.96,55.53,55.72,54.42,53.42,51.47,52.47,52.95,339639.683,305470.267,383397.838,299256.409,462228.194,-0.019057893,-0.002932551,-0.021323529,0.025732532,0.00274675,55.62,54.56,54.4,53.24,54.61,2083.33,2063.52,1984.99,2054.8,2090,1975.35,1887,1835.36,1907.41,1920,439783.3566,428687.234,461680.9835,529196.8464,577406.3749,-0.04825219,0.01796522,-0.012624013,0.045182012,-0.021974499,2027.68,1929.84,1964.51,1939.71,2027.35,1982.8
2026-03-03T01:27:24,68216.8,67760,68199.99,70096,69258.08,64914.46,63030,65056,65259.21,66158,21228.58424,22548.71649,23201.85859,32010.38431,24972.2418,0.016716637,-0.017869669,0.046423744,-0.007148911,0.063343528,65872.1,66973.26,65776.47,68830.06,68338,56.39,54.96,55.53,55.72,55.26,53.42,51.47,52.47,52.95,53.02,305470.267,383397.838,299256.409,462228.194,439975.97,-0.002932551,-0.021323529,0.025732532,0.00274675,0.036705625,54.56,54.4,53.24,54.61,54.76,2063.52,1984.99,2054.8,2090,2041.48,1887,1835.36,1907.41,1920,1929.56,428687.234,461680.9835,529196.8464,577406.3749,509329.8534,0.01796522,-0.012624013,0.045182012,-0.021974499,0.072866653,1929.84,1964.51,1939.71,2027.35,1982.8,2127.28
2026-03-04T01:27:24,67760,68199.99,70096,69258.08,74050,63030,65056,65259.21,66158,67400,22548.71649,23201.85859,32010.38431,24972.2418,44919.0761,-0.017869669,0.046423744,-0.007148911,0.063343528,-0.02444102,66973.26,65776.47,68830.06,68338,72666.77,54.96,55.53,55.72,55.26,57.66,51.47,52.47,52.95,53.02,54.3,383397.838,299256.409,462228.194,439975.97,528737.562,-0.021323529,0.025732532,0.00274675,0.036705625,-0.023075568,54.4,53.24,54.61,54.76,56.77,1984.99,2054.8,2090,2041.48,2199,1835.36,1907.41,1920,1929.56,1945.08,461680.9835,529196.8464,577406.3749,509329.8534,737644.8152,-0.012624013,0.045182012,-0.021974499,0.072866653,-0.025581964,1964.51,1939.71,2027.35,1982.8,2127.28,2072.86
2026-03-05T01:27:24,68199.99,70096,69258.08,74050,73558.15,65056,65259.21,66158,67400,70645.47,23201.85859,32010.38431,24972.2418,44919.0761,26590.51253,0.046423744,-0.007148911,0.063343528,-0.02444102,-0.039168737,65776.47,68830.06,68338,72666.77,70890.72,55.53,55.72,55.26,57.66,57.27,52.47,52.95,53.02,54.3,55.03,299256.409,462228.194,439975.97,528737.562,390267.224,0.025732532,0.00274675,0.036705625,-0.023075568,-0.029751172,53.24,54.61,54.76,56.77,55.46,2054.8,2090,2041.48,2199,2163.66,1907.41,1920,1929.56,1945.08,2054.75,529196.8464,577406.3749,509329.8534,737644.8152,432157.8126,0.045182012,-0.021974499,0.072866653,-0.025581964,-0.04543481,1939.71,2027.35,1982.8,2127.28,2072.86,1978.68
2026-03-06T01:27:24,70096,69258.08,74050,73558.15,71419.98,65259.21,66158,67400,70645.47,67744.78,32010.38431,24972.2418,44919.0761,26590.51253,22629.88722,-0.007148911,0.063343528,-0.02444102,-0.039168737,-0.012495372,68830.06,68338,72666.77,70890.72,68114.02,55.72,55.26,57.66,57.27,55.89,52.95,53.02,54.3,55.03,53.12,462228.194,439975.97,528737.562,390267.224,299754.686,0.00274675,0.036705625,-0.023075568,-0.029751172,-0.004274298,54.61,54.76,56.77,55.46,53.81,2090,2041.48,2199,2163.66,2093.33,1920,1929.56,1945.08,2054.75,1955.95,577406.3749,509329.8534,737644.8152,432157.8126,411597.7569,-0.021974499,0.072866653,-0.025581964,-0.04543481,-0.004593972,2027.35,1982.8,2127.28,2072.86,1978.68,1969.59
2026-03-07T01:27:24,69258.08,74050,73558.15,71419.98,68551.04,66158,67400,70645.47,67744.78,66915.26,24972.2418,44919.0761,26590.51253,22629.88722,12719.54315,0.063343528,-0.02444102,-0.039168737,-0.012495372,-0.019203897,68338,72666.77,70890.72,68114.02,67262.91,55.26,57.66,57.27,55.89,54.29,53.02,54.3,55.03,53.12,53.21,439975.97,528737.562,390267.224,299754.686,262288.031,0.036705625,-0.023075568,-0.029751172,-0.004274298,-0.018477044,54.76,56.77,55.46,53.81,53.58,2041.48,2199,2163.66,2093.33,1996.04,1929.56,1945.08,2054.75,1955.95,1948.09,509329.8534,737644.8152,432157.8126,411597.7569,184459.82,0.072866653,-0.025581964,-0.04543481,-0.004593972,-0.016495819,1982.8,2127.28,2072.86,1978.68,1969.59,1937.1
2026-03-08T01:27:24,74050,73558.15,71419.98,68551.04,68200,67400,70645.47,67744.78,66915.26,65618.49,44919.0761,26590.51253,22629.88722,12719.54315,21593.63901,-0.02444102,-0.039168737,-0.012495372,-0.019203897,0.037303551,72666.77,70890.72,68114.02,67262.91,65971.2,57.66,57.27,55.89,54.29,53.94,54.3,55.03,53.12,53.21,51.88,528737.562,390267.224,299754.686,262288.031,398559.551,-0.023075568,-0.029751172,-0.004274298,-0.018477044,0.022437726,56.77,55.46,53.81,53.58,52.59,2199,2163.66,2093.33,1996.04,1979.8,1945.08,2054.75,1955.95,1948.09,1916.14,737644.8152,432157.8126,411597.7569,184459.82,391189.7317,-0.025581964,-0.04543481,-0.004593972,-0.016495819,0.028847246,2127.28,2072.86,1978.68,1969.59,1937.1,1992.98
2026-03-09T01:27:24,73558.15,71419.98,68551.04,68200,69516.65,70645.47,67744.78,66915.26,65618.49,65821.97,26590.51253,22629.88722,12719.54315,21593.63901,28896.7213,-0.039168737,-0.012495372,-0.019203897,0.037303551,0.022160195,70890.72,68114.02,67262.91,65971.2,68432.16,57.27,55.89,54.29,53.94,54.75,55.03,53.12,53.21,51.88,52.5,390267.224,299754.686,262288.031,398559.551,327230.42,-0.029751172,-0.004274298,-0.018477044,0.022437726,0.001859773,55.46,53.81,53.58,52.59,53.77,2163.66,2093.33,1996.04,1979.8,2053.52,2054.75,1955.95,1948.09,1916.14,1929.65,432157.8126,411597.7569,184459.82,391189.7317,550825.4883,-0.04543481,-0.004593972,-0.016495819,0.028847246,0.021841664,2072.86,1978.68,1969.59,1937.1,1992.98,2036.51
2026-03-10T01:27:24,71419.98,68551.04,68200,69516.65,71777,67744.78,66915.26,65618.49,65821.97,68391.41,22629.88722,12719.54315,21593.63901,28896.7213,32602.57726,-0.012495372,-0.019203897,0.037303551,0.022160195,0.003477266,68114.02,67262.91,65971.2,68432.16,69948.63,55.89,54.29,53.94,54.75,55,53.12,53.21,51.88,52.5,53.43,299754.686,262288.031,398559.551,327230.42,348345.87,-0.004274298,-0.018477044,0.022437726,0.001859773,0.017263783,53.81,53.58,52.59,53.77,53.87,2093.33,1996.04,1979.8,2053.52,2088.19,1955.95,1948.09,1916.14,1929.65,1991,411597.7569,184459.82,391189.7317,550825.4883,463411.8739,-0.004593972,-0.016495819,0.028847246,0.021841664,0.007591419,1978.68,1969.59,1937.1,1992.98,2036.51,2051.97
2026-03-11T01:27:24,68551.04,68200,69516.65,71777,71321,66915.26,65618.49,65821.97,68391.41,68977.91,12719.54315,21593.63901,28896.7213,32602.57726,27249.27542,-0.019203897,0.037303551,0.022160195,0.003477266,0.004978925,67262.91,65971.2,68432.16,69948.63,70191.86,54.29,53.94,54.75,55,55.28,53.21,51.88,52.5,53.43,53.54,262288.031,398559.551,327230.42,348345.87,272644.402,-0.018477044,0.022437726,0.001859773,0.017263783,-0.004379562,53.58,52.59,53.77,53.87,54.8,1996.04,1979.8,2053.52,2088.19,2085.58,1948.09,1916.14,1929.65,1991,2007.17,184459.82,391189.7317,550825.4883,463411.8739,350061.256,-0.016495819,0.028847246,0.021841664,0.007591419,0.010502103,1969.59,1937.1,1992.98,2036.51,2051.97,2073.52
2026-03-12T01:27:24,68200,69516.65,71777,71321,70800,65618.49,65821.97,68391.41,68977.91,69205.91,21593.63901,28896.7213,32602.57726,27249.27542,21997.1605,0.037303551,0.022160195,0.003477266,0.004978925,0.005509677,65971.2,68432.16,69948.63,70191.86,70541.34,53.94,54.75,55,55.28,55,51.88,52.5,53.43,53.54,53.8,398559.551,327230.42,348345.87,272644.402,271228.185,0.022437726,0.001859773,0.017263783,-0.004379562,0.01356305,52.59,53.77,53.87,54.8,54.56,1979.8,2053.52,2088.19,2085.58,2095,1916.14,1929.65,1991,2007.17,2017.59,391189.7317,550825.4883,463411.8739,350061.256,400507.8132,0.028847246,0.021841664,0.007591419,0.010502103,0.009018481,1937.1,1992.98,2036.51,2051.97,2073.52,2092.22
2026-03-13T01:27:24,69516.65,71777,71321,70800,73913.74,65821.97,68391.41,68977.91,69205.91,70386.01,28896.7213,32602.57726,27249.27542,21997.1605,35996.61678,0.022160195,0.003477266,0.004978925,0.005509677,0.003975046,68432.16,69948.63,70191.86,70541.34,70930,54.75,55,55.28,55,56.71,52.5,53.43,53.54,53.8,54.47,327230.42,348345.87,272644.402,271228.185,337868.652,0.001859773,0.017263783,-0.004379562,0.01356305,-0.005786618,53.77,53.87,54.8,54.56,55.3,2053.52,2088.19,2085.58,2095,2209.03,1929.65,1991,2007.17,2017.59,2070.12,550825.4883,463411.8739,350061.256,400507.8132,599657.0399,0.021841664,0.007591419,0.010502103,0.009018481,0.001883167,1992.98,2036.51,2051.97,2073.52,2092.22,2096.16
2026-03-14T01:27:24,71777,71321,70800,73913.74,71307.92,68391.41,68977.91,69205.91,70386.01,70317,32602.57726,27249.27542,21997.1605,35996.61678,13017.24737,0.003477266,0.004978925,0.005509677,0.003975046,0.022514339,69948.63,70191.86,70541.34,70930,71211.95,55,55.28,55,56.71,55.84,53.43,53.54,53.8,54.47,54.37,348345.87,272644.402,271228.185,337868.652,225515.431,0.017263783,-0.004379562,0.01356305,-0.005786618,0.023463077,53.87,54.8,54.56,55.3,54.98,2088.19,2085.58,2095,2209.03,2106.09,1991,2007.17,2017.59,2070.12,2061.6,463411.8739,350061.256,400507.8132,599657.0399,152500.5822,0.007591419,0.010502103,0.009018481,0.001883167,0.03918594,2036.51,2051.97,2073.52,2092.22,2096.16,2178.3
2026-03-15T01:27:24,71321,70800,73913.74,71307.92,73199,68977.91,69205.91,70386.01,70317,70858.82,27249.27542,21997.1605,35996.61678,13017.24737,14037.30704,0.004978925,0.005509677,0.003975046,0.022514339,0.028420287,70191.86,70541.34,70930,71211.95,72815.24,55.28,55,56.71,55.84,56.41,53.54,53.8,54.47,54.37,54.69,272644.402,271228.185,337868.652,225515.431,247015.19,-0.004379562,0.01356305,-0.005786618,0.023463077,0.043184645,54.8,54.56,55.3,54.98,56.27,2085.58,2095,2209.03,2106.09,2202.87,2007.17,2017.59,2070.12,2061.6,2083.35,350061.256,400507.8132,599657.0399,152500.5822,280825.9377,0.010502103,0.009018481,0.001883167,0.03918594,0.080186384,2051.97,2073.52,2092.22,2096.16,2178.3,2352.97
2026-03-16T01:27:24,70800,73913.74,71307.92,73199,74909.08,69205.91,70386.01,70317,70858.82,72270.41,21997.1605,35996.61678,13017.24737,14037.30704,28409.53019,0.005509677,0.003975046,0.022514339,0.028420287,-0.013024161,70541.34,70930,71211.95,72815.24,74884.67,55,56.71,55.84,56.41,59.23,53.8,54.47,54.37,54.69,55.82,271228.185,337868.652,225515.431,247015.19,587196.808,0.01356305,-0.005786618,0.023463077,0.043184645,-0.010391823,54.56,55.3,54.98,56.27,58.7,2095,2209.03,2106.09,2202.87,2386.02,2017.59,2070.12,2061.6,2083.35,2164.73,400507.8132,599657.0399,152500.5822,280825.9377,845892.7756,0.009018481,0.001883167,0.03918594,0.080186384,-0.015121315,2073.52,2092.22,2096.16,2178.3,2352.97,2317.39
2026-03-17T01:27:24,73913.74,71307.92,73199,74909.08,76000,70386.01,70317,70858.82,72270.41,73399.19,35996.61678,13017.24737,14037.30704,28409.53019,24521.26636,0.003975046,0.022514339,0.028420287,-0.013024161,-0.036028184,70930,71211.95,72815.24,74884.67,73909.36,56.71,55.84,56.41,59.23,59.26,54.47,54.37,54.69,55.82,57.31,337868.652,225515.431,247015.19,587196.808,402802.673,-0.005786618,0.023463077,0.043184645,-0.010391823,-0.03460148,55.3,54.98,56.27,58.7,58.09,2209.03,2106.09,2202.87,2386.02,2376.66,2070.12,2061.6,2083.35,2164.73,2294.15,599657.0399,152500.5822,280825.9377,845892.7756,493831.1016,0.001883167,0.03918594,0.080186384,-0.015121315,-0.049193273,2092.22,2096.16,2178.3,2352.97,2317.39,2203.39
2026-03-18T01:27:24,71307.92,73199,74909.08,76000,74672.34,70317,70858.82,72270.41,73399.19,70500,13017.24737,14037.30704,28409.53019,24521.26636,23392.88093,0.022514339,0.028420287,-0.013024161,-0.036028184,-0.018478652,71211.95,72815.24,74884.67,73909.36,71246.54,55.84,56.41,59.23,59.26,58.56,54.37,54.69,55.82,57.31,55.3,225515.431,247015.19,587196.808,402802.673,355225.613,0.023463077,0.043184645,-0.010391823,-0.03460148,-0.009629101,54.98,56.27,58.7,58.09,56.08,2106.09,2202.87,2386.02,2376.66,2350,2061.6,2083.35,2164.73,2294.15,2153.21,152500.5822,280825.9377,845892.7756,493831.1016,488040.8887,0.03918594,0.080186384,-0.015121315,-0.049193273,-0.029763228,2096.16,2178.3,2352.97,2317.39,2203.39,2137.81
2026-03-19T01:27:24,73199,74909.08,76000,74672.34,71613.79,70858.82,72270.41,73399.19,70500,68793.35,14037.30704,28409.53019,24521.26636,23392.88093,22364.81819,0.028420287,-0.013024161,-0.036028184,-0.018478652,0.008304447,72815.24,74884.67,73909.36,71246.54,69930,56.41,59.23,59.26,58.56,56.35,54.69,55.82,57.31,55.3,54.59,247015.19,587196.808,402802.673,355225.613,266053.615,0.043184645,-0.010391823,-0.03460148,-0.009629101,0.011343176,56.27,58.7,58.09,56.08,55.54,2202.87,2386.02,2376.66,2350,2233.72,2083.35,2164.73,2294.15,2153.21,2099.38,280825.9377,845892.7756,493831.1016,488040.8887,490791.679,0.080186384,-0.015121315,-0.049193273,-0.029763228,0.003933932,2178.3,2352.97,2317.39,2203.39,2137.81,2146.22
2026-03-20T01:27:24,74909.08,76000,74672.34,71613.79,71367,72270.41,73399.19,70500,68793.35,69388,28409.53019,24521.26636,23392.88093,22364.81819,18121.16745,-0.013024161,-0.036028184,-0.018478652,0.008304447,-0.022586775,74884.67,73909.36,71246.54,69930,70510.73,59.23,59.26,58.56,56.35,56.47,55.82,57.31,55.3,54.59,55.17,587196.808,402802.673,355225.613,266053.615,221084.585,-0.010391823,-0.03460148,-0.009629101,0.011343176,-0.024212213,58.7,58.09,56.08,55.54,56.17,2386.02,2376.66,2350,2233.72,2176.84,2164.73,2294.15,2153.21,2099.38,2116.88,845892.7756,493831.1016,488040.8887,490791.679,300156.1778,-0.015121315,-0.049193273,-0.029763228,0.003933932,-0.02858514,2352.97,2317.39,2203.39,2137.81,2146.22,2084.87
2026-03-21T01:27:24,76000,74672.34,71613.79,71367,71100.94,73399.19,70500,68793.35,69388,68571.42,24521.26636,23392.88093,22364.81819,18121.16745,13397.1675,-0.036028184,-0.018478652,0.008304447,-0.022586775,-0.015367802,73909.36,71246.54,69930,70510.73,68918.12,59.26,58.56,56.35,56.47,56.59,57.31,55.3,54.59,55.17,54.42,402802.673,355225.613,266053.615,221084.585,194699.709,-0.03460148,-0.009629101,0.011343176,-0.024212213,-0.0237183,58.09,56.08,55.54,56.17,54.81,2376.66,2350,2233.72,2176.84,2168.27,2294.15,2153.21,2099.38,2116.88,2070.78,493831.1016,488040.8887,490791.679,300156.1778,132559.4646,-0.049193273,-0.029763228,0.003933932,-0.02858514,-0.01485944,2317.39,2203.39,2137.81,2146.22,2084.87,2053.89
2026-03-22T01:27:24,74672.34,71613.79,71367,71100.94,69588.79,70500,68793.35,69388,68571.42,67360.66,23392.88093,22364.81819,18121.16745,13397.1675,14843.78682,-0.018478652,0.008304447,-0.022586775,-0.015367802,0.04490856,71246.54,69930,70510.73,68918.12,67859,58.56,56.35,56.47,56.59,55.05,55.3,54.59,55.17,54.42,53.03,355225.613,266053.615,221084.585,194699.709,303410.591,-0.009629101,0.011343176,-0.024212213,-0.0237183,0.041300691,56.08,55.54,56.17,54.81,53.51,2350,2233.72,2176.84,2168.27,2127.21,2153.21,2099.38,2116.88,2070.78,2026,488040.8887,490791.679,300156.1778,132559.4646,313070.5572,-0.029763228,0.003933932,-0.02858514,-0.01485944,0.047782501,2203.39,2137.81,2146.22,2084.87,2053.89,2152.03
2026-03-23T01:27:24,71613.79,71367,71100.94,69588.79,71817.09,68793.35,69388,68571.42,67360.66,67445.18,22364.81819,18121.16745,13397.1675,14843.78682,28335.09119,0.008304447,-0.022586775,-0.015367802,0.04490856,-0.004931991,69930,70510.73,68918.12,67859,70906.45,56.35,56.47,56.59,55.05,56.16,54.59,55.17,54.42,53.03,53.27,266053.615,221084.585,194699.709,303410.591,361341.093,0.011343176,-0.024212213,-0.0237183,0.041300691,0.011844939,55.54,56.17,54.81,53.51,55.72,2233.72,2176.84,2168.27,2127.21,2198.57,2099.38,2116.88,2070.78,2026,2023.04,490791.679,300156.1778,132559.4646,313070.5572,614508.4369,0.003933932,-0.02858514,-0.01485944,0.047782501,0.001951646,2137.81,2146.22,2084.87,2053.89,2152.03,2156.23
2026-03-24T01:27:24,71367,71100.94,69588.79,71817.09,71400,69388,68571.42,67360.66,67445.18,68923.07,18121.16745,13397.1675,14843.78682,28335.09119,20702.42244,-0.022586775,-0.015367802,0.04490856,-0.004931991,0.011051956,70510.73,68918.12,67859,70906.45,70556.74,56.47,56.59,55.05,56.16,56.5,55.17,54.42,53.03,53.27,55.05,221084.585,194699.709,303410.591,361341.093,251140.031,-0.024212213,-0.0237183,0.041300691,0.011844939,0.004788932,56.17,54.81,53.51,55.72,56.38,2176.84,2168.27,2127.21,2198.57,2175.16,2116.88,2070.78,2026,2023.04,2103.02,300156.1778,132559.4646,313070.5572,614508.4369,316703.4728,-0.02858514,-0.01485944,0.047782501,0.001951646,0.005931649,2146.22,2084.87,2053.89,2152.03,2156.23,2169.02
2026-03-25T01:27:24,71100.94,69588.79,71817.09,71400,72026.09,68571.42,67360.66,67445.18,68923.07,70408,13397.1675,14843.78682,28335.09119,20702.42244,17719.50066,-0.015367802,0.04490856,-0.004931991,0.011051956,-0.035272531,68918.12,67859,70906.45,70556.74,71336.53,56.59,55.05,56.16,56.5,56.8,54.42,53.03,53.27,55.05,55.79,194699.709,303410.591,361341.093,251140.031,308934.412,-0.0237183,0.041300691,0.011844939,0.004788932,-0.036363636,54.81,53.51,55.72,56.38,56.65,2168.27,2127.21,2198.57,2175.16,2199.02,2070.78,2026,2023.04,2103.02,2146.35,132559.4646,313070.5572,614508.4369,316703.4728,275641.5255,-0.01485944,0.047782501,0.001951646,0.005931649,-0.050064084,2084.87,2053.89,2152.03,2156.23,2169.02,2060.43
2026-03-26T01:27:24,69588.79,71817.09,71400,72026.09,71436.82,67360.66,67445.18,68923.07,70408,68153,14843.78682,28335.09119,20702.42244,17719.50066,20820.45768,0.04490856,-0.004931991,0.011051956,-0.035272531,-0.03506276,67859,70906.45,70556.74,71336.53,68820.31,55.05,56.16,56.5,56.8,56.67,53.03,53.27,55.05,55.79,54.23,303410.591,361341.093,251140.031,308934.412,382513.198,0.041300691,0.011844939,0.004788932,-0.036363636,-0.015936985,53.51,55.72,56.38,56.65,54.59,2127.21,2198.57,2175.16,2199.02,2172.19,2026,2023.04,2103.02,2146.35,2034.54,313070.5572,614508.4369,316703.4728,275641.5255,338010.6238,0.047782501,0.001951646,0.005931649,-0.050064084,-0.032847512,2053.89,2152.03,2156.23,2169.02,2060.43,1992.75
2026-03-27T01:27:24,71817.09,71400,72026.09,71436.82,69179.05,67445.18,68923.07,70408,68153,65548.25,28335.09119,20702.42244,17719.50066,20820.45768,28603.69557,-0.004931991,0.011051956,-0.035272531,-0.03506276,-4.56E-04,70906.45,70556.74,71336.53,68820.31,66407.28,56.16,56.5,56.8,56.67,55.18,53.27,55.05,55.79,54.23,53.29,361341.093,251140.031,308934.412,382513.198,262999.776,0.011844939,0.004788932,-0.036363636,-0.015936985,0.002419955,55.72,56.38,56.65,54.59,53.72,2198.57,2175.16,2199.02,2172.19,2077.19,2023.04,2103.02,2146.35,2034.54,1970.93,614508.4369,316703.4728,275641.5255,338010.6238,394873.5248,0.001951646,0.005931649,-0.050064084,-0.032847512,9.99E-04,2152.03,2156.23,2169.02,2060.43,1992.75,1994.74
2026-03-28T01:27:24,71400,72026.09,71436.82,69179.05,67288.94,68923.07,70408,68153,65548.25,65932.09,20702.42244,17719.50066,20820.45768,28603.69557,11462.39847,0.011051956,-0.035272531,-0.03506276,-4.56E-04,-0.005515462,70556.74,71336.53,68820.31,66407.28,66377.03,56.5,56.8,56.67,55.18,54.93,55.05,55.79,54.23,53.29,53.26,251140.031,308934.412,382513.198,262999.776,269897.849,0.004788932,-0.036363636,-0.015936985,0.002419955,-0.009842154,56.38,56.65,54.59,53.72,53.85,2175.16,2199.02,2172.19,2077.19,2047.45,2103.02,2146.35,2034.54,1970.93,1983.17,316703.4728,275641.5255,338010.6238,394873.5248,154831.8055,0.005931649,-0.050064084,-0.032847512,9.99E-04,-0.005063317,2156.23,2169.02,2060.43,1992.75,1994.74,1984.64
2026-03-29T01:27:24,72026.09,71436.82,69179.05,67288.94,67130.5,70408,68153,65548.25,65932.09,65000,17719.50066,20820.45768,28603.69557,11462.39847,10052.85584,-0.035272531,-0.03506276,-4.56E-04,-0.005515462,0.011913785,71336.53,68820.31,66407.28,66377.03,66010.93,56.8,56.67,55.18,54.93,54.39,55.79,54.23,53.29,53.26,52.22,308934.412,382513.198,262999.776,269897.849,181661.454,-0.036363636,-0.015936985,0.002419955,-0.009842154,3.75E-04,56.65,54.59,53.72,53.85,53.32,2199.02,2172.19,2077.19,2047.45,2019.65,2146.35,2034.54,1970.93,1983.17,1938.82,275641.5255,338010.6238,394873.5248,154831.8055,166726.7382,-0.050064084,-0.032847512,9.99E-04,-0.005063317,0.021081909,2169.02,2060.43,1992.75,1994.74,1984.64,2026.48
2026-03-30T01:27:24,71436.82,69179.05,67288.94,67130.5,68169.65,68153,65548.25,65932.09,65000,65800.59,20820.45768,28603.69557,11462.39847,10052.85584,18353.38975,-0.03506276,-4.56E-04,-0.005515462,0.011913785,0.022263002,68820.31,66407.28,66377.03,66010.93,66797.37,56.67,55.18,54.93,54.39,54.41,54.23,53.29,53.26,52.22,52.96,382513.198,262999.776,269897.849,181661.454,414289.211,-0.015936985,0.002419955,-0.009842154,3.75E-04,0.01143607,54.59,53.72,53.85,53.32,53.34,2172.19,2077.19,2047.45,2019.65,2085,2034.54,1970.93,1983.17,1938.82,1980.28,338010.6238,394873.5248,154831.8055,166726.7382,338304.4344,-0.032847512,9.99E-04,-0.005063317,0.021081909,0.03895918,2060.43,1992.75,1994.74,1984.64,2026.48,2105.43
2026-03-31T01:27:24,69179.05,67288.94,67130.5,68169.65,68589.49,65548.25,65932.09,65000,65800.59,65998.05,28603.69557,11462.39847,10052.85584,18353.38975,22105.40662,-4.56E-04,-0.005515462,0.011913785,0.022263002,-0.002497786,66407.28,66377.03,66010.93,66797.37,68284.48,55.18,54.93,54.39,54.41,54.29,53.29,53.26,52.22,52.96,53.13,262999.776,269897.849,181661.454,414289.211,332765.311,0.002419955,-0.009842154,3.75E-04,0.01143607,-0.002409639,53.72,53.85,53.32,53.34,53.95,2077.19,2047.45,2019.65,2085,2124.03,1970.93,1983.17,1938.82,1980.28,2012.64,394873.5248,154831.8055,166726.7382,338304.4344,421897.9023,9.99E-04,-0.005063317,0.021081909,0.03895918,0.016585686,1992.75,1994.74,1984.64,2026.48,2105.43,2140.35
