date,BTC.open_7,BTC.open_6,BTC.open_5,BTC.open_4,BTC.open_3,BTC.open_2,BTC.open_1,BTC.open,BTC.high_7,BTC.high_6,BTC.high_5,BTC.high_4,BTC.high_3,BTC.high_2,BTC.high_1,BTC.high,BTC.low_7,BTC.low_6,BTC.low_5,BTC.low_4,BTC.low_3,BTC.low_2,BTC.low_1,BTC.low,BTC.volume_7,BTC.volume_6,BTC.volume_5,BTC.volume_4,BTC.volume_3,BTC.volume_2,BTC.volume_1,BTC.volume,BTC.quoteAssetVolume_7,BTC.quoteAssetVolume_6,BTC.quoteAssetVolume_5,BTC.quoteAssetVolume_4,BTC.quoteAssetVolume_3,BTC.quoteAssetVolume_2,BTC.quoteAssetVolume_1,BTC.quoteAssetVolume,BTC.numberOfTrades_7,BTC.numberOfTrades_6,BTC.numberOfTrades_5,BTC.numberOfTrades_4,BTC.numberOfTrades_3,BTC.numberOfTrades_2,BTC.numberOfTrades_1,BTC.numberOfTrades,BTC.takerBuyBaseAssetVolume_7,BTC.takerBuyBaseAssetVolume_6,BTC.takerBuyBaseAssetVolume_5,BTC.takerBuyBaseAssetVolume_4,BTC.takerBuyBaseAssetVolume_3,BTC.takerBuyBaseAssetVolume_2,BTC.takerBuyBaseAssetVolume_1,BTC.takerBuyBaseAssetVolume,BTC.takerBuyQuoteAssetVolume_7,BTC.takerBuyQuoteAssetVolume_6,BTC.takerBuyQuoteAssetVolume_5,BTC.takerBuyQuoteAssetVolume_4,BTC.takerBuyQuoteAssetVolume_3,BTC.takerBuyQuoteAssetVolume_2,BTC.takerBuyQuoteAssetVolume_1,BTC.takerBuyQuoteAssetVolume,BTC.return_7,BTC.return_6,BTC.return_5,BTC.return_4,BTC.return_3,BTC.return_2,BTC.return_1,BTC.return,BTC.close_7,BTC.close_6,BTC.close_5,BTC.close_4,BTC.close_3,BTC.close_2,BTC.close_1,BTC.close,ETH.open_7,ETH.open_6,ETH.open_5,ETH.open_4,ETH.open_3,ETH.open_2,ETH.open_1,ETH.open,ETH.high_7,ETH.high_6,ETH.high_5,ETH.high_4,ETH.high_3,ETH.high_2,ETH.high_1,ETH.high,ETH.low_7,ETH.low_6,ETH.low_5,ETH.low_4,ETH.low_3,ETH.low_2,ETH.low_1,ETH.low,ETH.volume_7,ETH.volume_6,ETH.volume_5,ETH.volume_4,ETH.volume_3,ETH.volume_2,ETH.volume_1,ETH.volume,ETH.quoteAssetVolume_7,ETH.quoteAssetVolume_6,ETH.quoteAssetVolume_5,ETH.quoteAssetVolume_4,ETH.quoteAssetVolume_3,ETH.quoteAssetVolume_2,ETH.quoteAssetVolume_1,ETH.quoteAssetVolume,ETH.numberOfTrades_7,ETH.numberOfTrades_6,ETH.numberOfTrades_5,ETH.numberOfTrades_4,ETH.numberOfTrades_3,ETH.numberOfTrades_2,ETH.numberOfTrades_1,ETH.numberOfTrades,ETH.takerBuyBaseAssetVolume_7,ETH.takerBuyBaseAssetVolume_6,ETH.takerBuyBaseAssetVolume_5,ETH.takerBuyBaseAssetVolume_4,ETH.takerBuyBaseAssetVolume_3,ETH.takerBuyBaseAssetVolume_2,ETH.takerBuyBaseAssetVolume_1,ETH.takerBuyBaseAssetVolume,ETH.takerBuyQuoteAssetVolume_7,ETH.takerBuyQuoteAssetVolume_6,ETH.takerBuyQuoteAssetVolume_5,ETH.takerBuyQuoteAssetVolume_4,ETH.takerBuyQuoteAssetVolume_3,ETH.takerBuyQuoteAssetVolume_2,ETH.takerBuyQuoteAssetVolume_1,ETH.takerBuyQuoteAssetVolume,ETH.return_7,ETH.return_6,ETH.return_5,ETH.return_4,ETH.return_3,ETH.return_2,ETH.return_1,ETH.return,ETH.close_7,ETH.close_6,ETH.close_5,ETH.close_4,ETH.close_3,ETH.close_2,ETH.close_1,ETH.close,ETH.close,ETH.low,ETH.high
2026-05-01T00:00:00,78257.48,77437.13,77625,78657.55,77371.32,76342.78,75780,76346.58,78581.93,77885.35,78961,79485.66,77478,77904.93,76669.14,78914.12,77264.08,77140.23,77326.51,76459.64,75666.6,74937.52,75323.65,76320.42,12675.14315,5685.1142,7963.56162,16046.92418,13210.72383,18279.93022,10381.81607,17315.46502,9.869325646001965E8,4.406840043451535E8,6.219919734848E8,1.2478335500841923E9,1.0104126735550212E9,1.3997358583455281E9,7.90584591689154E8,1.3478378359195642E9,2581973,806542,1476971,2982889,2352446,3032890,2569480,2388458,6148.06393,2999.85355,3981.86566,7712.53219,6518.95469,9680.02112,5585.19124,8322.98012,4.78778657353311E8,2.325677408198693E8,3.111495946071661E8,6.001224225927734E8,4.986814161989518E8,7.412797415187618E8,4.253113832018324E8,6.478495778083475E8,-0.010482704,0.002426097,0.013301771336553983,-0.016352276,-0.013293686,-0.007371621,0.007476511,0.024684278547156702,77437.13,77625,78657.55,77371.32,76342.77,75780,76346.57,78231.13,2330.27,2314.98,2319.49,2369.45,2303.66,2289.42,2252.9,2257.51,2337.5,2323.21,2380,2404.37,2310.88,2346.95,2279,2325.28,2300.22,2300.55,2306.72,2266.09,2258.24,2220.36,2231.64,2257.21,183887.6181,68139.2191,154591.6219,300363.8586,187932.2201,355078.1015,167194.2776,191082.555,4.26084826217819E8,1.57673587538543E8,3.63039217940693E8,6.97653543100754E8,4.29094630508975E8,8.11555243527633E8,3.77557889671635E8,4.38751255827916E8,2413824,658757,1508570,3192282,2346992,3588292,2649837,1805481,88184.8381,33589.8529,76876.1717,143798.2975,94578.0797,178999.8027,83993.1124,89533.7329,2.04323992883765E8,7.7727130994055E7,1.80579327354915E8,3.34290742028397E8,2.15948355744806E8,4.09301744342773E8,1.89738754617926E8,2.05580455528971E8,-0.006552917,0.001948173,0.021530502263418863,-0.027757614,-0.006185782,-0.015951638,0.002046251,0.016885860970715472,2314.99,2319.5,2369.44,2303.67,2289.42,2252.9,2257.51,2295.63,2295.63,2257.21,2325.28
2026-05-02T00:00:00,77437.13,77625,78657.55,77371.32,76342.78,75780,76346.58,78231.13,77885.35,78961,79485.66,77478,77904.93,76669.14,78914.12,79199.48,77140.23,77326.51,76459.64,75666.6,74937.52,75323.65,76320.42,78040,5685.1142,7963.56162,16046.92418,13210.72383,18279.93022,10381.81607,17315.46502,6150.87642,4.406840043451535E8,6.219919734848E8,1.2478335500841923E9,1.0104126735550212E9,1.3997358583455281E9,7.90584591689154E8,1.3478378359195642E9,4.822383894494098E8,806542,1476971,2982889,2352446,3032890,2569480,2388458,936143,2999.85355,3981.86566,7712.53219,6518.95469,9680.02112,5585.19124,8322.98012,3297.03958,2.325677408198693E8,3.111495946071661E8,6.001224225927734E8,4.986814161989518E8,7.412797415187618E8,4.253113832018324E8,6.478495778083475E8,2.58534491673966E8,0.002426097,0.013301771336553983,-0.016352276,-0.013293686,-0.007371621,0.007476511,0.024684278547156702,0.005825303,77625,78657.55,77371.32,76342.77,75780,76346.57,78231.13,78686.85,2314.98,2319.49,2369.45,2303.66,2289.42,2252.9,2257.51,2295.63,2323.21,2380,2404.37,2310.88,2346.95,2279,2325.28,2343.6,2300.55,2306.72,2266.09,2258.24,2220.36,2231.64,2257.21,2292.91,68139.2191,154591.6219,300363.8586,187932.2201,355078.1015,167194.2776,191082.555,85588.4724,1.57673587538543E8,3.63039217940693E8,6.97653543100754E8,4.29094630508975E8,8.11555243527633E8,3.77557889671635E8,4.38751255827916E8,1.97914496937889E8,658757,1508570,3192282,2346992,3588292,2649837,1805481,870699,33589.8529,76876.1717,143798.2975,94578.0797,178999.8027,83993.1124,89533.7329,45662.7959,7.7727130994055E7,1.80579327354915E8,3.34290742028397E8,2.15948355744806E8,4.09301744342773E8,1.89738754617926E8,2.05580455528971E8,1.0564997974995E8,0.001948173,0.021530502263418863,-0.027757614,-0.006185782,-0.015951638,0.002046251,0.016885860970715472,0.009295923,2319.5,2369.44,2303.67,2289.42,2252.9,2257.51,2295.63,2316.97,2316.97,2292.91,2343.6
2026-05-03T00:00:00,77625,78657.55,77371.32,76342.78,75780,76346.58,78231.13,78686.84,78961,79485.66,77478,77904.93,76669.14,78914.12,79199.48,79447,77326.51,76459.64,75666.6,74937.52,75323.65,76320.42,78040,78084.08,7963.56162,16046.92418,13210.72383,18279.93022,10381.81607,17315.46502,6150.87642,7425.7929,6.219919734848E8,1.2478335500841923E9,1.0104126735550212E9,1.3997358583455281E9,7.90584591689154E8,1.3478378359195642E9,4.822383894494098E8,5.842943304516286E8,1476971,2982889,2352446,3032890,2569480,2388458,936143,1352474,3981.86566,7712.53219,6518.95469,9680.02112,5585.19124,8322.98012,3297.03958,3464.91412,3.111495946071661E8,6.001224225927734E8,4.986814161989518E8,7.412797415187618E8,4.253113832018324E8,6.478495778083475E8,2.58534491673966E8,2.72683292169375E8,0.013301771336553983,-0.016352276,-0.013293686,-0.007371621,0.007476511,0.024684278547156702,0.005825303,-0.001503174,78657.55,77371.32,76342.77,75780,76346.57,78231.13,78686.85,78568.57,2319.49,2369.45,2303.66,2289.42,2252.9,2257.51,2295.63,2316.97,2380,2404.37,2310.88,2346.95,2279,2325.28,2343.6,2356.92,2306.72,2266.09,2258.24,2220.36,2231.64,2257.21,2292.91,2297.59,154591.6219,300363.8586,187932.2201,355078.1015,167194.2776,191082.555,85588.4724,151074.4342,3.63039217940693E8,6.97653543100754E8,4.29094630508975E8,8.11555243527633E8,3.77557889671635E8,4.38751255827916E8,1.97914496937889E8,3.51370000018079E8,1508570,3192282,2346992,3588292,2649837,1805481,870699,1374290,76876.1717,143798.2975,94578.0797,178999.8027,83993.1124,89533.7329,45662.7959,74492.1738,1.80579327354915E8,3.34290742028397E8,2.15948355744806E8,4.09301744342773E8,1.89738754617926E8,2.05580455528971E8,1.0564997974995E8,1.73304008274475E8,0.021530502263418863,-0.027757614,-0.006185782,-0.015951638,0.002046251,0.016885860970715472,0.009295923,0.002451478,2369.44,2303.67,2289.42,2252.9,2257.51,2295.63,2316.97,2322.65,2322.65,2297.59,2356.92
2026-05-04T00:00:00,78657.55,77371.32,76342.78,75780,76346.58,78231.13,78686.84,78568.58,79485.66,77478,77904.93,76669.14,78914.12,79199.48,79447,80776.99,76459.64,75666.6,74937.52,75323.65,76320.42,78040,78084.08,78202,16046.92418,13210.72383,18279.93022,10381.81607,17315.46502,6150.87642,7425.7929,26042.96135,1.2478335500841923E9,1.0104126735550212E9,1.3997358583455281E9,7.90584591689154E8,1.3478378359195642E9,4.822383894494098E8,5.842943304516286E8,2.074174850511439E9,2982889,2352446,3032890,2569480,2388458,936143,1352474,3734604,7712.53219,6518.95469,9680.02112,5585.19124,8322.98012,3297.03958,3464.91412,13351.64548,6.001224225927734E8,4.986814161989518E8,7.412797415187618E8,4.253113832018324E8,6.478495778083475E8,2.58534491673966E8,2.72683292169375E8,1.0630548618782552E9,-0.016352276,-0.013293686,-0.007371621,0.007476511,0.024684278547156702,0.005825303,-0.001503174,0.016449834838536424,77371.32,76342.77,75780,76346.57,78231.13,78686.85,78568.57,79861.01,2369.45,2303.66,2289.42,2252.9,2257.51,2295.63,2316.97,2322.65,2404.37,2310.88,2346.95,2279,2325.28,2343.6,2356.92,2398.93,2266.09,2258.24,2220.36,2231.64,2257.21,2292.91,2297.59,2309.24,300363.8586,187932.2201,355078.1015,167194.2776,191082.555,85588.4724,151074.4342,453020.7985,6.97653543100754E8,4.29094630508975E8,8.11555243527633E8,3.77557889671635E8,4.38751255827916E8,1.97914496937889E8,3.51370000018079E8,1.067990750066591E9,3192282,2346992,3588292,2649837,1805481,870699,1374290,4137093,143798.2975,94578.0797,178999.8027,83993.1124,89533.7329,45662.7959,74492.1738,220556.484,3.34290742028397E8,2.15948355744806E8,4.09301744342773E8,1.89738754617926E8,2.05580455528971E8,1.0564997974995E8,1.73304008274475E8,5.19975851029142E8,-0.027757614,-0.006185782,-0.015951638,0.002046251,0.016885860970715472,0.009295923,0.002451478,0.010552601554259041,2303.67,2289.42,2252.9,2257.51,2295.63,2316.97,2322.65,2347.16,2347.16,2309.24,2398.93
2026-05-05T00:00:00,77371.32,76342.78,75780,76346.58,78231.13,78686.84,78568.58,79861.01,77478,77904.93,76669.14,78914.12,79199.48,79447,80776.99,81791.48,75666.6,74937.52,75323.65,76320.42,78040,78084.08,78202,79808.72,13210.72383,18279.93022,10381.81607,17315.46502,6150.87642,7425.7929,26042.96135,16947.17995,1.0104126735550212E9,1.3997358583455281E9,7.90584591689154E8,1.3478378359195642E9,4.822383894494098E8,5.842943304516286E8,2.074174850511439E9,1.374319029230936E9,2352446,3032890,2569480,2388458,936143,1352474,3734604,2490930,6518.95469,9680.02112,5585.19124,8322.98012,3297.03958,3464.91412,13351.64548,8628.14977,4.986814161989518E8,7.412797415187618E8,4.253113832018324E8,6.478495778083475E8,2.58534491673966E8,2.72683292169375E8,1.0630548618782552E9,6.998497889064542E8,-0.013293686,-0.007371621,0.007476511,0.024684278547156702,0.005825303,-0.001503174,0.016449834838536424,0.013079098298406311,76342.77,75780,76346.57,78231.13,78686.85,78568.57,79861.01,80905.52,2303.66,2289.42,2252.9,2257.51,2295.63,2316.97,2322.65,2347.17,2310.88,2346.95,2279,2325.28,2343.6,2356.92,2398.93,2399.5,2258.24,2220.36,2231.64,2257.21,2292.91,2297.59,2309.24,2344.93,187932.2201,355078.1015,167194.2776,191082.555,85588.4724,151074.4342,453020.7985,286636.7312,4.29094630508975E8,8.11555243527633E8,3.77557889671635E8,4.38751255827916E8,1.97914496937889E8,3.51370000018079E8,1.067990750066591E9,6.81480549110581E8,2346992,3588292,2649837,1805481,870699,1374290,4137093,2512190,94578.0797,178999.8027,83993.1124,89533.7329,45662.7959,74492.1738,220556.484,139328.0697,2.15948355744806E8,4.09301744342773E8,1.89738754617926E8,2.05580455528971E8,1.0564997974995E8,1.73304008274475E8,5.19975851029142E8,3.31307244778156E8,-0.006185782,-0.015951638,0.002046251,0.016885860970715472,0.009295923,0.002451478,0.010552601554259041,0.005798497,2289.42,2252.9,2257.51,2295.63,2316.97,2322.65,2347.16,2360.77,2360.77,2344.93,2399.5
2026-05-06T00:00:00,76342.78,75780,76346.58,78231.13,78686.84,78568.58,79861.01,80905.53,77904.93,76669.14,78914.12,79199.48,79447,80776.99,81791.48,82850,74937.52,75323.65,76320.42,78040,78084.08,78202,79808.72,80731.14,18279.93022,10381.81607,17315.46502,6150.87642,7425.7929,26042.96135,16947.17995,18798.77396,1.3997358583455281E9,7.90584591689154E8,1.3478378359195642E9,4.822383894494098E8,5.842943304516286E8,2.074174850511439E9,1.374319029230936E9,1.5356506247612484E9,3032890,2569480,2388458,936143,1352474,3734604,2490930,2794707,9680.02112,5585.19124,8322.98012,3297.03958,3464.91412,13351.64548,8628.14977,9976.68805,7.412797415187618E8,4.253113832018324E8,6.478495778083475E8,2.58534491673966E8,2.72683292169375E8,1.0630548618782552E9,6.998497889064542E8,8.150090742302135E8,-0.007371621,0.007476511,0.024684278547156702,0.005825303,-0.001503174,0.016449834838536424,0.013079098298406311,0.006692868,75780,76346.57,78231.13,78686.85,78568.57,79861.01,80905.52,81447.01,2289.42,2252.9,2257.51,2295.63,2316.97,2322.65,2347.17,2360.76,2346.95,2279,2325.28,2343.6,2356.92,2398.93,2399.5,2423.74,2220.36,2231.64,2257.21,2292.91,2297.59,2309.24,2344.93,2338,355078.1015,167194.2776,191082.555,85588.4724,151074.4342,453020.7985,286636.7312,420667.3161,8.11555243527633E8,3.77557889671635E8,4.38751255827916E8,1.97914496937889E8,3.51370000018079E8,1.067990750066591E9,6.81480549110581E8,9.99441628415373E8,3588292,2649837,1805481,870699,1374290,4137093,2512190,3062625,178999.8027,83993.1124,89533.7329,45662.7959,74492.1738,220556.484,139328.0697,193007.5534,4.09301744342773E8,1.89738754617926E8,2.05580455528971E8,1.0564997974995E8,1.73304008274475E8,5.19975851029142E8,3.31307244778156E8,4.59022962968137E8,-0.015951638,0.002046251,0.016885860970715472,0.009295923,0.002451478,0.010552601554259041,0.005798497,-0.004206255,2252.9,2257.51,2295.63,2316.97,2322.65,2347.16,2360.77,2350.84,2350.84,2338,2423.74
2026-05-07T00:00:00,75780,76346.58,78231.13,78686.84,78568.58,79861.01,80905.53,81447.01,76669.14,78914.12,79199.48,79447,80776.99,81791.48,82850,81708.32,75323.65,76320.42,78040,78084.08,78202,79808.72,80731.14,79500,10381.81607,17315.46502,6150.87642,7425.7929,26042.96135,16947.17995,18798.77396,16154.80338,7.90584591689154E8,1.3478378359195642E9,4.822383894494098E8,5.842943304516286E8,2.074174850511439E9,1.374319029230936E9,1.5356506247612484E9,1.3007663821023338E9,2569480,2388458,936143,1352474,3734604,2490930,2794707,2540329,5585.19124,8322.98012,3297.03958,3464.91412,13351.64548,8628.14977,9976.68805,7625.14879,4.253113832018324E8,6.478495778083475E8,2.58534491673966E8,2.72683292169375E8,1.0630548618782552E9,6.998497889064542E8,8.150090742302135E8,6.142187587473308E8,0.007476511,0.024684278547156702,0.005825303,-0.001503174,0.016449834838536424,0.013079098298406311,0.006692868,-0.017692608,76346.57,78231.13,78686.85,78568.57,79861.01,80905.52,81447.01,80006,2252.9,2257.51,2295.63,2316.97,2322.65,2347.17,2360.76,2350.84,2279,2325.28,2343.6,2356.92,2398.93,2399.5,2423.74,2352.3,2231.64,2257.21,2292.91,2297.59,2309.24,2344.93,2338,2280.1,167194.2776,191082.555,85588.4724,151074.4342,453020.7985,286636.7312,420667.3161,469521.9378,3.77557889671635E8,4.38751255827916E8,1.97914496937889E8,3.51370000018079E8,1.067990750066591E9,6.81480549110581E8,9.99441628415373E8,1.084720938606199E9,2649837,1805481,870699,1374290,4137093,2512190,3062625,3191083,83993.1124,89533.7329,45662.7959,74492.1738,220556.484,139328.0697,193007.5534,177521.5123,1.89738754617926E8,2.05580455528971E8,1.0564997974995E8,1.73304008274475E8,5.19975851029142E8,3.31307244778156E8,4.59022962968137E8,4.10305896179507E8,0.002046251,0.016885860970715472,0.009295923,0.002451478,0.010552601554259041,0.005798497,-0.004206255,-0.025429208,2257.51,2295.63,2316.97,2322.65,2347.16,2360.77,2350.84,2291.06,2291.06,2280.1,2352.3
2026-05-08T00:00:00,76346.58,78231.13,78686.84,78568.58,79861.01,80905.53,81447.01,80006,78914.12,79199.48,79447,80776.99,81791.48,82850,81708.32,80500,76320.42,78040,78084.08,78202,79808.72,80731.14,79500,79181.48,17315.46502,6150.87642,7425.7929,26042.96135,16947.17995,18798.77396,16154.80338,16001.31009,1.3478378359195642E9,4.822383894494098E8,5.842943304516286E8,2.074174850511439E9,1.374319029230936E9,1.5356506247612484E9,1.3007663821023338E9,1.2785660454172618E9,2388458,936143,1352474,3734604,2490930,2794707,2540329,2265372,8322.98012,3297.03958,3464.91412,13351.64548,8628.14977,9976.68805,7625.14879,8328.38654,6.478495778083475E8,2.58534491673966E8,2.72683292169375E8,1.0630548618782552E9,6.998497889064542E8,8.150090742302135E8,6.142187587473308E8,6.65600036192464E8,0.024684278547156702,0.005825303,-0.001503174,0.016449834838536424,0.013079098298406311,0.006692868,-0.017692608,0.00233945,78231.13,78686.85,78568.57,79861.01,80905.52,81447.01,80006,80193.17,2257.51,2295.63,2316.97,2322.65,2347.17,2360.76,2350.84,2291.06,2325.28,2343.6,2356.92,2398.93,2399.5,2423.74,2352.3,2321.22,2257.21,2292.91,2297.59,2309.24,2344.93,2338,2280.1,2265.61,191082.555,85588.4724,151074.4342,453020.7985,286636.7312,420667.3161,469521.9378,421035.1582,4.38751255827916E8,1.97914496937889E8,3.51370000018079E8,1.067990750066591E9,6.81480549110581E8,9.99441628415373E8,1.084720938606199E9,9.64540001642085E8,1805481,870699,1374290,4137093,2512190,3062625,3191083,2568056,89533.7329,45662.7959,74492.1738,220556.484,139328.0697,193007.5534,177521.5123,164773.9995,2.05580455528971E8,1.0564997974995E8,1.73304008274475E8,5.19975851029142E8,3.31307244778156E8,4.59022962968137E8,4.10305896179507E8,3.7728768273126E8,0.016885860970715472,0.009295923,0.002451478,0.010552601554259041,0.005798497,-0.004206255,-0.025429208,0.006983667,2295.63,2316.97,2322.65,2347.16,2360.77,2350.84,2291.06,2307.06,2307.06,2265.61,2321.22
2026-05-09T00:00:00,78231.13,78686.84,78568.58,79861.01,80905.53,81447.01,80006,80193.18,79199.48,79447,80776.99,81791.48,82850,81708.32,80500,81080,78040,78084.08,78202,79808.72,80731.14,79500,79181.48,80129.85,6150.87642,7425.7929,26042.96135,16947.17995,18798.77396,16154.80338,16001.31009,7548.42177,4.822383894494098E8,5.842943304516286E8,2.074174850511439E9,1.374319029230936E9,1.5356506247612484E9,1.3007663821023338E9,1.2785660454172618E9,6.075962259864202E8,936143,1352474,3734604,2490930,2794707,2540329,2265372,1002373,3297.03958,3464.91412,13351.64548,8628.14977,9976.68805,7625.14879,8328.38654,4032.72566,2.58534491673966E8,2.72683292169375E8,1.0630548618782552E9,6.998497889064542E8,8.150090742302135E8,6.142187587473308E8,6.65600036192464E8,3.245545403255052E8,0.005825303,-0.001503174,0.016449834838536424,0.013079098298406311,0.006692868,-0.017692608,0.00233945,0.006050765,78686.85,78568.57,79861.01,80905.52,81447.01,80006,80193.17,80678.4,2295.63,2316.97,2322.65,2347.17,2360.76,2350.84,2291.06,2307.07,2343.6,2356.92,2398.93,2399.5,2423.74,2352.3,2321.22,2338.37,2292.91,2297.59,2309.24,2344.93,2338,2280.1,2265.61,2300,85588.4724,151074.4342,453020.7985,286636.7312,420667.3161,469521.9378,421035.1582,230431.157,1.97914496937889E8,3.51370000018079E8,1.067990750066591E9,6.81480549110581E8,9.99441628415373E8,1.084720938606199E9,9.64540001642085E8,5.34441724095869E8,870699,1374290,4137093,2512190,3062625,3191083,2568056,1248625,45662.7959,74492.1738,220556.484,139328.0697,193007.5534,177521.5123,164773.9995,90960.5803,1.0564997974995E8,1.73304008274475E8,5.19975851029142E8,3.31307244778156E8,4.59022962968137E8,4.10305896179507E8,3.7728768273126E8,2.10978434967519E8,0.009295923,0.002451478,0.010552601554259041,0.005798497,-0.004206255,-0.025429208,0.006983667,0.008400302,2316.97,2322.65,2347.16,2360.77,2350.84,2291.06,2307.06,2326.44,2326.44,2300,2338.37
2026-05-10T00:00:00,78686.84,78568.58,79861.01,80905.53,81447.01,80006,80193.18,80678.41,79447,80776.99,81791.48,82850,81708.32,80500,81080,82479.32,78084.08,78202,79808.72,80731.14,79500,79181.48,80129.85,80279.77,7425.7929,26042.96135,16947.17995,18798.77396,16154.80338,16001.31009,7548.42177,12034.31882,5.842943304516286E8,2.074174850511439E9,1.374319029230936E9,1.5356506247612484E9,1.3007663821023338E9,1.2785660454172618E9,6.075962259864202E8,9.772237142634745E8,1352474,3734604,2490930,2794707,2540329,2265372,1002373,1801608,3464.91412,13351.64548,8628.14977,9976.68805,7625.14879,8328.38654,4032.72566,6395.8966,2.72683292169375E8,1.0630548618782552E9,6.998497889064542E8,8.150090742302135E8,6.142187587473308E8,6.65600036192464E8,3.245545403255052E8,5.195051915151365E8,-0.001503174,0.016449834838536424,0.013079098298406311,0.006692868,-0.017692608,0.00233945,0.006050765,0.018984883190544345,78568.57,79861.01,80905.52,81447.01,80006,80193.17,80678.4,82210.07,2316.97,2322.65,2347.17,2360.76,2350.84,2291.06,2307.07,2326.43,2356.92,2398.93,2399.5,2423.74,2352.3,2321.22,2338.37,2382.53,2297.59,2309.24,2344.93,2338,2280.1,2265.61,2300,2311.83,151074.4342,453020.7985,286636.7312,420667.3161,469521.9378,421035.1582,230431.157,398122.8623,3.51370000018079E8,1.067990750066591E9,6.81480549110581E8,9.99441628415373E8,1.084720938606199E9,9.64540001642085E8,5.34441724095869E8,9.33278254427879E8,1374290,4137093,2512190,3062625,3191083,2568056,1248625,2272749,74492.1738,220556.484,139328.0697,193007.5534,177521.5123,164773.9995,90960.5803,219121.332,1.73304008274475E8,5.19975851029142E8,3.31307244778156E8,4.59022962968137E8,4.10305896179507E8,3.7728768273126E8,2.10978434967519E8,5.14296301197561E8,0.002451478,0.010552601554259041,0.005798497,-0.004206255,-0.025429208,0.006983667,0.008400302,0.019269785595158236,2322.65,2347.16,2360.77,2350.84,2291.06,2307.06,2326.44,2371.27,2371.27,2311.83,2382.53
2026-05-11T00:00:00,78568.58,79861.01,80905.53,81447.01,80006,80193.18,80678.41,82210.07,80776.99,81791.48,82850,81708.32,80500,81080,82479.32,82380,78202,79808.72,80731.14,79500,79181.48,80129.85,80279.77,80462.97,26042.96135,16947.17995,18798.77396,16154.80338,16001.31009,7548.42177,12034.31882,12951.76056,2.074174850511439E9,1.374319029230936E9,1.5356506247612484E9,1.3007663821023338E9,1.2785660454172618E9,6.075962259864202E8,9.772237142634745E8,1.0531936708757555E9,3734604,2490930,2794707,2540329,2265372,1002373,1801608,2576396,13351.64548,8628.14977,9976.68805,7625.14879,8328.38654,4032.72566,6395.8966,6132.37349,1.0630548618782552E9,6.998497889064542E8,8.150090742302135E8,6.142187587473308E8,6.65600036192464E8,3.245545403255052E8,5.195051915151365E8,4.988609194964037E8,0.016449834838536424,0.013079098298406311,0.006692868,-0.017692608,0.00233945,0.006050765,0.018984883190544345,-0.005649186,79861.01,80905.52,81447.01,80006,80193.17,80678.4,82210.07,81745.65,2322.65,2347.17,2360.76,2350.84,2291.06,2307.07,2326.43,2371.26,2398.93,2399.5,2423.74,2352.3,2321.22,2338.37,2382.53,2374.92,2309.24,2344.93,2338,2280.1,2265.61,2300,2311.83,2304,453020.7985,286636.7312,420667.3161,469521.9378,421035.1582,230431.157,398122.8623,236962.0552,1.067990750066591E9,6.81480549110581E8,9.99441628415373E8,1.084720938606199E9,9.64540001642085E8,5.34441724095869E8,9.33278254427879E8,5.53428064252923E8,4137093,2512190,3062625,3191083,2568056,1248625,2272749,2594593,220556.484,139328.0697,193007.5534,177521.5123,164773.9995,90960.5803,219121.332,103490.2032,5.19975851029142E8,3.31307244778156E8,4.59022962968137E8,4.10305896179507E8,3.7728768273126E8,2.10978434967519E8,5.14296301197561E8,2.41738239910142E8,0.010552601554259041,0.005798497,-0.004206255,-0.025429208,0.006983667,0.008400302,0.019269785595158236,-0.013241849,2347.16,2360.77,2350.84,2291.06,2307.06,2326.44,2371.27,2339.87,2339.87,2304,2374.92
2026-05-12T00:00:00,79861.01,80905.53,81447.01,80006,80193.18,80678.41,82210.07,81745.66,81791.48,82850,81708.32,80500,81080,82479.32,82380,81788,79808.72,80731.14,79500,79181.48,80129.85,80279.77,80462.97,79843.59,16947.17995,18798.77396,16154.80338,16001.31009,7548.42177,12034.31882,12951.76056,12386.25676,1.374319029230936E9,1.5356506247612484E9,1.3007663821023338E9,1.2785660454172618E9,6.075962259864202E8,9.772237142634745E8,1.0531936708757555E9,1.000180167440677E9,2490930,2794707,2540329,2265372,1002373,1801608,2576396,2345137,8628.14977,9976.68805,7625.14879,8328.38654,4032.72566,6395.8966,6132.37349,5716.20385,6.998497889064542E8,8.150090742302135E8,6.142187587473308E8,6.65600036192464E8,3.245545403255052E8,5.195051915151365E8,4.988609194964037E8,4.617398400868008E8,0.013079098298406311,0.006692868,-0.017692608,0.00233945,0.006050765,0.018984883190544345,-0.005649186,-0.015183438,80905.52,81447.01,80006,80193.17,80678.4,82210.07,81745.65,80504.47,2347.17,2360.76,2350.84,2291.06,2307.07,2326.43,2371.26,2339.88,2399.5,2423.74,2352.3,2321.22,2338.37,2382.53,2374.92,2340.85,2344.93,2338,2280.1,2265.61,2300,2311.83,2304,2256.27,286636.7312,420667.3161,469521.9378,421035.1582,230431.157,398122.8623,236962.0552,252981.1082,6.81480549110581E8,9.99441628415373E8,1.084720938606199E9,9.64540001642085E8,5.34441724095869E8,9.33278254427879E8,5.53428064252923E8,5.79204959797464E8,2512190,3062625,3191083,2568056,1248625,2272749,2594593,2520381,139328.0697,193007.5534,177521.5123,164773.9995,90960.5803,219121.332,103490.2032,112560.2947,3.31307244778156E8,4.59022962968137E8,4.10305896179507E8,3.7728768273126E8,2.10978434967519E8,5.14296301197561E8,2.41738239910142E8,2.57748542882055E8,0.005798497,-0.004206255,-0.025429208,0.006983667,0.008400302,0.019269785595158236,-0.013241849,-0.027740857,2360.77,2350.84,2291.06,2307.06,2326.44,2371.27,2339.87,2274.96,2274.96,2256.27,2340.85
2026-05-13T00:00:00,80905.53,81447.01,80006,80193.18,80678.41,82210.07,81745.66,80504.47,82850,81708.32,80500,81080,82479.32,82380,81788,81324.64,80731.14,79500,79181.48,80129.85,80279.77,80462.97,79843.59,78754.65,18798.77396,16154.80338,16001.31009,7548.42177,12034.31882,12951.76056,12386.25676,14810.05643,1.5356506247612484E9,1.3007663821023338E9,1.2785660454172618E9,6.075962259864202E8,9.772237142634745E8,1.0531936708757555E9,1.000180167440677E9,1.1849298428688235E9,2794707,2540329,2265372,1002373,1801608,2576396,2345137,2350570,9976.68805,7625.14879,8328.38654,4032.72566,6395.8966,6132.37349,5716.20385,7161.64182,8.150090742302135E8,6.142187587473308E8,6.65600036192464E8,3.245545403255052E8,5.195051915151365E8,4.988609194964037E8,4.617398400868008E8,5.73129996834195E8,0.006692868,-0.017692608,0.00233945,0.006050765,0.018984883190544345,-0.005649186,-0.015183438,-0.014792471,81447.01,80006,80193.17,80678.4,82210.07,81745.65,80504.47,79313.61,2360.76,2350.84,2291.06,2307.07,2326.43,2371.26,2339.88,2274.97,2423.74,2352.3,2321.22,2338.37,2382.53,2374.92,2340.85,2323.36,2338,2280.1,2265.61,2300,2311.83,2304,2256.27,2234.13,420667.3161,469521.9378,421035.1582,230431.157,398122.8623,236962.0552,252981.1082,258455.7299,9.99441628415373E8,1.084720938606199E9,9.64540001642085E8,5.34441724095869E8,9.33278254427879E8,5.53428064252923E8,5.79204959797464E8,5.87994702421878E8,3062625,3191083,2568056,1248625,2272749,2594593,2520381,2145600,193007.5534,177521.5123,164773.9995,90960.5803,219121.332,103490.2032,112560.2947,124180.3611,4.59022962968137E8,4.10305896179507E8,3.7728768273126E8,2.10978434967519E8,5.14296301197561E8,2.41738239910142E8,2.57748542882055E8,2.82671652633523E8,-0.004206255,-0.025429208,0.006983667,0.008400302,0.019269785595158236,-0.013241849,-0.027740857,-0.007169357,2350.84,2291.06,2307.06,2326.44,2371.27,2339.87,2274.96,2258.65,2258.65,2234.13,2323.36
2026-05-14T00:00:00,81447.01,80006,80193.18,80678.41,82210.07,81745.66,80504.47,79313.61,81708.32,80500,81080,82479.32,82380,81788,81324.64,82048.13,79500,79181.48,80129.85,80279.77,80462.97,79843.59,78754.65,78922,16154.80338,16001.31009,7548.42177,12034.31882,12951.76056,12386.25676,14810.05643,19727.86807,1.3007663821023338E9,1.2785660454172618E9,6.075962259864202E8,9.772237142634745E8,1.0531936708757555E9,1.000180167440677E9,1.1849298428688235E9,1.590656475018797E9,2540329,2265372,1002373,1801608,2576396,2345137,2350570,3101046,7625.14879,8328.38654,4032.72566,6395.8966,6132.37349,5716.20385,7161.64182,10750.20775,6.142187587473308E8,6.65600036192464E8,3.245545403255052E8,5.195051915151365E8,4.988609194964037E8,4.617398400868008E8,5.73129996834195E8,8.672054598346943E8,-0.017692608,0.00233945,0.006050765,0.018984883190544345,-0.005649186,-0.015183438,-0.014792471,0.022396912711450213,80006,80193.17,80678.4,82210.07,81745.65,80504.47,79313.61,81089.99,2350.84,2291.06,2307.07,2326.43,2371.26,2339.88,2274.97,2258.66,2352.3,2321.22,2338.37,2382.53,2374.92,2340.85,2323.36,2319.33,2280.1,2265.61,2300,2311.83,2304,2256.27,2234.13,2238.64,469521.9378,421035.1582,230431.157,398122.8623,236962.0552,252981.1082,258455.7299,256680.8359,1.084720938606199E9,9.64540001642085E8,5.34441724095869E8,9.33278254427879E8,5.53428064252923E8,5.79204959797464E8,5.87994702421878E8,5.8536870859742E8,3191083,2568056,1248625,2272749,2594593,2520381,2145600,2730407,177521.5123,164773.9995,90960.5803,219121.332,103490.2032,112560.2947,124180.3611,127752.3579,4.10305896179507E8,3.7728768273126E8,2.10978434967519E8,5.14296301197561E8,2.41738239910142E8,2.57748542882055E8,2.82671652633523E8,2.91429330031826E8,-0.025429208,0.006983667,0.008400302,0.019269785595158236,-0.013241849,-0.027740857,-0.007169357,0.010891462,2291.06,2307.06,2326.44,2371.27,2339.87,2274.96,2258.65,2283.25,2283.25,2238.64,2319.33
2026-05-15T00:00:00,80006,80193.18,80678.41,82210.07,81745.66,80504.47,79313.61,81090,80500,81080,82479.32,82380,81788,81324.64,82048.13,81664.45,79181.48,80129.85,80279.77,80462.97,79843.59,78754.65,78922,78659,16001.31009,7548.42177,12034.31882,12951.76056,12386.25676,14810.05643,19727.86807,17351.27079,1.2785660454172618E9,6.075962259864202E8,9.772237142634745E8,1.0531936708757555E9,1.000180167440677E9,1.1849298428688235E9,1.590656475018797E9,1.387152674368868E9,2265372,1002373,1801608,2576396,2345137,2350570,3101046,3184114,8328.38654,4032.72566,6395.8966,6132.37349,5716.20385,7161.64182,10750.20775,8333.17845,6.65600036192464E8,3.245545403255052E8,5.195051915151365E8,4.988609194964037E8,4.617398400868008E8,5.73129996834195E8,8.672054598346943E8,6.66666033915996E8,0.00233945,0.006050765,0.018984883190544345,-0.005649186,-0.015183438,-0.014792471,0.022396912711450213,-0.024377608,80193.17,80678.4,82210.07,81745.65,80504.47,79313.61,81089.99,79113.21,2291.06,2307.07,2326.43,2371.26,2339.88,2274.97,2258.66,2283.26,2321.22,2338.37,2382.53,2374.92,2340.85,2323.36,2319.33,2300.29,2265.61,2300,2311.83,2304,2256.27,2234.13,2238.64,2205.11,421035.1582,230431.157,398122.8623,236962.0552,252981.1082,258455.7299,256680.8359,288536.5507,9.64540001642085E8,5.34441724095869E8,9.33278254427879E8,5.53428064252923E8,5.79204959797464E8,5.87994702421878E8,5.8536870859742E8,6.47433872912318E8,2568056,1248625,2272749,2594593,2520381,2145600,2730407,2977308,164773.9995,90960.5803,219121.332,103490.2032,112560.2947,124180.3611,127752.3579,123184.0319,3.7728768273126E8,2.10978434967519E8,5.14296301197561E8,2.41738239910142E8,2.57748542882055E8,2.82671652633523E8,2.91429330031826E8,2.76140795808395E8,0.006983667,0.008400302,0.019269785595158236,-0.013241849,-0.027740857,-0.007169357,0.010891462,-0.025660791,2307.06,2326.44,2371.27,2339.87,2274.96,2258.65,2283.25,2224.66,2224.66,2205.11,2300.29
2026-05-16T00:00:00,80193.18,80678.41,82210.07,81745.66,80504.47,79313.61,81090,79113.2,81080,82479.32,82380,81788,81324.64,82048.13,81664.45,79227.77,80129.85,80279.77,80462.97,79843.59,78754.65,78922,78659,77640,7548.42177,12034.31882,12951.76056,12386.25676,14810.05643,19727.86807,17351.27079,12132.86192,6.075962259864202E8,9.772237142634745E8,1.0531936708757555E9,1.000180167440677E9,1.1849298428688235E9,1.590656475018797E9,1.387152674368868E9,9.49890656658851E8,1002373,1801608,2576396,2345137,2350570,3101046,3184114,1597661,4032.72566,6395.8966,6132.37349,5716.20385,7161.64182,10750.20775,8333.17845,5776.31138,3.245545403255052E8,5.195051915151365E8,4.988609194964037E8,4.617398400868008E8,5.73129996834195E8,8.672054598346943E8,6.66666033915996E8,4.522581894353481E8,0.006050765,0.018984883190544345,-0.005649186,-0.015183438,-0.014792471,0.022396912711450213,-0.024377608,-0.012199733,80678.4,82210.07,81745.65,80504.47,79313.61,81089.99,79113.21,78148.05,2307.07,2326.43,2371.26,2339.88,2274.97,2258.66,2283.26,2224.65,2338.37,2382.53,2374.92,2340.85,2323.36,2319.33,2300.29,2231.51,2300,2311.83,2304,2256.27,2234.13,2238.64,2205.11,2162.55,230431.157,398122.8623,236962.0552,252981.1082,258455.7299,256680.8359,288536.5507,199288.5761,5.34441724095869E8,9.33278254427879E8,5.53428064252923E8,5.79204959797464E8,5.87994702421878E8,5.8536870859742E8,6.47433872912318E8,4.35687947067346E8,1248625,2272749,2594593,2520381,2145600,2730407,2977308,1541883,90960.5803,219121.332,103490.2032,112560.2947,124180.3611,127752.3579,123184.0319,91742.2991,2.10978434967519E8,5.14296301197561E8,2.41738239910142E8,2.57748542882055E8,2.82671652633523E8,2.91429330031826E8,2.76140795808395E8,2.0061758605155E8,0.008400302,0.019269785595158236,-0.013241849,-0.027740857,-0.007169357,0.010891462,-0.025660791,-0.019728857,2326.44,2371.27,2339.87,2274.96,2258.65,2283.25,2224.66,2180.77,2180.77,2162.55,2231.51
2026-05-17T00:00:00,80678.41,82210.07,81745.66,80504.47,79313.61,81090,79113.2,78148.05,82479.32,82380,81788,81324.64,82048.13,81664.45,79227.77,78599.99,80279.77,80462.97,79843.59,78754.65,78922,78659,77640,76735.16,12034.31882,12951.76056,12386.25676,14810.05643,19727.86807,17351.27079,12132.86192,8442.7022,9.772237142634745E8,1.0531936708757555E9,1.000180167440677E9,1.1849298428688235E9,1.590656475018797E9,1.387152674368868E9,9.49890656658851E8,6.58061481644852E8,1801608,2576396,2345137,2350570,3101046,3184114,1597661,1570433,6395.8966,6132.37349,5716.20385,7161.64182,10750.20775,8333.17845,5776.31138,3897.8677,5.195051915151365E8,4.988609194964037E8,4.617398400868008E8,5.73129996834195E8,8.672054598346943E8,6.66666033915996E8,4.522581894353481E8,3.03858886908721E8,0.018984883190544345,-0.005649186,-0.015183438,-0.014792471,0.022396912711450213,-0.024377608,-0.012199733,-0.008834258,82210.07,81745.65,80504.47,79313.61,81089.99,79113.21,78148.05,77457.67,2326.43,2371.26,2339.88,2274.97,2258.66,2283.26,2224.65,2180.77,2382.53,2374.92,2340.85,2323.36,2319.33,2300.29,2231.51,2198.14,2311.83,2304,2256.27,2234.13,2238.64,2205.11,2162.55,2091.48,398122.8623,236962.0552,252981.1082,258455.7299,256680.8359,288536.5507,199288.5761,175116.8149,9.33278254427879E8,5.53428064252923E8,5.79204959797464E8,5.87994702421878E8,5.8536870859742E8,6.47433872912318E8,4.35687947067346E8,3.78577487527797E8,2272749,2594593,2520381,2145600,2730407,2977308,1541883,1638605,219121.332,103490.2032,112560.2947,124180.3611,127752.3579,123184.0319,91742.2991,83798.741,5.14296301197561E8,2.41738239910142E8,2.57748542882055E8,2.82671652633523E8,2.91429330031826E8,2.76140795808395E8,2.0061758605155E8,1.81236111536705E8,0.019269785595158236,-0.013241849,-0.027740857,-0.007169357,0.010891462,-0.025660791,-0.019728857,-0.022822214,2371.27,2339.87,2274.96,2258.65,2283.25,2224.66,2180.77,2131,2131,2091.48,2198.14
2026-05-18T00:00:00,82210.07,81745.66,80504.47,79313.61,81090,79113.2,78148.05,77457.67,82380,81788,81324.64,82048.13,81664.45,79227.77,78599.99,77800,80462.97,79843.59,78754.65,78922,78659,77640,76735.16,76051,12951.76056,12386.25676,14810.05643,19727.86807,17351.27079,12132.86192,8442.7022,18745.51678,1.0531936708757555E9,1.000180167440677E9,1.1849298428688235E9,1.590656475018797E9,1.387152674368868E9,9.49890656658851E8,6.58061481644852E8,1.439862031891971E9,2576396,2345137,2350570,3101046,3184114,1597661,1570433,3529328,6132.37349,5716.20385,7161.64182,10750.20775,8333.17845,5776.31138,3897.8677,8916.45791,4.988609194964037E8,4.617398400868008E8,5.73129996834195E8,8.672054598346943E8,6.66666033915996E8,4.522581894353481E8,3.03858886908721E8,6.849989883253162E8,-0.005649186,-0.015183438,-0.014792471,0.022396912711450213,-0.024377608,-0.012199733,-0.008834258,-0.005884504,81745.65,80504.47,79313.61,81089.99,79113.21,78148.05,77457.67,77001.87,2371.26,2339.88,2274.97,2258.66,2283.26,2224.65,2180.77,2131,2374.92,2340.85,2323.36,2319.33,2300.29,2231.51,2198.14,2157.24,2304,2256.27,2234.13,2238.64,2205.11,2162.55,2091.48,2077.23,236962.0552,252981.1082,258455.7299,256680.8359,288536.5507,199288.5761,175116.8149,381878.3932,5.53428064252923E8,5.79204959797464E8,5.87994702421878E8,5.8536870859742E8,6.47433872912318E8,4.35687947067346E8,3.78577487527797E8,8.08389842464257E8,2594593,2520381,2145600,2730407,2977308,1541883,1638605,3981985,103490.2032,112560.2947,124180.3611,127752.3579,123184.0319,91742.2991,83798.741,183892.1637,2.41738239910142E8,2.57748542882055E8,2.82671652633523E8,2.91429330031826E8,2.76140795808395E8,2.0061758605155E8,1.81236111536705E8,3.89344799124016E8,-0.013241849,-0.027740857,-0.007169357,0.010891462,-0.025660791,-0.019728857,-0.022822214,-4.32E-04,2339.87,2274.96,2258.65,2283.25,2224.66,2180.77,2131,2130.08,2130.08,2077.23,2157.24
2026-05-19T00:00:00,81745.66,80504.47,79313.61,81090,79113.2,78148.05,77457.67,77001.88,81788,81324.64,82048.13,81664.45,79227.77,78599.99,77800,77414.62,79843.59,78754.65,78922,78659,77640,76735.16,76051,76144.71,12386.25676,14810.05643,19727.86807,17351.27079,12132.86192,8442.7022,18745.51678,11024.85978,1.000180167440677E9,1.1849298428688235E9,1.590656475018797E9,1.387152674368868E9,9.49890656658851E8,6.58061481644852E8,1.439862031891971E9,8.469043783078035E8,2345137,2350570,3101046,3184114,1597661,1570433,3529328,2315121,5716.20385,7161.64182,10750.20775,8333.17845,5776.31138,3897.8677,8916.45791,5680.77448,4.617398400868008E8,5.73129996834195E8,8.672054598346943E8,6.66666033915996E8,4.522581894353481E8,3.03858886908721E8,6.849989883253162E8,4.364351060620676E8,-0.015183438,-0.014792471,0.022396912711450213,-0.024377608,-0.012199733,-0.008834258,-0.005884504,-0.002175402,80504.47,79313.61,81089.99,79113.21,78148.05,77457.67,77001.87,76834.36,2339.88,2274.97,2258.66,2283.26,2224.65,2180.77,2131,2130.08,2340.85,2323.36,2319.33,2300.29,2231.51,2198.14,2157.24,2146.95,2256.27,2234.13,2238.64,2205.11,2162.55,2091.48,2077.23,2094.47,252981.1082,258455.7299,256680.8359,288536.5507,199288.5761,175116.8149,381878.3932,186945.075,5.79204959797464E8,5.87994702421878E8,5.8536870859742E8,6.47433872912318E8,4.35687947067346E8,3.78577487527797E8,8.08389842464257E8,3.96338335855304E8,2520381,2145600,2730407,2977308,1541883,1638605,3981985,2356965,112560.2947,124180.3611,127752.3579,123184.0319,91742.2991,83798.741,183892.1637,86073.6731,2.57748542882055E8,2.82671652633523E8,2.91429330031826E8,2.76140795808395E8,2.0061758605155E8,1.81236111536705E8,3.89344799124016E8,1.8258095416811E8,-0.027740857,-0.007169357,0.010891462,-0.025660791,-0.019728857,-0.022822214,-4.32E-04,-0.008520807,2274.96,2258.65,2283.25,2224.66,2180.77,2131,2130.08,2111.93,2111.93,2094.47,2146.95
2026-05-20T00:00:00,80504.47,79313.61,81090,79113.2,78148.05,77457.67,77001.88,76834.36,81324.64,82048.13,81664.45,79227.77,78599.99,77800,77414.62,77853.04,78754.65,78922,78659,77640,76735.16,76051,76144.71,76516.74,14810.05643,19727.86807,17351.27079,12132.86192,8442.7022,18745.51678,11024.85978,11296.26307,1.1849298428688235E9,1.590656475018797E9,1.387152674368868E9,9.49890656658851E8,6.58061481644852E8,1.439862031891971E9,8.469043783078035E8,8.730912714716351E8,2350570,3101046,3184114,1597661,1570433,3529328,2315121,2437754,7161.64182,10750.20775,8333.17845,5776.31138,3897.8677,8916.45791,5680.77448,5606.16242,5.73129996834195E8,8.672054598346943E8,6.66666033915996E8,4.522581894353481E8,3.03858886908721E8,6.849989883253162E8,4.364351060620676E8,4.334020002313096E8,-0.014792471,0.022396912711450213,-0.024377608,-0.012199733,-0.008834258,-0.005884504,-0.002175402,0.009343086,79313.61,81089.99,79113.21,78148.05,77457.67,77001.87,76834.36,77552.23,2274.97,2258.66,2283.26,2224.65,2180.77,2131,2130.08,2111.93,2323.36,2319.33,2300.29,2231.51,2198.14,2157.24,2146.95,2149,2234.13,2238.64,2205.11,2162.55,2091.48,2077.23,2094.47,2103.29,258455.7299,256680.8359,288536.5507,199288.5761,175116.8149,381878.3932,186945.075,189088.294,5.87994702421878E8,5.8536870859742E8,6.47433872912318E8,4.35687947067346E8,3.78577487527797E8,8.08389842464257E8,3.96338335855304E8,4.02576774240436E8,2145600,2730407,2977308,1541883,1638605,3981985,2356965,2256505,124180.3611,127752.3579,123184.0319,91742.2991,83798.741,183892.1637,86073.6731,93912.9824,2.82671652633523E8,2.91429330031826E8,2.76140795808395E8,2.0061758605155E8,1.81236111536705E8,3.89344799124016E8,1.8258095416811E8,1.99953325021528E8,-0.007169357,0.010891462,-0.025660791,-0.019728857,-0.022822214,-4.32E-04,-0.008520807,0.008290994,2258.65,2283.25,2224.66,2180.77,2131,2130.08,2111.93,2129.44,2129.44,2103.29,2149
2026-05-21T00:00:00,79313.61,81090,79113.2,78148.05,77457.67,77001.88,76834.36,77552.24,82048.13,81664.45,79227.77,78599.99,77800,77414.62,77853.04,78200,78922,78659,77640,76735.16,76051,76144.71,76516.74,76719.47,19727.86807,17351.27079,12132.86192,8442.7022,18745.51678,11024.85978,11296.26307,11318.25841,1.590656475018797E9,1.387152674368868E9,9.49890656658851E8,6.58061481644852E8,1.439862031891971E9,8.469043783078035E8,8.730912714716351E8,8.781686972277492E8,3101046,3184114,1597661,1570433,3529328,2315121,2437754,2473146,10750.20775,8333.17845,5776.31138,3897.8677,8916.45791,5680.77448,5606.16242,5765.00854,8.672054598346943E8,6.66666033915996E8,4.522581894353481E8,3.03858886908721E8,6.849989883253162E8,4.364351060620676E8,4.334020002313096E8,4.472907451412532E8,0.022396912711450213,-0.024377608,-0.012199733,-0.008834258,-0.005884504,-0.002175402,0.009343086,8.160951657999796E-4,81089.99,79113.21,78148.05,77457.67,77001.87,76834.36,77552.23,77615.52,2258.66,2283.26,2224.65,2180.77,2131,2130.08,2111.93,2129.44,2319.33,2300.29,2231.51,2198.14,2157.24,2146.95,2149,2157.5,2238.64,2205.11,2162.55,2091.48,2077.23,2094.47,2103.29,2105.15,256680.8359,288536.5507,199288.5761,175116.8149,381878.3932,186945.075,189088.294,232889.1117,5.8536870859742E8,6.47433872912318E8,4.35687947067346E8,3.78577487527797E8,8.08389842464257E8,3.96338335855304E8,4.02576774240436E8,4.96323964944403E8,2730407,2977308,1541883,1638605,3981985,2356965,2256505,2526150,127752.3579,123184.0319,91742.2991,83798.741,183892.1637,86073.6731,93912.9824,118956.068,2.91429330031826E8,2.76140795808395E8,2.0061758605155E8,1.81236111536705E8,3.89344799124016E8,1.8258095416811E8,1.99953325021528E8,2.53517525206181E8,0.010891462,-0.025660791,-0.019728857,-0.022822214,-4.32E-04,-0.008520807,0.008290994,0.002028702,2283.25,2224.66,2180.77,2131,2130.08,2111.93,2129.44,2133.76,2133.76,2105.15,2157.5
2026-05-22T00:00:00,81090,79113.2,78148.05,77457.67,77001.88,76834.36,77552.24,77615.52,81664.45,79227.77,78599.99,77800,77414.62,77853.04,78200,77900,78659,77640,76735.16,76051,76144.71,76516.74,76719.47,75359.18,17351.27079,12132.86192,8442.7022,18745.51678,11024.85978,11296.26307,11318.25841,11272.36134,1.387152674368868E9,9.49890656658851E8,6.58061481644852E8,1.439862031891971E9,8.469043783078035E8,8.730912714716351E8,8.781686972277492E8,8.662004609104595E8,3184114,1597661,1570433,3529328,2315121,2437754,2473146,2370783,8333.17845,5776.31138,3897.8677,8916.45791,5680.77448,5606.16242,5765.00854,5204.99076,6.66666033915996E8,4.522581894353481E8,3.03858886908721E8,6.849989883253162E8,4.364351060620676E8,4.334020002313096E8,4.472907451412532E8,4.003746546094489E8,-0.024377608,-0.012199733,-0.008834258,-0.005884504,-0.002175402,0.009343086,8.160951657999796E-4,-0.026747486,79113.21,78148.05,77457.67,77001.87,76834.36,77552.23,77615.52,75539.5,2283.26,2224.65,2180.77,2131,2130.08,2111.93,2129.44,2133.77,2300.29,2231.51,2198.14,2157.24,2146.95,2149,2157.5,2141.39,2205.11,2162.55,2091.48,2077.23,2094.47,2103.29,2105.15,2057.79,288536.5507,199288.5761,175116.8149,381878.3932,186945.075,189088.294,232889.1117,221783.2548,6.47433872912318E8,4.35687947067346E8,3.78577487527797E8,8.08389842464257E8,3.96338335855304E8,4.02576774240436E8,4.96323964944403E8,4.6701725254059E8,2977308,1541883,1638605,3981985,2356965,2256505,2526150,2344218,123184.0319,91742.2991,83798.741,183892.1637,86073.6731,93912.9824,118956.068,109989.3764,2.76140795808395E8,2.0061758605155E8,1.81236111536705E8,3.89344799124016E8,1.8258095416811E8,1.99953325021528E8,2.53517525206181E8,2.31748468554101E8,-0.025660791,-0.019728857,-0.022822214,-4.32E-04,-0.008520807,0.008290994,0.002028702,-0.031826447,2224.66,2180.77,2131,2130.08,2111.93,2129.44,2133.76,2065.85,2065.85,2057.79,2141.39
2026-05-23T00:00:00,79113.2,78148.05,77457.67,77001.88,76834.36,77552.24,77615.52,75539.5,79227.77,78599.99,77800,77414.62,77853.04,78200,77900,77404.18,77640,76735.16,76051,76144.71,76516.74,76719.47,75359.18,74289.6,12132.86192,8442.7022,18745.51678,11024.85978,11296.26307,11318.25841,11272.36134,15086.88814,9.49890656658851E8,6.58061481644852E8,1.439862031891971E9,8.469043783078035E8,8.730912714716351E8,8.781686972277492E8,8.662004609104595E8,1.138996605773816E9,1597661,1570433,3529328,2315121,2437754,2473146,2370783,2103536,5776.31138,3897.8677,8916.45791,5680.77448,5606.16242,5765.00854,5204.99076,7738.58719,4.522581894353481E8,3.03858886908721E8,6.849989883253162E8,4.364351060620676E8,4.334020002313096E8,4.472907451412532E8,4.003746546094489E8,5.844068716902983E8,-0.012199733,-0.008834258,-0.005884504,-0.002175402,0.009343086,8.160951657999796E-4,-0.026747486,0.016051337,78148.05,77457.67,77001.87,76834.36,77552.23,77615.52,75539.5,76752.01,2224.65,2180.77,2131,2130.08,2111.93,2129.44,2133.77,2065.86,2231.51,2198.14,2157.24,2146.95,2149,2157.5,2141.39,2149.95,2162.55,2091.48,2077.23,2094.47,2103.29,2105.15,2057.79,2009.3,199288.5761,175116.8149,381878.3932,186945.075,189088.294,232889.1117,221783.2548,350546.2289,4.35687947067346E8,3.78577487527797E8,8.08389842464257E8,3.96338335855304E8,4.02576774240436E8,4.96323964944403E8,4.6701725254059E8,7.26153698577792E8,1541883,1638605,3981985,2356965,2256505,2526150,2344218,2641732,91742.2991,83798.741,183892.1637,86073.6731,93912.9824,118956.068,109989.3764,186016.0823,2.0061758605155E8,1.81236111536705E8,3.89344799124016E8,1.8258095416811E8,1.99953325021528E8,2.53517525206181E8,2.31748468554101E8,3.85175449162648E8,-0.019728857,-0.022822214,-4.32E-04,-0.008520807,0.008290994,0.002028702,-0.031826447,0.025088946,2180.77,2131,2130.08,2111.93,2129.44,2133.76,2065.85,2117.68,2117.68,2009.3,2149.95
2026-05-24T00:00:00,78148.05,77457.67,77001.88,76834.36,77552.24,77615.52,75539.5,76752,78599.99,77800,77414.62,77853.04,78200,77900,77404.18,77543.15,76735.16,76051,76144.71,76516.74,76719.47,75359.18,74289.6,76108,8442.7022,18745.51678,11024.85978,11296.26307,11318.25841,11272.36134,15086.88814,8398.00156,6.58061481644852E8,1.439862031891971E9,8.469043783078035E8,8.730912714716351E8,8.781686972277492E8,8.662004609104595E8,1.138996605773816E9,6.44925517611316E8,1570433,3529328,2315121,2437754,2473146,2370783,2103536,1612969,3897.8677,8916.45791,5680.77448,5606.16242,5765.00854,5204.99076,7738.58719,4513.13276,3.03858886908721E8,6.849989883253162E8,4.364351060620676E8,4.334020002313096E8,4.472907451412532E8,4.003746546094489E8,5.844068716902983E8,3.466280822881941E8,-0.008834258,-0.005884504,-0.002175402,0.009343086,8.160951657999796E-4,-0.026747486,0.016051337,0.004077418,77457.67,77001.87,76834.36,77552.23,77615.52,75539.5,76752.01,77064.96,2180.77,2131,2130.08,2111.93,2129.44,2133.77,2065.86,2117.69,2198.14,2157.24,2146.95,2149,2157.5,2141.39,2149.95,2132.14,2091.48,2077.23,2094.47,2103.29,2105.15,2057.79,2009.3,2063,175116.8149,381878.3932,186945.075,189088.294,232889.1117,221783.2548,350546.2289,197748.7605,3.78577487527797E8,8.08389842464257E8,3.96338335855304E8,4.02576774240436E8,4.96323964944403E8,4.6701725254059E8,7.26153698577792E8,4.16532783725252E8,1638605,3981985,2356965,2256505,2526150,2344218,2641732,1928016,83798.741,183892.1637,86073.6731,93912.9824,118956.068,109989.3764,186016.0823,95960.6284,1.81236111536705E8,3.89344799124016E8,1.8258095416811E8,1.99953325021528E8,2.53517525206181E8,2.31748468554101E8,3.85175449162648E8,2.02225441429743E8,-0.022822214,-4.32E-04,-0.008520807,0.008290994,0.002028702,-0.031826447,0.025088946,-0.008419591,2131,2130.08,2111.93,2129.44,2133.76,2065.85,2117.68,2099.85,2099.85,2063,2132.14
2026-05-25T00:00:00,77457.67,77001.88,76834.36,77552.24,77615.52,75539.5,76752,77064.96,77800,77414.62,77853.04,78200,77900,77404.18,77543.15,77905.52,76051,76144.71,76516.74,76719.47,75359.18,74289.6,76108,76914.25,18745.51678,11024.85978,11296.26307,11318.25841,11272.36134,15086.88814,8398.00156,7672.32197,1.439862031891971E9,8.469043783078035E8,8.730912714716351E8,8.781686972277492E8,8.662004609104595E8,1.138996605773816E9,6.44925517611316E8,5.938680049975973E8,3529328,2315121,2437754,2473146,2370783,2103536,1612969,1778509,8916.45791,5680.77448,5606.16242,5765.00854,5204.99076,7738.58719,4513.13276,3644.38154,6.849989883253162E8,4.364351060620676E8,4.334020002313096E8,4.472907451412532E8,4.003746546094489E8,5.844068716902983E8,3.466280822881941E8,2.821262957074095E8,-0.005884504,-0.002175402,0.009343086,8.160951657999796E-4,-0.026747486,0.016051337,0.004077418,0.003335498,77001.87,76834.36,77552.23,77615.52,75539.5,76752.01,77064.96,77322.01,2131,2130.08,2111.93,2129.44,2133.77,2065.86,2117.69,2099.86,2157.24,2146.95,2149,2157.5,2141.39,2149.95,2132.14,2141.98,2077.23,2094.47,2103.29,2105.15,2057.79,2009.3,2063,2092.26,381878.3932,186945.075,189088.294,232889.1117,221783.2548,350546.2289,197748.7605,166428.5979,8.08389842464257E8,3.96338335855304E8,4.02576774240436E8,4.96323964944403E8,4.6701725254059E8,7.26153698577792E8,4.16532783725252E8,3.51916867992493E8,3981985,2356965,2256505,2526150,2344218,2641732,1928016,1786621,183892.1637,86073.6731,93912.9824,118956.068,109989.3764,186016.0823,95960.6284,86258.1599,3.89344799124016E8,1.8258095416811E8,1.99953325021528E8,2.53517525206181E8,2.31748468554101E8,3.85175449162648E8,2.02225441429743E8,1.82447684966519E8,-4.32E-04,-0.008520807,0.008290994,0.002028702,-0.031826447,0.025088946,-0.008419591,0.006267114,2130.08,2111.93,2129.44,2133.76,2065.85,2117.68,2099.85,2113.01,2113.01,2092.26,2141.98
2026-05-26T00:00:00,77001.88,76834.36,77552.24,77615.52,75539.5,76752,77064.96,77322.01,77414.62,77853.04,78200,77900,77404.18,77543.15,77905.52,78080,76144.71,76516.74,76719.47,75359.18,74289.6,76108,76914.25,75677.97,11024.85978,11296.26307,11318.25841,11272.36134,15086.88814,8398.00156,7672.32197,16953.47629,8.469043783078035E8,8.730912714716351E8,8.781686972277492E8,8.662004609104595E8,1.138996605773816E9,6.44925517611316E8,5.938680049975973E8,1.2996093176975918E9,2315121,2437754,2473146,2370783,2103536,1612969,1778509,3360745,5680.77448,5606.16242,5765.00854,5204.99076,7738.58719,4513.13276,3644.38154,7867.0405,4.364351060620676E8,4.334020002313096E8,4.472907451412532E8,4.003746546094489E8,5.844068716902983E8,3.466280822881941E8,2.821262957074095E8,6.033761448767151E8,-0.002175402,0.009343086,8.160951657999796E-4,-0.026747486,0.016051337,0.004077418,0.003335498,-0.018002636,76834.36,77552.23,77615.52,75539.5,76752.01,77064.96,77322.01,75930.01,2130.08,2111.93,2129.44,2133.77,2065.86,2117.69,2099.86,2113.01,2146.95,2149,2157.5,2141.39,2149.95,2132.14,2141.98,2140.49,2094.47,2103.29,2105.15,2057.79,2009.3,2063,2092.26,2055.06,186945.075,189088.294,232889.1117,221783.2548,350546.2289,197748.7605,166428.5979,282553.3096,3.96338335855304E8,4.02576774240436E8,4.96323964944403E8,4.6701725254059E8,7.26153698577792E8,4.16532783725252E8,3.51916867992493E8,5.92778366390053E8,2356965,2256505,2526150,2344218,2641732,1928016,1786621,2963706,86073.6731,93912.9824,118956.068,109989.3764,186016.0823,95960.6284,86258.1599,125284.8456,1.8258095416811E8,1.99953325021528E8,2.53517525206181E8,2.31748468554101E8,3.85175449162648E8,2.02225441429743E8,1.82447684966519E8,2.62909030362168E8,-0.008520807,0.008290994,0.002028702,-0.031826447,0.025088946,-0.008419591,0.006267114,-0.018570665,2111.93,2129.44,2133.76,2065.85,2117.68,2099.85,2113.01,2073.77,2073.77,2055.06,2140.49
2026-05-27T00:00:00,76834.36,77552.24,77615.52,75539.5,76752,77064.96,77322.01,75930.01,77853.04,78200,77900,77404.18,77543.15,77905.52,78080,76174.15,76516.74,76719.47,75359.18,74289.6,76108,76914.25,75677.97,74243.99,11296.26307,11318.25841,11272.36134,15086.88814,8398.00156,7672.32197,16953.47629,16877.77483,8.730912714716351E8,8.781686972277492E8,8.662004609104595E8,1.138996605773816E9,6.44925517611316E8,5.938680049975973E8,1.2996093176975918E9,1.2706802629088242E9,2437754,2473146,2370783,2103536,1612969,1778509,3360745,3367068,5606.16242,5765.00854,5204.99076,7738.58719,4513.13276,3644.38154,7867.0405,7990.81792,4.334020002313096E8,4.472907451412532E8,4.003746546094489E8,5.844068716902983E8,3.466280822881941E8,2.821262957074095E8,6.033761448767151E8,6.018808553520991E8,0.009343086,8.160951657999796E-4,-0.026747486,0.016051337,0.004077418,0.003335498,-0.018002636,-0.019500985,77552.23,77615.52,75539.5,76752.01,77064.96,77322.01,75930.01,74449.3,2111.93,2129.44,2133.77,2065.86,2117.69,2099.86,2113.01,2073.77,2149,2157.5,2141.39,2149.95,2132.14,2141.98,2140.49,2097.4,2103.29,2105.15,2057.79,2009.3,2063,2092.26,2055.06,2016,189088.294,232889.1117,221783.2548,350546.2289,197748.7605,166428.5979,282553.3096,267963.1573,4.02576774240436E8,4.96323964944403E8,4.6701725254059E8,7.26153698577792E8,4.16532783725252E8,3.51916867992493E8,5.92778366390053E8,5.52204762418584E8,2256505,2526150,2344218,2641732,1928016,1786621,2963706,3056962,93912.9824,118956.068,109989.3764,186016.0823,95960.6284,86258.1599,125284.8456,121588.1389,1.99953325021528E8,2.53517525206181E8,2.31748468554101E8,3.85175449162648E8,2.02225441429743E8,1.82447684966519E8,2.62909030362168E8,2.50702118805693E8,0.008290994,0.002028702,-0.031826447,0.025088946,-0.008419591,0.006267114,-0.018570665,-0.023594709,2129.44,2133.76,2065.85,2117.68,2099.85,2113.01,2073.77,2024.84,2024.84,2016,2097.4
2026-05-28T00:00:00,77552.24,77615.52,75539.5,76752,77064.96,77322.01,75930.01,74449.31,78200,77900,77404.18,77543.15,77905.52,78080,76174.15,74590.77,76719.47,75359.18,74289.6,76108,76914.25,75677.97,74243.99,72582.82,11318.25841,11272.36134,15086.88814,8398.00156,7672.32197,16953.47629,16877.77483,21274.02026,8.781686972277492E8,8.662004609104595E8,1.138996605773816E9,6.44925517611316E8,5.938680049975973E8,1.2996093176975918E9,1.2706802629088242E9,1.5608085255072746E9,2473146,2370783,2103536,1612969,1778509,3360745,3367068,3799713,5765.00854,5204.99076,7738.58719,4513.13276,3644.38154,7867.0405,7990.81792,11285.37807,4.472907451412532E8,4.003746546094489E8,5.844068716902983E8,3.466280822881941E8,2.821262957074095E8,6.033761448767151E8,6.018808553520991E8,8.280705420512332E8,8.160951657999796E-4,-0.026747486,0.016051337,0.004077418,0.003335498,-0.018002636,-0.019500985,-0.01117257,77615.52,75539.5,76752.01,77064.96,77322.01,75930.01,74449.3,73617.51,2129.44,2133.77,2065.86,2117.69,2099.86,2113.01,2073.77,2024.83,2157.5,2141.39,2149.95,2132.14,2141.98,2140.49,2097.4,2030,2105.15,2057.79,2009.3,2063,2092.26,2055.06,2016,1967,232889.1117,221783.2548,350546.2289,197748.7605,166428.5979,282553.3096,267963.1573,363834.9211,4.96323964944403E8,4.6701725254059E8,7.26153698577792E8,4.16532783725252E8,3.51916867992493E8,5.92778366390053E8,5.52204762418584E8,7.2610534782339E8,2526150,2344218,2641732,1928016,1786621,2963706,3056962,3609031,118956.068,109989.3764,186016.0823,95960.6284,86258.1599,125284.8456,121588.1389,176081.0293,2.53517525206181E8,2.31748468554101E8,3.85175449162648E8,2.02225441429743E8,1.82447684966519E8,2.62909030362168E8,2.50702118805693E8,3.51395809429098E8,0.002028702,-0.031826447,0.025088946,-0.008419591,0.006267114,-0.018570665,-0.023594709,-0.007378361,2133.76,2065.85,2117.68,2099.85,2113.01,2073.77,2024.84,2009.9,2009.9,1967,2030
2026-05-29T00:00:00,77615.52,75539.5,76752,77064.96,77322.01,75930.01,74449.31,73617.52,77900,77404.18,77543.15,77905.52,78080,76174.15,74590.77,74514.1,75359.18,74289.6,76108,76914.25,75677.97,74243.99,72582.82,72512.49,11272.36134,15086.88814,8398.00156,7672.32197,16953.47629,16877.77483,21274.02026,18686.74141,8.662004609104595E8,1.138996605773816E9,6.44925517611316E8,5.938680049975973E8,1.2996093176975918E9,1.2706802629088242E9,1.5608085255072746E9,1.376106492906427E9,2370783,2103536,1612969,1778509,3360745,3367068,3799713,2897318,5204.99076,7738.58719,4513.13276,3644.38154,7867.0405,7990.81792,11285.37807,10668.37212,4.003746546094489E8,5.844068716902983E8,3.466280822881941E8,2.821262957074095E8,6.033761448767151E8,6.018808553520991E8,8.280705420512332E8,7.86121889890037E8,-0.026747486,0.016051337,0.004077418,0.003335498,-0.018002636,-0.019500985,-0.01117257,-0.002128977,75539.5,76752.01,77064.96,77322.01,75930.01,74449.3,73617.51,73460.78,2133.77,2065.86,2117.69,2099.86,2113.01,2073.77,2024.83,2009.89,2141.39,2149.95,2132.14,2141.98,2140.49,2097.4,2030,2046.59,2057.79,2009.3,2063,2092.26,2055.06,2016,1967,1976.48,221783.2548,350546.2289,197748.7605,166428.5979,282553.3096,267963.1573,363834.9211,283145.695,4.6701725254059E8,7.26153698577792E8,4.16532783725252E8,3.51916867992493E8,5.92778366390053E8,5.52204762418584E8,7.2610534782339E8,5.70689885848882E8,2344218,2641732,1928016,1786621,2963706,3056962,3609031,2925370,109989.3764,186016.0823,95960.6284,86258.1599,125284.8456,121588.1389,176081.0293,142075.6321,2.31748468554101E8,3.85175449162648E8,2.02225441429743E8,1.82447684966519E8,2.62909030362168E8,2.50702118805693E8,3.51395809429098E8,2.86465186363512E8,-0.031826447,0.025088946,-0.008419591,0.006267114,-0.018570665,-0.023594709,-0.007378361,0.002308573,2065.85,2117.68,2099.85,2113.01,2073.77,2024.84,2009.9,2014.54,2014.54,1976.48,2046.59
2026-05-30T00:00:00,75539.5,76752,77064.96,77322.01,75930.01,74449.31,73617.52,73460.78,77404.18,77543.15,77905.52,78080,76174.15,74590.77,74514.1,74143.76,74289.6,76108,76914.25,75677.97,74243.99,72582.82,72512.49,73216,15086.88814,8398.00156,7672.32197,16953.47629,16877.77483,21274.02026,18686.74141,7515.40909,1.138996605773816E9,6.44925517611316E8,5.938680049975973E8,1.2996093176975918E9,1.2706802629088242E9,1.5608085255072746E9,1.376106492906427E9,5.539893861115206E8,2103536,1612969,1778509,3360745,3367068,3799713,2897318,1124406,7738.58719,4513.13276,3644.38154,7867.0405,7990.81792,11285.37807,10668.37212,4118.11087,5.844068716902983E8,3.466280822881941E8,2.821262957074095E8,6.033761448767151E8,6.018808553520991E8,8.280705420512332E8,7.86121889890037E8,3.035920732673063E8,0.016051337,0.004077418,0.003335498,-0.018002636,-0.019500985,-0.01117257,-0.002128977,0.005766342,76752.01,77064.96,77322.01,75930.01,74449.3,73617.51,73460.78,73884.38,2065.86,2117.69,2099.86,2113.01,2073.77,2024.83,2009.89,2014.54,2149.95,2132.14,2141.98,2140.49,2097.4,2030,2046.59,2032,2009.3,2063,2092.26,2055.06,2016,1967,1976.48,2002,350546.2289,197748.7605,166428.5979,282553.3096,267963.1573,363834.9211,283145.695,97977.5349,7.26153698577792E8,4.16532783725252E8,3.51916867992493E8,5.92778366390053E8,5.52204762418584E8,7.2610534782339E8,5.70689885848882E8,1.97997124860319E8,2641732,1928016,1786621,2963706,3056962,3609031,2925370,969371,186016.0823,95960.6284,86258.1599,125284.8456,121588.1389,176081.0293,142075.6321,51565.2626,3.85175449162648E8,2.02225441429743E8,1.82447684966519E8,2.62909030362168E8,2.50702118805693E8,3.51395809429098E8,2.86465186363512E8,1.04222719604398E8,0.025088946,-0.008419591,0.006267114,-0.018570665,-0.023594709,-0.007378361,0.002308573,0.003921491,2117.68,2099.85,2113.01,2073.77,2024.84,2009.9,2014.54,2022.44,2022.44,2002,2032
2026-05-31T00:00:00,76752,77064.96,77322.01,75930.01,74449.31,73617.52,73460.78,73884.38,77543.15,77905.52,78080,76174.15,74590.77,74514.1,74143.76,74275.66,76108,76914.25,75677.97,74243.99,72582.82,72512.49,73216,73400,8398.00156,7672.32197,16953.47629,16877.77483,21274.02026,18686.74141,7515.40909,6117.73648,6.44925517611316E8,5.938680049975973E8,1.2996093176975918E9,1.2706802629088242E9,1.5608085255072746E9,1.376106492906427E9,5.539893861115206E8,4.517499769543551E8,1612969,1778509,3360745,3367068,3799713,2897318,1124406,1089523,4513.13276,3644.38154,7867.0405,7990.81792,11285.37807,10668.37212,4118.11087,2940.29528,3.466280822881941E8,2.821262957074095E8,6.033761448767151E8,6.018808553520991E8,8.280705420512332E8,7.86121889890037E8,3.035920732673063E8,2.171230732102413E8,0.004077418,0.003335498,-0.018002636,-0.019500985,-0.01117257,-0.002128977,0.005766342,-0.002901425,77064.96,77322.01,75930.01,74449.3,73617.51,73460.78,73884.38,73670.01,2117.69,2099.86,2113.01,2073.77,2024.83,2009.89,2014.54,2022.44,2132.14,2141.98,2140.49,2097.4,2030,2046.59,2032,2038,2063,2092.26,2055.06,2016,1967,1976.48,2002,1993.75,197748.7605,166428.5979,282553.3096,267963.1573,363834.9211,283145.695,97977.5349,131147.7229,4.16532783725252E8,3.51916867992493E8,5.92778366390053E8,5.52204762418584E8,7.2610534782339E8,5.70689885848882E8,1.97997124860319E8,2.64204634591672E8,1928016,1786621,2963706,3056962,3609031,2925370,969371,1151889,95960.6284,86258.1599,125284.8456,121588.1389,176081.0293,142075.6321,51565.2626,57515.4716,2.02225441429743E8,1.82447684966519E8,2.62909030362168E8,2.50702118805693E8,3.51395809429098E8,2.86465186363512E8,1.04222719604398E8,1.16071727769108E8,-0.008419591,0.006267114,-0.018570665,-0.023594709,-0.007378361,0.002308573,0.003921491,-0.007258559,2099.85,2113.01,2073.77,2024.84,2009.9,2014.54,2022.44,2007.76,2007.76,1993.75,2038
