date,BTC.open,BTC.high,BTC.low,BTC.volume,BTC.quoteAssetVolume,BTC.numberOfTrades,BTC.takerBuyBaseAssetVolume,BTC.takerBuyQuoteAssetVolume,BTC.return,BTC.close,XRP.open,XRP.high,XRP.low,XRP.volume,XRP.quoteAssetVolume,XRP.numberOfTrades,XRP.takerBuyBaseAssetVolume,XRP.takerBuyQuoteAssetVolume,XRP.return,XRP.close,SOL.open,SOL.high,SOL.low,SOL.volume,SOL.quoteAssetVolume,SOL.numberOfTrades,SOL.takerBuyBaseAssetVolume,SOL.takerBuyQuoteAssetVolume,SOL.return,SOL.close,LTC.open,LTC.high,LTC.low,LTC.volume,LTC.quoteAssetVolume,LTC.numberOfTrades,LTC.takerBuyBaseAssetVolume,LTC.takerBuyQuoteAssetVolume,LTC.return,LTC.close,ETH.open,ETH.high,ETH.low,ETH.volume,ETH.quoteAssetVolume,ETH.numberOfTrades,ETH.takerBuyBaseAssetVolume,ETH.takerBuyQuoteAssetVolume,ETH.return,ETH.close,ETH.close
2026-01-02T00:00:00,88839.05,90961.81,88379.88,17396.97301,1.5589588608870876E9,5010211,8929.35447,8.003802739640186E8,0.01301331,89995.13,1.8799,2.0315,1.8689,1.273479072E8,2.4773447267035E8,1017519,5.76478506E7,1.1207842053494E8,0.067556785,2.0069,126.91,133.25,125.84,2924227.372,3.7821318758117E8,1348954,1522741.331,1.9701125476109E8,0.042474389,132.29,79.97,82.25,79.04,285255.308,2.294033691614E7,228137,142079.285,1.142660350296E7,0.024509190946605076,81.93,3004.19,3150.01,2992.49,369891.2449,1.137619077204739E9,5276480,195057.0391,5.99510476371968E8,0.040363625,3125.45,3127.11
2026-01-03T00:00:00,89995.14,90741.16,89314.01,7057.46716,6.355147736093655E8,1684214,3791.72083,3.414795533015828E8,0.007032381,90628.01,2.0068,2.0561,1.9844,7.43865221E7,1.5007764184672E8,656247,3.44027435E7,6.937111938399E7,0.005630575,2.0182,132.28,133.99,129.6,1520623.499,2.0029592155764E8,637040,750641.795,9.888545669177E7,0.008163882,133.37,81.94,82.82,80.77,249457.667,2.042319693075E7,188669,120857.422,9901753.379,0.001830831,82.08,3125.46,3136.71,3076,134405.2258,4.17746796512137E8,1823251,66789.8067,2.07586674464872E8,5.311235182134762E-4,3127.11,3144.7
2026-01-04T00:00:00,90628.01,91810,90628,10426.5297,9.521609805212084E8,2207037,5320.99389,4.859186715920199E8,0.009949683,91529.73,2.0182,2.1204,2.0163,1.137570863E8,2.3592340178094E8,980782,5.63252857E7,1.1682752079926E8,0.036022198,2.0909,133.37,135.54,133.12,1809269.113,2.4298516955108E8,892859,891018.315,1.1967826992305E8,0.005623454,134.12,82.09,83.17,81.65,254059.572,2.094262934106E7,198257,120576.145,9941344.782,0.002192982,82.26,3127.11,3167.22,3118.75,181576.0686,5.70517585648554E8,2261499,94783.8698,2.97836974892677E8,0.005625002,3144.7,3224.99
2026-01-05T00:00:00,91529.74,94789.08,91514.81,20673.59584,1.927455243548076E9,5485489,10892.9695,1.0158587519317029E9,0.025455991184503774,93859.71,2.0908,2.3695,2.0877,2.103180253E8,4.6770799715885E8,1982421,1.029855705E8,2.2898249606502E8,0.12286575159022427,2.3478,134.12,139.87,133.18,3327567.484,4.5291108426412E8,1633145,1712601.556,2.331868655719E8,0.028183716075156583,137.9,82.26,84.57,81.44,427913.448,3.54281841277E7,292614,227631.212,1.885171817835E7,0.014587892049598693,83.46,3144.71,3265.66,3135.02,382446.6618,1.219648843481487E9,5401982,188956.4336,6.02755810620799E8,0.025531847,3224.99,3296.84
2026-01-06T00:00:00,93859.71,94444.44,91262.94,18546.41829,1.728045542298375E9,5018686,8108.82157,7.559981933969632E8,-0.0011905,93747.97,2.3479,2.4172,2.2046,2.703721081E8,6.2915417010637E8,2585653,1.311875857E8,3.0510704568603E8,-0.018570577,2.3042,137.91,143.48,136.19,3771795.117,5.264912319802E8,1877400,1879675.868,2.6246313966856E8,0.023060188542422092,141.08,83.46,84.89,81.16,356122.443,2.971456625205E7,267979,186215.642,1.555233141801E7,0.005990894,83.96,3224.99,3308.86,3183.27,412503.5066,1.340863819954255E9,5310071,204316.7995,6.64312441651169E8,0.022279139,3296.84,3168.72
2026-01-07T00:00:00,93747.97,93747.97,90675.52,14276.49025,1.3119069529749737E9,4340252,6714.86954,6.168894661481977E8,-0.025427857,91364.16,2.3042,2.3205,2.1517,1.156032777E8,2.576268866184E8,1456273,5.54927341E7,1.23612092295E8,-0.06010763,2.1657,141.08,141.4,134.41,2321642.178,3.1914044980578E8,1424664,1134923.82,1.5599477950557E8,-0.03324355,136.39,83.95,83.97,81,276546.003,2.276467176159E7,215839,138647.052,1.141797252911E7,-0.026798475,81.71,3296.83,3296.84,3125.42,321350.1225,1.027448724687839E9,4839276,154644.9184,4.94179925689907E8,-0.038861455,3168.72,3106.65
2026-01-08T00:00:00,91364.16,91687.99,89311,16132.79117,1.4606225012073882E9,4923472,8192.07574,7.417686769751914E8,-0.002891396,91099.99,2.1658,2.1925,2.0649,1.565360805E8,3.3190887948803E8,1614939,7.39523255E7,1.5705196518221E8,-0.01962414,2.1232,136.39,140.07,132.67,3113437.835,4.2521187306351E8,1555663,1570298.608,2.1466699943402E8,0.014517193342620562,138.37,81.71,82.3,80,252290.561,2.045915881014E7,201660,134595.953,1.091608628297E7,-0.004895362,81.31,3168.72,3184.39,3054.65,343616.1005,1.069846020042703E9,4982423,167834.9366,5.2245048402997E8,-0.019588351,3106.65,3088.4
2026-01-09T00:00:00,91100,92082.55,89694.66,15590.27939,1.4169071801870482E9,4155703,8512.4327,7.739997392375336E8,-0.005035237,90641.28,2.1232,2.1622,2.0727,1.17777092E8,2.4879567465699E8,1257235,6.28194228E7,1.3273346814568E8,-0.012905049,2.0958,138.37,141.17,134.98,3778547.996,5.2267016273951E8,1559427,1915953.782,2.6515536455501E8,-0.0173448,135.97,81.31,82.12,79.91,251572.162,2.042625169079E7,212437,122840.378,9977726.248,0.00221375,81.49,3106.66,3148.41,3058.69,274587.4533,8.51846982925553E8,4182570,137269.6714,4.2601119868438E8,-0.005874495,3088.4,3086.72
2026-01-10T00:00:00,90641.27,90832,90404,3104.11722,2.813213754802981E8,766357,1551.97383,1.406647594095869E8,-0.001506819,90504.7,2.0958,2.1106,2.0806,3.15899813E7,6.61599548428E7,342381,1.64267838E7,3.440532603078E7,-0.002433438,2.0907,135.96,137.05,135.37,1000837.004,1.3634633079801E8,419628,495750.86,6.755549287677E7,-9.56E-04,135.84,81.48,82.42,80.8,149346.699,1.217168464394E7,114583,75483.876,6151851.54,-0.003681433,81.19,3088.4,3104.12,3077.99,82341.0546,2.54495724002643E8,881069,44689.1628,1.38130908825049E8,-5.44E-04,3086.72,3123.45
2026-01-11T00:00:00,90504.7,91283.89,90236,5477.13594,4.972458639319499E8,1282029,2868.36168,2.604477068088716E8,0.005623465,91013.65,2.0907,2.11,2.045,5.05455782E7,1.0526858116162E8,497144,2.62870992E7,5.476164019158E7,-0.007748601,2.0745,135.85,141.6,135.75,2209913.206,3.0618540675845E8,857832,1211661.371,1.678431830615E8,0.028415783274440408,139.7,81.19,81.78,78.53,323460.486,2.604273085723E7,185897,147616.204,1.189533902071E7,-0.029560291,78.79,3086.72,3147.27,3084.46,149381.2965,4.65227647583002E8,1522502,77521.2191,2.41470651783173E8,0.011899362430022814,3123.45,3095.75
2026-01-12T00:00:00,91013.66,92519.95,90128.44,16188.08268,1.4799648622693064E9,4099509,8092.5428,7.400048001807222E8,0.003104479,91296.2,2.0745,2.1086,2.035,1.101400383E8,2.2789478465359E8,1077404,4.90226195E7,1.0143548666429E8,-0.009881899,2.054,139.69,144.4,138.34,4160120.091,5.875597100406E8,1815385,2063458.502,2.9142640576436E8,-0.003435934,139.22,78.79,80.75,75.6,766104.643,5.936726401696E7,412265,321481.898,2.492940311918E7,-0.033887549,76.12,3123.46,3171.49,3065.55,297373.4681,9.28024542296001E8,4303605,145169.9489,4.53140052754557E8,-0.008868399,3095.75,3325.82
2026-01-13T00:00:00,91296.2,96495,91042.66,23021.51482,2.149770801117704E9,5025071,12405.23056,1.159067162248983E9,0.045103739,95414,2.0541,2.185,2.0474,1.133740063E8,2.3879313174914E8,1132317,5.37605548E7,1.1331111058111E8,0.054284323271665234,2.1655,139.21,148.74,137.82,4195082.468,5.9871314938546E8,1781041,2143169.55,3.060189055112E8,0.045180290188191294,145.51,76.11,78.95,75.26,1092209.996,8.387936901916E7,584044,463017.883,3.559331796549E7,0.027062532842879693,78.18,3095.75,3367.79,3091.96,457782.2816,1.470983302124877E9,4876916,239733.9448,7.69970312592286E8,0.074318017,3325.82,3354.92
2026-01-14T00:00:00,95413.99,97924.49,94559.28,22851.89428,2.201535821648615E9,5346212,11974.98829,1.154415462597303E9,0.016116922044982905,96951.78,2.1656,2.1924,2.1116,1.350016035E8,2.9054164835856E8,1229087,6.35054748E7,1.3672499888321E8,-0.012052644,2.1394,145.52,148.44,143.37,3695077.378,5.3908819785762E8,1481363,1801988.737,2.6289975478901E8,0.008109408,146.69,78.17,80.97,75.8,1728520.677,1.3563344562117E8,668483,779366.213,6.125928433288E7,-0.019314403,76.67,3325.83,3402.89,3280.48,503440.0759,1.682648500339798E9,5351410,242601.2111,8.11091133793289E8,0.008749722,3354.92,3318.69
2026-01-15T00:00:00,96951.78,97193.34,95134.48,21725.81369,2.0930081828437335E9,4493095,10841.32767,1.0451030631114848E9,-0.013893298,95604.8,2.1393,2.1434,2.0532,8.96396837E7,1.8794504068501E8,904219,4.64601369E7,9.738890672337E7,-0.028278957,2.0789,146.7,146.73,140.9,2462143.139,3.5414972574563E8,1301300,1160862.142,1.6700068509015E8,-0.029245347,142.4,76.66,76.92,69.46,1503254.414,1.112144913774E8,621073,697641.406,5.1594861454E7,-0.058171384,72.21,3354.92,3384.19,3273.72,389993.836,1.29662825056622E9,4766390,182106.0811,6.05761505416469E8,-0.010799065,3318.69,3296.28
2026-01-16T00:00:00,95604.81,95871.47,94293.46,11167.7146,1.0640194080772514E9,2971559,5055.06952,4.817231780814679E8,-5.63E-04,95550.94,2.0789,2.0866,2.0263,6.08946195E7,1.2541235552278E8,627484,2.80317239E7,5.772845137623E7,-0.005339362,2.0678,142.41,145.55,140.26,1900879.026,2.7175894958215E8,1014424,919897.252,1.3158612751626E8,0.017485955,144.89,72.21,76.07,70.92,846767.044,6.177478763465E7,387288,416278.641,3.040645559418E7,0.041683977,75.22,3318.7,3326.79,3253.01,223921.7876,7.37278508749833E8,3528248,109159.1615,3.59334304757938E8,-0.006752664,3296.28,3310.56
2026-01-17T00:00:00,95550.94,95639.45,95021.67,4280.80137,4.081619416719079E8,1020527,2059.85283,1.963990759709701E8,-0.004219425,95147.77,2.0678,2.0834,2.0536,3.11384549E7,6.439468522584E7,315864,1.5393704E7,3.183894079232E7,-0.002272947,2.0631,144.9,144.99,143.32,835154.761,1.2039044512905E8,392089,412414.642,5.943611422214E7,-0.008075091,143.72,75.21,75.99,73.84,327149.181,2.44623847155E7,186780,164597.182,1.231064736398E7,-0.003988301,74.92,3296.28,3330.26,3283.96,124325.0303,4.1150886839151E8,1229614,68643.5852,2.27299910454937E8,0.004332156,3310.56,3284.03
2026-01-18T00:00:00,95147.77,95531.12,93615.4,6895.17819,6.547737432677118E8,1488785,3107.35604,2.952177628212793E8,-0.015498314,93673.14,2.0632,2.0679,1.9861,4.65066977E7,9.479874369225E7,474109,2.21074542E7,4.505505602994E7,-0.034753526,1.9914,143.73,144,137.74,1877438.698,2.6641701122107E8,712971,837209.507,1.1886573774182E8,-0.040704147,137.87,74.92,75.9,72.1,377184.548,2.817082905366E7,239459,196115.06,1.466021646181E7,-0.035104111,72.29,3310.56,3368.82,3278.86,173354.3026,5.76301516530256E8,2227452,93056.7992,3.09424972081588E8,-0.00801375,3284.03,3189.55
2026-01-19T00:00:00,93673.14,93673.14,91910.2,14295.52747,1.326770336049047E9,3359066,6906.84245,6.409810048958122E8,-0.011125281,92631,1.9914,2.0299,1.847,1.593499007E8,3.1242798103306E8,1183988,7.90856444E7,1.5508268404275E8,-0.00271166,1.986,137.87,137.87,130,2972524.77,3.9776601410622E8,1113535,1483332.486,1.9847914456028E8,-0.032131718,133.44,72.28,72.28,65.58,993480.913,6.941575432641E7,463491,484909.33,3.387400379684E7,-0.020611426,70.8,3284.04,3284.58,3165.38,442540.5596,1.421588263898261E9,4406164,225707.6739,7.25130247584568E8,-0.02876953,3189.55,2939.88
2026-01-20T00:00:00,92630.99,92870,87895.98,22007.3261,1.9896766685941782E9,6064031,9629.19624,8.709364241390942E8,-0.04537725,88427.66,1.9861,1.9909,1.87,1.27376122E8,2.4562544778919E8,1219786,6.84579919E7,1.3197194045728E8,-0.048338369,1.89,133.44,134.63,124.68,3532423.88,4.5620036019412E8,1665250,1594052.788,2.0596608347806E8,-0.057254197,125.8,70.79,71.05,65.9,699879.344,4.803441897831E7,412612,330248.217,2.266874151377E7,-0.051977401,67.12,3189.56,3200.5,2920,518166.4787,1.58697302680606E9,7228638,251605.1302,7.70975910793193E8,-0.0782775,2939.88,2982.27
2026-01-21T00:00:00,88427.66,90574,87263.53,20617.50372,1.8377081153597033E9,6419053,10265.21302,9.155317510822006E8,0.011614804688940003,89454.73,1.89,1.9907,1.8712,1.478421355E8,2.8411149909742E8,1442942,7.18482828E7,1.3809009663842E8,0.030476190476190528,1.9476,125.81,132.17,125.26,3161736.36,4.0672765632141E8,1568002,1657610.92,2.1333253925012E8,0.02972973,129.54,67.12,69.71,66.03,677970.362,4.61364038906E7,350685,351262.332,2.389224398426E7,0.020262217,68.48,2939.88,3069.07,2866.11,577800.2481,1.712903183812053E9,8064316,296961.807,8.80621251790689E8,0.014418955875749987,2982.27,2952.69
2026-01-22T00:00:00,89454.73,90359.99,88515.37,10825.50492,9.699106233559886E8,3743412,5529.54766,4.955984905227897E8,0.001173107,89559.67,1.9475,1.9679,1.9016,6.16274449E7,1.193940590727E8,660686,3.0128653E7,5.836088905984E7,-0.012322859,1.9236,129.53,130.94,126.73,1811586.462,2.3357068782335E8,1016749,905017.042,1.1676137693617E8,-0.008259997,128.47,68.48,69.65,67.06,400973.972,2.742080486786E7,213870,200806.924,1.373431433463E7,-0.004234813,68.19,2982.28,3038.33,2906.02,291660.7349,8.67206892239138E8,4696521,144410.7947,4.29371629050317E8,-0.009918619,2952.69,2956.41
2026-01-23T00:00:00,89559.68,91224.99,88578.36,13918.48919,1.248772265678843E9,4619907,6911.17668,6.20204414132354E8,4.532173912654715E-4,89600.26,1.9237,1.9656,1.8873,7.60767069E7,1.4621301514371E8,774360,3.50627015E7,6.736162022741E7,-0.002079434,1.9196,128.47,130.2,125.28,2044063.077,2.6124394398141E8,1068593,1074378.357,1.3735025013854E8,-0.008095275,127.43,68.2,69.6,66.98,391555.321,2.678312336337E7,225325,202035.793,1.382911794474E7,-0.001759789,68.07,2952.7,3019.26,2892.4,318415.3317,9.39757975669515E8,5479038,159251.2529,4.70264718669184E8,0.001259868,2956.41,2953.22
2026-01-24T00:00:00,89600.26,89957.39,89162.08,4226.56737,3.784641460918812E8,959854,1835.96939,1.644011934396937E8,-0.004184363,89225.34,1.9197,1.9276,1.91,2.71599999E7,5.212782862802E7,221237,1.14368261E7,2.194931010698E7,-0.002760992,1.9143,127.43,128.12,126.64,807419.995,1.0280490833679E8,331896,367986.146,4.685811834194E7,-0.001726438,127.21,68.07,68.98,67.75,180394.712,1.233235434648E7,107362,90881.014,6213931.278,0.001762891,68.19,2956.41,2970.41,2943.84,92082.9039,2.72517275860426E8,1185149,41483.2107,1.22751060758119E8,-0.001079011,2953.22,2816.89
2026-01-25T00:00:00,89225.34,89319.13,86074.72,14426.22019,1.264233689841581E9,3720178,6269.27657,5.493045845673954E8,-0.028635139,86670.36,1.9143,1.9168,1.8111,9.15331103E7,1.6988344784291E8,818265,4.32186369E7,8.018853236239E7,-0.041111633,1.8356,127.22,127.46,117.15,4540879.449,5.4916453009031E8,1232391,2403987.331,2.8986838606575E8,-0.065718104,118.85,68.2,70.36,65.23,627760.546,4.273008141703E7,359726,297380.743,2.025862355439E7,-0.013051767,67.3,2953.23,2960.29,2787,380186.5326,1.088137895952771E9,4637787,165133.7717,4.73021399881065E8,-0.046163171,2816.89,2930.35
2026-01-26T00:00:00,86670.36,88860,86509.63,17766.51453,1.560135758989215E9,4798083,9428.94206,8.279143906949898E8,0.019345945,88347.08,1.8356,1.946,1.8331,1.044811536E8,1.9835923249118E8,973413,4.75615965E7,9.034692299693E7,0.037317498,1.9041,118.85,125.6,118.53,2355751.363,2.8976765639401E8,1187889,1159271.555,1.4256489485725E8,0.045351283,124.24,67.29,70.11,66.97,427828.099,2.940332893255E7,255346,224179.071,1.54089468639E7,0.035958395,69.72,2816.9,2951.21,2812.37,485169.3372,1.405058143578595E9,5933570,239396.1448,6.93731253124194E8,0.040278463,2930.35,3026.77
2026-01-27T00:00:00,88347.08,89523.16,87304.33,13125.40425,1.1600268535895033E9,3787336,6722.86937,5.943885960572797E8,0.010220145363038577,89250,1.9042,1.9295,1.8741,6.46198271E7,1.2289303708238E8,684052,3.25977601E7,6.198296053639E7,0.006144635,1.9158,124.24,127.84,123.12,2036509.042,2.5504782637975E8,1006079,1012080.68,1.2676980388212E8,0.023744366,127.19,69.73,70.49,68.64,325716.599,2.267927571174E7,203658,164010.615,1.142162645922E7,0.004446357,70.03,2930.35,3035.08,2899.77,478792.3988,1.416537368433361E9,5278439,229630.1728,6.79191460936592E8,0.032903919,3026.77,3010.78
2026-01-28T00:00:00,89249.99,90600,88833.65,14332.18502,1.283919840851472E9,4385791,7015.44336,6.287610313151364E8,5.601120448179859E-4,89299.99,1.9157,1.9427,1.8944,6.74258585E7,1.2926798188222E8,726865,3.04402803E7,5.835182850214E7,-0.002453283,1.9111,127.18,128.34,124.78,1997863.528,2.5293365986287E8,1065285,990296.273,1.2537115637357E8,-0.014466546,125.35,70.03,70.31,68.42,301017.18,2.091544764431E7,204313,149375.398,1.038127040277E7,-0.008710553,69.42,3026.77,3045.78,2983.67,296607.6549,8.94057677740365E8,5061029,154557.6064,4.6594630594887E8,-0.005282859,3010.78,2822.59
2026-01-29T00:00:00,89300,89348,83383.33,30431.38201,2.6103815879100037E9,5598749,12385.58906,1.0629203840760188E9,-0.052069771,84650.16,1.9112,1.9134,1.778,1.49409911E8,2.7341604653278E8,1163676,7.41990625E7,1.3567962922696E8,-0.054157292,1.8076,125.34,125.51,115.39,3730613.473,4.4459760545512E8,1444201,1863128.834,2.2188290425408E8,-0.060071799,117.82,69.41,69.55,64.43,474641.116,3.157168586396E7,310607,234873.613,1.56185758603E7,-0.045808124,66.24,3010.78,3013.5,2754.53,561288.5979,1.601894306039813E9,6779608,270939.8171,7.72718271379958E8,-0.062505397,2822.59,2707.38
2026-01-30T00:00:00,84650.16,84735.75,81118,35195.84793,2.918624066481832E9,8998829,16749.59784,1.389486785106681E9,-0.004603299,84260.49,1.8077,1.8131,1.7107,2.297203067E8,4.0307889782779E8,1962404,1.117441592E8,1.9603504605739E8,-0.040053109,1.7352,117.82,119.12,112.14,4761006.742,5.5202348713287E8,1991218,2428166.266,2.8172354620711E8,-0.00195213,117.59,66.24,66.47,62.71,686027.282,4.429820539446E7,462166,331480.413,2.140864817018E7,-0.011624396,65.47,2822.6,2828.65,2636.01,793279.6252,2.161851949088385E9,10661631,388766.163,1.059467300875251E9,-0.040817122,2707.38,2451.95
2026-01-31T00:00:00,84260.5,84270.02,75719.9,39491.89133,3.155264093623044E9,7384976,17959.61358,1.4351202459826965E9,-0.06550401,78741.09,1.7353,1.7547,1.5028,3.323694679E8,5.3878664636154E8,2380722,1.555468259E8,2.5225110731E8,-0.050714615,1.6472,117.6,118.85,96.4,8567398.326,9.2058207530101E8,3248600,4092929.327,4.3914865816365E8,-0.102134535,105.58,65.47,65.5,55,1322363.304,7.884194736423E7,621529,648434.176,3.86302606509E7,-0.090728578,59.53,2707.37,2714.64,2250,1113097.713,2.759353621321312E9,9305297,520430.2055,1.291798679952669E9,-0.094345825,2451.95,2270.15
2026-02-01T00:00:00,78741.1,79424,75700,25395.48168,1.9749205570473866E9,8001906,12031.74392,9.360957427402172E8,-0.022515309,76968.21,1.6472,1.6805,1.5526,1.82387658E8,2.9600331728224E8,1719231,8.06645213E7,1.3083719767496E8,-0.034239922,1.5908,105.58,106.69,98.02,4204256.051,4.3283956225445E8,2202213,2052275.136,2.1136561568208E8,-0.045368441,100.79,59.53,59.92,57.16,614483.462,3.619632546016E7,400538,299807.269,1.766068751469E7,-0.017470183,58.49,2451.96,2475.98,2222,1026573.947,2.412828498627745E9,11038637,455879.6449,1.069127421804749E9,-0.074145068,2270.15,2347.02
2026-02-02T00:00:00,76968.22,79360,74604,42273.59016,3.2607524444613295E9,10085578,21480.45115,1.6589774412234404E9,0.023001704210088736,78738.61,1.5908,1.6571,1.5307,2.181073047E8,3.4875097895153E8,2139400,1.020122672E8,1.6308148606629E8,0.018229821473472414,1.6198,100.78,106.12,95.95,5574032.681,5.6660904193448E8,2856979,2663023.902,2.709611656031E8,0.037305288,104.55,58.49,61.17,56.51,649668.505,3.833631586657E7,431721,314511.934,1.855862071048E7,0.026158317661138675,60.02,2270.16,2396.62,2157.14,1248535.211,2.84217728624149E9,11149156,614416.942,1.398079659353768E9,0.033861199,2347.02,2233.72
2026-02-03T00:00:00,78738.6,79186.81,72945.5,39120.10889,2.986903008574792E9,9199445,17304.88253,1.3241193964360397E9,-0.037699421,75770.21,1.6199,1.6339,1.5274,1.905530424E8,3.0315600231118E8,1612184,8.94204996E7,1.4229731115481E8,-0.025126559,1.5791,104.54,105.1,96.64,4514018.115,4.5586516822654E8,2135637,2227613.325,2.2504454637139E8,-0.063701578,97.89,60.02,61.38,56.87,607480.409,3.61686272098E7,394246,302061.837,1.799739106354E7,-0.008997001,59.48,2347.01,2359.88,2110,1321099.387,2.981630480120865E9,11643770,666418.2157,1.505015892495484E9,-0.048273981,2233.72,2148.26
2026-02-04T00:00:00,75770.21,76971.52,71888,38375.36,2.8528346315391464E9,10724002,17274.35569,1.2846647688290725E9,-0.034372084,73165.83,1.579,1.6122,1.4948,1.943867029E8,3.0203789196737E8,1749945,9.29883727E7,1.4446624242228E8,-0.042492559,1.512,97.89,99.67,89.3,6251459.371,5.8986383990233E8,2940009,3095939.216,2.9185354148574E8,-0.058943712,92.12,59.47,60.99,57.07,610711.727,3.605084146711E7,410884,309305.507,1.82552677747E7,-0.009919301,58.89,2233.72,2295.74,2076.68,1264743.43,2.756607838332894E9,10912540,609896.0952,1.325924462845477E9,-0.038259048,2148.26,1826.83
2026-02-05T00:00:00,73165.84,73341.18,62345,106298.829,7.198745594280694E9,15364010,49042.65006,3.3257495030332394E9,-0.140174314,62909.86,1.512,1.5154,1.1371,7.44109671E8,9.6188416958011E8,5683396,3.663108951E8,4.7366494186597E8,-0.196693122,1.2146,92.11,93.43,77.6,1.024335548E7,8.7478898351127E8,4871571,4836738.921,4.1363735022663E8,-0.149478941,78.35,58.89,59.49,50.18,1590945.035,8.595632193629E7,966022,762889.225,4.118697562069E7,-0.137544575,50.79,2148.25,2173.77,1818.18,1952286.695,3.895174109785863E9,13667587,967965.2824,1.933830694362923E9,-0.149623416,1826.83,2063.38
2026-02-06T00:00:00,62909.87,71751.33,60000,92539.21531,6.1340566706115055E9,13228528,49477.51198,3.2884261492806883E9,0.12192683309102888,70580.26,1.2145,1.5442,1.1172,7.081228008E8,9.6132149991777E8,5710571,3.409353641E8,4.6341165323958E8,0.21011032438662944,1.4698,78.34,89.84,67.5,1.1811095766E7,9.4430812532202E8,3980604,5773154.785,4.6225141125519E8,0.11627313337587747,87.46,50.79,56.47,45.07,1678612.362,8.536742643744E7,787483,845363.186,4.303412726902E7,0.083284111,55.02,1826.83,2093.94,1747.8,2102311.557,4.099448671011839E9,12362731,1189792.576,2.323481388750452E9,0.1294865970013631,2063.38,2087.08
2026-02-07T00:00:00,70580.26,71690.07,67300,44255.48036,3.0589838790691524E9,7167427,18766.22233,1.298989823429441E9,-0.018289533,69289.38,1.4697,1.4879,1.3858,2.743103403E8,3.9196397731875E8,2315753,1.282145368E8,1.833586479262E8,-0.03177303,1.4231,87.45,89.2,84.16,4486649.48,3.8957519626258E8,1746041,2188177.051,1.9005762982127E8,0.001486394,87.59,55.01,56,52.86,807072.496,4.407917216207E7,370872,397549.15,2.17207442036E7,0.003089786,55.19,2063.37,2121.7,1994.57,1142616.449,2.350131251111509E9,7938360,548585.9421,1.128556150777751E9,0.011486008393994232,2087.08,2089.74
2026-02-08T00:00:00,69289.37,72271.41,68888,21420.53168,1.510003758652842E9,4870449,11435.75238,8.058988672818197E8,0.015023947392803917,70330.38,1.4231,1.4703,1.4099,1.260126184E8,1.8140096406214E8,1292240,6.31792822E7,9.096807937173E7,0.005410723,1.4308,87.59,89.08,85.77,2534998.683,2.2210765610678E8,1040850,1312312.593,1.1504917517828E8,-0.006850097,86.99,55.19,55.88,53.65,374171.837,2.057309434484E7,186034,186118.409,1.023761246795E7,-0.011958688,54.53,2087.08,2152.03,2064.1,482837.2515,1.015368967858894E9,4379045,228020.7596,4.79809411995975E8,0.001274508,2089.74,2105.02
2026-02-09T00:00:00,70330.38,71453.53,68308,29152.72842,2.0389595394209776E9,6644769,13854.63486,9.690016166829728E8,-0.002735376,70138,1.4308,1.4642,1.3728,1.685462818E8,2.4056748271765E8,1495561,7.18255307E7,1.0249255095228E8,0.00433324,1.437,86.99,88.69,82.86,3667652.416,3.1521186358337E8,1641253,1730490.081,1.4856083685899E8,-0.002529026,86.77,54.53,55.13,52.36,393768.113,2.126759004059E7,221153,199565.246,1.077977942201E7,-0.001467082,54.45,2089.73,2147.73,2008.62,625378.5569,1.299316807805279E9,6331904,315446.5313,6.55569971226274E8,0.007311914,2105.02,2022.67
2026-02-10T00:00:00,70138,70527.59,67800,20373.77072,1.4086236233599253E9,4558658,9237.21056,6.387399502535255E8,-0.018487981,68841.29,1.437,1.4532,1.3916,1.133993737E8,1.6093426597524E8,939856,5.25577904E7,7.449935128717E7,-0.025817676,1.3999,86.77,87.49,81.91,2975212.105,2.5131796378963E8,1118002,1398749.372,1.1813369738029E8,-0.043563444,82.99,54.45,54.68,52.84,289989.059,1.552335066067E7,185560,132344.439,7081719.455,-0.019651056,53.38,2105.02,2124.71,1989.38,574321.6908,1.163710989708572E9,5159394,276990.265,5.6097501104426E8,-0.039120768,2022.67,1941.18
2026-02-11T00:00:00,68841.28,69292.88,65756,28718.24602,1.9305139475441146E9,6956577,14335.50997,9.639037482694873E8,-0.025548185,67082.52,1.3998,1.4205,1.3421,1.726962637E8,2.3754981671376E8,1382467,8.25504696E7,1.1349995249281E8,-0.021572969,1.3697,82.99,84.39,78.04,3814913.32,3.0820541126465E8,1519961,1909861.395,1.5426625700822E8,-0.044463188,79.3,53.37,53.71,51,428953.94,2.237706205081E7,231264,207632.745,1.083347746522E7,-0.019857625,52.32,2022.67,2032.31,1903.19,529655.8177,1.036100476102876E9,6450810,259017.7416,5.06650635748852E8,-0.040288332,1941.18,1947.85
2026-02-12T00:00:00,67082.52,68410.52,65118,24271.74283,1.6221621453342066E9,6778280,12101.72511,8.094188520733618E8,-0.012079898,66272.17,1.3697,1.4082,1.3461,1.168562641E8,1.6071892705486E8,1005243,5.97648383E7,8.216427533411E7,-0.004526539,1.3635,79.31,82.25,76.6,3196230.117,2.5414571977685E8,1324436,1622269.948,1.2898266306688E8,-0.011349306,78.4,52.32,53.81,51.51,340264.81,1.795176178533E7,178539,172328.959,9097690.341,0.015863914373088654,53.15,1941.19,2001.42,1897.24,427567.1469,8.33481568532024E8,5262808,212467.499,4.14232137149514E8,0.003436054,1947.85,2048.72
2026-02-13T00:00:00,66272.17,69482.97,65872.46,20244.54955,1.3712860223300548E9,6450842,10425.24887,7.067665406168541E8,0.038957378,68853.96,1.3635,1.4285,1.3485,1.250277394E8,1.7341037067896E8,982787,5.66606887E7,7.86037877335E7,0.031976530986432036,1.4071,78.39,85.63,77.53,3370390.272,2.7578444145232E8,1245544,1651859.713,1.3522155241331E8,0.075637755,84.33,53.15,55.7,52.36,376571.893,2.03968568894E7,205807,194229.802,1.051511703802E7,0.03537159,55.03,1947.85,2073.68,1924.72,425649.7698,8.5090779120718E8,4695571,215643.6192,4.31290771892009E8,0.051785302,2048.72,2086.59
2026-02-14T00:00:00,68853.97,70560.01,68730.13,18114.78393,1.2602593143600264E9,3803163,7857.93423,5.467560732649412E8,0.014073119,69822.95,1.407,1.5138,1.4051,1.131405384E8,1.6577032182151E8,851648,5.48679845E7,8.038581735301E7,0.072702722,1.5094,84.34,88.9,84.21,2698607.215,2.3437054310908E8,771870,1378612.079,1.1968903954642E8,0.044230997,88.06,55.04,56.66,54.88,322012.369,1.795396383347E7,177149,169987.471,9474591.633,0.017445029983645298,55.99,2048.72,2107.67,2042.37,220677.2355,4.58319230494356E8,2720271,110065.542,2.28627817282618E8,0.018484712,2086.59,1966.58
2026-02-15T00:00:00,69822.94,70983,68000,22290.05208,1.5450945721368146E9,4598633,8861.59262,6.157330991208996E8,-0.014184018,68832.58,1.5094,1.6714,1.445,2.993064724E8,4.6352295761473E8,2457642,1.499404307E8,2.324881015996E8,-0.022591758,1.4753,88.06,91.26,84.89,3929085.4,3.4625070178011E8,1210120,1880755.574,1.6590686763736E8,-0.021576198,86.16,55.99,56.68,54.18,375205.526,2.075386042725E7,233014,183831.788,1.017449363159E7,-0.016252902,55.08,2086.59,2103.32,1928.88,834778.0952,1.680654508880478E9,5864311,323503.2298,6.51093452905736E8,-0.057514893,1966.58,1998.33
2026-02-16T00:00:00,68832.59,70126.67,67294.11,15515.76534,1.0627979182535971E9,5233849,8153.4314,5.589091917674918E8,8.695010415124824E-4,68892.43,1.4753,1.5171,1.4485,1.45403123E8,2.1554874840283E8,1276762,7.59284906E7,1.1254813855694E8,0.008337287,1.4876,86.15,86.93,82.55,3559751.811,3.0254662754411E8,1097748,1807368.413,1.536130956553E8,0.003365831,86.45,55.09,55.65,53.33,393363.556,2.135913176483E7,209803,202826.262,1.101181902223E7,9.077705156137303E-4,55.13,1966.59,2023.51,1937.24,351347.9433,6.94116360940269E8,4476026,178158.7858,3.52070618301827E8,0.016144779,1998.33,1991.66
2026-02-17T00:00:00,68892.43,69241.5,66621.06,16489.06921,1.117987651294812E9,5994853,7538.45107,5.114261908932403E8,-0.02016056,67503.52,1.4876,1.495,1.4268,9.883839E7,1.4512407530722E8,923941,5.07546241E7,7.452018897287E7,-0.008940575,1.4743,86.45,87.69,82.92,2774655.865,2.3567349440328E8,1064339,1385557.165,1.1766569465988E8,-0.015847311,85.08,55.13,55.85,53.17,357538.905,1.946842107935E7,225155,180520.162,9829508.579,-0.021222565,53.96,1998.34,2015.33,1941.66,406246.9427,8.04961298709777E8,6420841,196947.7031,3.90162604367408E8,-0.003337787,1991.66,1955.91
2026-02-18T00:00:00,67503.52,68476.22,65870,15492.43839,1.0404935246521236E9,4548997,7895.05707,5.304581781385649E8,-0.015443935,66461,1.4742,1.4943,1.4102,8.58318539E7,1.251285413237E8,786592,4.29532236E7,6.259413836696E7,-0.035542291,1.4219,85.09,86.09,80.48,3137603.97,2.612898316858E8,1026899,1549834.071,1.2906755782814E8,-0.040785143,81.61,53.96,54.93,52.95,260302.801,1.403020241314E7,182060,131921.071,7113202.861,-0.011860638,53.32,1991.67,2039.05,1923.78,393639.0086,7.78491630599568E8,5176537,191523.6119,3.78687588779843E8,-0.017949851,1955.91,1949.08
2026-02-19T00:00:00,66461,67320,65631.83,14542.26988,9.688635727821527E8,4679351,7106.70741,4.734562230721071E8,0.008166143,67003.73,1.422,1.4381,1.382,1.082596771E8,1.5252921026218E8,885502,4.96271415E7,6.992733125651E7,-0.010619594,1.4068,81.61,82.67,79.61,2848277.49,2.3138577897627E8,946105,1441047.461,1.1701596507576E8,0.010905526,82.5,53.32,53.73,51.42,266659.855,1.401661077875E7,177298,131754.862,6928661.554,-0.011627907,52.7,1955.9,1987.55,1907,300257.0733,5.83869775947742E8,3793608,142030.3122,2.76036975737437E8,-0.003491981,1949.08,1968.88
2026-02-20T00:00:00,67003.73,68318.39,66280.2,35351.87091,2.3780791505678473E9,5044912,15001.46034,1.0109700431452413E9,0.015167513808559597,68020.01,1.4068,1.4389,1.3775,1.237097044E8,1.7529941800269E8,1033248,6.29801381E7,8.929267180546E7,0.015922661359112862,1.4292,82.5,85.49,81.77,3754556.759,3.143517284764E8,1184887,1792745.473,1.5010710172758E8,0.026303030303030325,84.67,52.71,55.47,52.66,463361.849,2.519079437633E7,247994,238052.659,1.29543723959E7,0.047248577,55.19,1949.08,1981.18,1922.97,386253.5557,7.55968932473526E8,3948261,186424.2257,3.64867772122704E8,0.010158638947606144,1968.88,1973.35
2026-02-21T00:00:00,68020,68698.7,67534.69,8032.84131,5.475920788471988E8,1593539,4003.46206,2.7291969267728E8,-6.48E-04,67975.93,1.4292,1.4642,1.4198,5.39979203E7,7.775530709025E7,454239,2.52450589E7,3.637308331257E7,8.396305625523844E-4,1.4304,84.68,86.72,83.97,1780748.862,1.5219072200216E8,501200,853621.901,7.298505155797E7,0.005905279,85.17,55.19,56.01,54.82,242511.391,1.342099382085E7,129022,131023.911,7252760.382,-0.005254575,54.9,1968.88,1995.56,1955.62,179173.8456,3.54489354648235E8,1362230,91535.9107,1.81134209820953E8,0.002270326,1973.35,1957.82
2026-02-22T00:00:00,67975.93,68245,67190,8175.13484,5.536133355774136E8,2160900,3974.29287,2.690810936109383E8,-0.004891879,67643.4,1.4303,1.4338,1.38,6.1166336E7,8.587944958334E7,455685,2.84498158E7,3.991711834359E7,-0.026006711,1.3932,85.17,85.6,82.48,1798852.596,1.5139293393976E8,478017,884360.629,7.438975312978E7,-0.027944112,82.79,54.91,54.92,52.94,231209.383,1.243990054386E7,111289,112032.994,6032959.075,-0.025865209,53.48,1973.35,1983.13,1935,155325.6482,3.04517550298572E8,1850073,77240.1124,1.51464074945039E8,-0.007869866,1957.82,1856.3
2026-02-23T00:00:00,67643.39,67684.86,63888.79,33075.90923,2.1581586561215167E9,8268695,16388.63858,1.0693288600589625E9,-0.044163658,64656.02,1.3932,1.4248,1.3301,1.888957004E8,2.5869495026527E8,1477289,8.75084462E7,1.1967850465587E8,-0.029715762,1.3518,82.8,82.85,77.15,5163373.383,4.0788433570471E8,1508435,2566537.654,2.0262728980864E8,-0.059065104,77.9,53.48,53.55,50.72,349970.204,1.816167977868E7,227901,163764.655,8495613.93,-0.039827973,51.35,1957.82,1958.33,1837.13,547359.4869,1.031859704045753E9,6684753,266498.7851,5.02378481411939E8,-0.051853592,1856.3,1851.94
2026-02-24T00:00:00,64656.01,65026.75,62510.28,23102.83622,1.4695121597199352E9,7553629,11150.61026,7.092354319176984E8,-0.009246935,64058.15,1.3519,1.3676,1.3124,1.392395718E8,1.8675709636945E8,1184905,6.44534745E7,8.645940893795E7,-0.002663116,1.3482,77.91,79.62,75.63,3592828.376,2.780029909516E8,1232135,1792005.524,1.3872474112602E8,0.013992298,78.99,51.35,51.9,50.18,376143.687,1.918027833098E7,206302,171815.79,8765389.687,-0.003894839,51.15,1856.3,1869.58,1800,438064.0284,8.04280693829216E8,6607359,205850.4101,3.78122255429729E8,-0.002348758,1851.94,2057.48
2026-02-25T00:00:00,64058.15,69988.83,63913.27,30749.99259,2.064089702844435E9,7096715,16382.91985,1.098904977008272E9,0.06134879,67988.04,1.3483,1.4935,1.3404,2.450885052E8,3.4896036929078E8,1713510,1.221194639E8,1.7375757877421E8,0.063566236,1.4339,78.99,92.1,78.73,5632749.415,4.8143326920429E8,2076213,2958342.232,2.529757619521E8,0.11482466134953802,88.06,51.16,59,51.03,683585.789,3.80595715132E7,338588,335310.525,1.862778361077E7,0.1096774193548387,56.76,1851.95,2148.39,1846.74,682979.4378,1.366356333151672E9,9024746,343230.549,6.86156732823848E8,0.11098631705130833,2057.48,2027.68
2026-02-26T00:00:00,67988.04,68860,66500,20737.77792,1.404774665564561E9,5426137,10172.50047,6.89304052453067E8,-0.007396301,67485.18,1.4338,1.4691,1.3827,1.608291418E8,2.2879432521921E8,1216393,7.78864579E7,1.1073416697347E8,-0.02175884,1.4027,88.05,89.27,84.34,3356890.979,2.9227135894249E8,1381041,1672944.871,1.4570030815216E8,-0.024415171,85.91,56.76,57.09,54.42,339639.683,1.897997432972E7,231245,168752.736,9433363.439,-0.020084567,55.62,2057.48,2083.33,1975.35,439783.3566,8.97062353242189E8,7142316,224781.9099,4.58691743982327E8,-0.014483737,2027.68,1929.84
2026-02-27T00:00:00,67485.19,68216.8,64914.46,21228.58424,1.4120338235619729E9,3856064,10107.20917,6.71986242524662E8,-0.023902729,65872.1,1.4027,1.4262,1.3386,1.651081686E8,2.2695319407107E8,1010806,8.34629174E7,1.1478697811439E8,-0.033150353,1.3562,85.91,88.29,80.32,3370499.359,2.8237239931505E8,1290836,1608089.537,1.3478434690712E8,-0.047258759,81.85,55.61,56.39,53.42,305470.267,1.67647751029E7,201256,157289.285,8638159.274,-0.019057893,54.56,2027.68,2063.52,1887,428687.234,8.46919721884444E8,5213158,214287.6264,4.22880876500186E8,-0.04825219,1929.84,1964.51
2026-02-28T00:00:00,65872.09,67760,63030,22548.71649,1.4628644082615664E9,5268514,11531.10802,7.481903904323822E8,0.016716637240956168,66973.26,1.3562,1.3931,1.27,2.299896797E8,3.0457928442876E8,1360492,1.111286969E8,1.4732635387579E8,0.014747087450228593,1.3762,81.84,85.65,77.12,4737699.879,3.8101810331188E8,1652423,2316943.669,1.8642127138615E8,0.030543677458766037,84.35,54.55,54.96,51.47,383397.838,2.036274160841E7,270111,201159.463,1.069275144483E7,-0.002932551,54.4,1929.84,1984.99,1835.36,461680.9835,8.77128283233712E8,6186042,229978.4238,4.37053523083052E8,0.01796522,1964.51,1939.71
2026-03-01T00:00:00,66973.26,68199.99,65056,23201.85859,1.5457837429062002E9,5312013,11209.77201,7.471619228484616E8,-0.017869669,65776.47,1.3761,1.4333,1.3369,1.779413269E8,2.4677515812428E8,1320595,8.67137244E7,1.2024799729241E8,-0.017293998,1.3524,84.35,88.9,81.69,4435194.222,3.7970457389707E8,1639105,2143442.217,1.8346043954458E8,-0.008891523,83.6,54.41,55.53,52.47,299256.409,1.615982822147E7,243982,145672.439,7869797.854,-0.021323529,53.24,1964.51,2054.8,1907.41,529196.8464,1.051030823789445E9,6616298,254547.6476,5.05531901718655E8,-0.012624013,1939.71,2027.35
2026-03-02T00:00:00,65776.48,70096,65259.21,32010.38431,2.164578841845917E9,8397526,15335.91369,1.0378715445481505E9,0.046423743931530474,68830.06,1.3525,1.423,1.3341,1.668020778E8,2.300932380767E8,1147060,7.65546155E7,1.0553463840718E8,0.027802425,1.39,83.61,90.29,82.37,5123433.26,4.4146607527522E8,2012450,2558006.604,2.2064054248227E8,0.036363636,86.64,53.25,55.72,52.95,462228.194,2.514342963107E7,285473,244467.986,1.330303619557E7,0.025732531930878988,54.61,1939.71,2090,1920,577406.3749,1.154427554493893E9,9343785,299199.2494,5.98658734971255E8,0.045182011744023524,2027.35,1982.8
2026-03-03T00:00:00,68830.06,69258.08,66158,24972.2418,1.6918486699430182E9,7648119,12331.622,8.354610160946944E8,-0.007148911,68338,1.3901,1.3953,1.3366,1.356028974E8,1.8472768685329E8,1007411,6.29568259E7,8.576914112572E7,-0.021079137,1.3607,86.65,87.46,82.5,4136742.745,3.5240798268373E8,1899723,2088429.65,1.779742467266E8,0.003808864,86.97,54.61,55.26,53.02,439975.97,2.386883446421E7,267831,198693.023,1.07737479377E7,0.00274675,54.76,2027.34,2041.48,1929.56,509329.8534,1.007923347106694E9,8311355,254251.3309,5.03251034902722E8,-0.021974499,1982.8,2127.28
2026-03-04T00:00:00,68338.01,74050,67400,44919.0761,3.2028644476324606E9,8618302,23641.35243,1.685099057930178E9,0.063343528,72666.77,1.3607,1.4732,1.3452,2.380257792E8,3.3752683895515E8,1270039,1.110655616E8,1.5767851493841E8,0.051591092819872154,1.4309,86.98,94.05,84.78,6329931.383,5.6909580357597E8,2311936,3204724.318,2.883706051089E8,0.044613084971829316,90.85,54.77,57.66,54.3,528737.562,2.967979684227E7,321571,263955.17,1.481951007907E7,0.036705624543462476,56.77,1982.81,2199,1945.08,737644.8152,1.537991054004056E9,9527323,368171.8559,7.67713624115772E8,0.072866653,2127.28,2072.86
2026-03-05T00:00:00,72666.77,73558.15,70645.47,26590.51253,1.917514690387834E9,6709160,12299.51467,8.867734624727771E8,-0.02444102,70890.72,1.4309,1.4525,1.396,1.181689922E8,1.680702956447E8,966417,6.08477752E7,8.655851496177E7,-0.019009015,1.4037,90.86,92.96,87.91,3753710.608,3.3838102660303E8,1560359,1826589.831,1.6467909265204E8,-0.022894882,88.77,56.77,57.27,55.03,390267.224,2.189569531222E7,252251,177143.763,9941531.498,-0.023075568,55.46,2127.28,2163.66,2054.75,432157.8126,9.09578852988923E8,6753565,205453.4958,4.32642648347527E8,-0.025581964,2072.86,1978.68
2026-03-06T00:00:00,70891.02,71419.98,67744.78,22629.88722,1.574601198874888E9,5302899,10464.09351,7.280917577822127E8,-0.039168737,68114.02,1.4038,1.4148,1.346,1.138479789E8,1.567627916806E8,884241,5.31153294E7,7.314273184626E7,-0.028781079,1.3633,88.78,89.31,83.64,3135324.642,2.7044236096293E8,1074615,1431065.025,1.2350784076447E8,-0.045848823,84.7,55.47,55.89,53.12,299754.686,1.632103327426E7,184265,151170.728,8232784.004,-0.029751172,53.81,2072.86,2093.33,1955.95,411597.7569,8.31917068631373E8,5601424,197603.9435,3.99155087071218E8,-0.04543481,1978.68,1969.59
2026-03-07T00:00:00,68114.02,68551.04,66915.26,12719.54315,8.617298618530488E8,2067476,5910.76849,4.004775183566913E8,-0.012495372,67262.91,1.3632,1.3749,1.3468,4.77766373E7,6.504782155857E7,313956,2.25104314E7,3.065299317955E7,-0.004841194,1.3567,84.69,85.07,82.28,1465281.721,1.2296379886816E8,449215,717082.462,6.020653808481E7,-0.017473436,83.22,53.8,54.29,53.21,262288.031,1.412677708158E7,112232,142423.528,7671938.081,-0.004274298,53.58,1978.68,1996.04,1948.09,184459.82,3.6452923478772E8,2029543,89270.3932,1.76467060503114E8,-0.004593972,1969.59,1937.1
2026-03-08T00:00:00,67262.91,68200,65618.49,21593.63901,1.4475221603154545E9,3028392,11268.64926,7.557323591696719E8,-0.019203897,65971.2,1.3568,1.3712,1.3218,7.98256437E7,1.0768197934124E8,585270,3.78865614E7,5.112346605987E7,-0.01230928,1.34,83.22,84.13,80.26,2102965.687,1.7299619881307E8,874561,1060648.598,8.733621882438E7,-0.019586638,81.59,53.59,53.94,51.88,398559.551,2.113086460299E7,179938,187345.094,9943156.421,-0.018477044,52.59,1969.6,1979.8,1916.14,391189.7317,7.61435521244382E8,4044585,190729.8992,3.71905575962306E8,-0.016495819,1937.1,1992.98
2026-03-09T00:00:00,65971.2,69516.65,65821.97,28896.7213,1.96762205144968E9,5093667,14101.45378,9.601957729159064E8,0.037303550640279494,68432.16,1.3401,1.3841,1.333,1.301008012E8,1.766316099395E8,1032665,6.75034396E7,9.163919178886E7,0.017238805970149176,1.3631,81.6,87.06,81.54,3594057.289,3.0376298141433E8,1435938,1842761.96,1.5573299004278E8,0.041304081,84.96,52.58,54.75,52.5,327230.42,1.758802768913E7,204901,169272.091,9097844.079,0.022437725803384666,53.77,1937.11,2053.52,1929.65,550825.4883,1.102883352283049E9,6360581,282877.29,5.66353976452963E8,0.028847246,1992.98,2036.51
2026-03-10T00:00:00,68432.16,71777,68391.41,32602.57726,2.2925256214405203E9,5176064,16453.82839,1.1572389671004455E9,0.022160194855752047,69948.63,1.3631,1.4427,1.3605,1.763139066E8,2.470304066345E8,1200724,8.25050205E7,1.1548733844756E8,0.017020028,1.3863,84.95,88.8,84.83,3643895.134,3.1574762725955E8,1345421,1804358.795,1.5640758046178E8,0.010828625235404917,85.88,53.77,55,53.43,348345.87,1.888617621534E7,207079,180614.737,9790689.537,0.001859773,53.87,1992.97,2088.19,1991,463411.8739,9.48509257026159E8,5226998,240013.7173,4.91126376680953E8,0.021841664241487608,2036.51,2051.97
2026-03-11T00:00:00,69948.64,71321,68977.91,27249.27542,1.9113005962341678E9,4759855,14015.31615,9.829718055997225E8,0.003477266,70191.86,1.3864,1.4112,1.3706,1.11034871E8,1.5430885885668E8,797517,5.11581392E7,7.10924427777E7,-0.001154151,1.3847,85.88,88.09,84.36,3182175.739,2.7458402230669E8,1160083,1642729.604,1.4177427971997E8,0.008150908,86.58,53.87,55.28,53.54,272644.402,1.485088085647E7,158910,127442.237,6941280.624,0.017263783,54.8,2036.5,2085.58,2007.17,350061.256,7.17032957206017E8,4730286,172446.7326,3.53640487903065E8,0.007591419,2051.97,2073.52
2026-03-12T00:00:00,70191.86,70800,69205.91,21997.1605,1.540745224510106E9,4344059,10545.03396,7.387581118989177E8,0.004978925,70541.34,1.3847,1.3936,1.365,8.96896073E7,1.2363972383376E8,612048,4.38778681E7,6.04715912967E7,-7.22E-05,1.3846,86.58,87.69,84.72,2913681.148,2.5146159054647E8,1011244,1514674.762,1.3073562026902E8,0.003003003,86.84,54.8,55,53.8,271228.185,1.474249711824E7,149964,145028.3,7884003.166,-0.004379562,54.56,2051.97,2095,2017.59,400507.8132,8.24458252126678E8,4757775,196694.8334,4.04852828040824E8,0.010502102857254338,2073.52,2092.22
2026-03-13T00:00:00,70541.34,73913.74,70386.01,35996.61678,2.591768526296147E9,5312490,18310.3426,1.3195306529586313E9,0.005509677,70930,1.3846,1.4528,1.3831,2.030747255E8,2.8796460726107E8,1088824,9.7464057E7,1.3822740229546E8,0.010327893,1.3989,86.83,92.98,86.71,4940378.617,4.4438286234735E8,1573489,2461290.957,2.2140656165744E8,0.015430677107323853,88.18,54.57,56.71,54.47,337868.652,1.879973664269E7,215260,167321.985,9315517.589,0.01356305,55.3,2073.51,2209.03,2070.12,599657.0399,1.279403180493586E9,6138489,300361.2151,6.41144458022528E8,0.009018481,2092.22,2096.16
2026-03-14T00:00:00,70930.01,71307.92,70317,13017.24737,9.213086309462769E8,1661739,6242.10104,4.418954053585625E8,0.003975046,71211.95,1.3988,1.4084,1.3834,5.82111065E7,8.120716082588E7,282488,2.63068489E7,3.669845550746E7,0.005289871,1.4063,88.17,88.71,86.51,1498143.039,1.3102305050446E8,452790,752963.058,6.581998583125E7,-0.001701066,88.03,55.3,55.84,54.37,225515.431,1.238898451032E7,106784,106081.929,5822628.852,-0.005786618,54.98,2092.21,2106.09,2061.6,152500.5822,3.17648583840042E8,1584458,73409.361,1.52930062524787E8,0.001883167,2096.16,2178.3
2026-03-15T00:00:00,71211.95,73199,70858.82,14037.30704,1.0073349552436514E9,2509013,7307.01776,5.244405197627765E8,0.022514339,72815.24,1.4063,1.4649,1.4021,9.74043997E7,1.3892839917402E8,574897,4.86583895E7,6.94304183751E7,0.030150039109720535,1.4487,88.04,93.23,87.36,2614547.105,2.3476748850501E8,884525,1425868.524,1.2812133386646E8,0.048506191071225675,92.3,54.98,56.41,54.69,247015.19,1.368932972171E7,128184,115518.4,6403421.561,0.023463077482721105,56.27,2096.16,2202.87,2083.35,280825.9377,5.98811241300968E8,3001730,146142.3746,3.11760540134007E8,0.039185940004579964,2178.3,2352.97
2026-03-16T00:00:00,72815.25,74909.08,72270.41,28409.53019,2.0958595115648637E9,5396482,15204.22255,1.1220451591994789E9,0.028420286742170908,74884.67,1.4488,1.5522,1.4357,2.185791636E8,3.264418863163E8,1383003,1.120913737E8,1.6729313130597E8,0.065092842,1.543,92.31,97.68,91.18,5621650.621,5.2805013414179E8,1713091,2939860.344,2.7630818964255E8,0.042253521126760625,96.2,56.28,59.23,55.82,587196.808,3.389891698737E7,269948,285016.798,1.646072919981E7,0.043184645459392206,58.7,2178.29,2386.02,2164.73,845892.7756,1.930037154480769E9,7409311,445819.396,1.017103594869559E9,0.080186384,2352.97,2317.39
2026-03-17T00:00:00,74884.67,76000,73399.19,24521.26636,1.8259767313326733E9,4863187,11791.2523,8.78396858780886E8,-0.013024161,73909.36,1.5429,1.607,1.4941,2.328447301E8,3.5747389614661E8,1680614,1.158181172E8,1.7802372093125E8,-0.016072586,1.5182,96.19,96.95,93.15,2833557.586,2.6810171495452E8,1112613,1375922.322,1.3028577310802E8,-0.016424116,94.62,58.69,59.26,57.31,402802.673,2.344015030041E7,214662,206304.377,1.201095444593E7,-0.010391823,58.09,2352.97,2376.66,2294.15,493831.1016,1.152094007668437E9,5596636,240136.5065,5.60589683752158E8,-0.015121315,2317.39,2203.39
2026-03-18T00:00:00,73909.37,74672.34,70500,23392.88093,1.6929498389777424E9,4733897,11709.17057,8.479054826972562E8,-0.036028184,71246.54,1.5182,1.5414,1.4359,1.395376856E8,2.065681455128E8,1028965,6.74911549E7,9.991070444566E7,-0.035239099,1.4647,94.61,95.65,88.55,3293861.558,3.0091740538526E8,1252844,1605377.893,1.4654402507621E8,-0.047981399,90.08,58.09,58.56,55.3,355225.613,2.011022413314E7,198224,160825.572,9103196.023,-0.03460148,56.08,2317.38,2350,2153.21,488040.8887,1.091022905103254E9,5684937,232364.5906,5.19214878002058E8,-0.049193273,2203.39,2137.81
2026-03-19T00:00:00,71246.55,71613.79,68793.35,22364.81819,1.5665739498604124E9,4972526,10489.13676,7.346346232873883E8,-0.018478652,69930,1.4648,1.4817,1.4219,1.189073526E8,1.725356647207E8,980129,5.51997983E7,8.012184337424E7,-0.011743019,1.4475,90.07,91.41,87,2609542.924,2.3209970487992E8,969701,1320188.037,1.1743725068552E8,-0.01321048,88.89,56.08,56.35,54.59,266053.615,1.470465070353E7,174237,130828.917,7226306.579,-0.009629101,55.54,2203.39,2233.72,2099.38,490791.679,1.055407061657721E9,6142160,235483.1788,5.06383264144461E8,-0.029763228,2137.81,2146.22
2026-03-20T00:00:00,69930.01,71367,69388,18121.16745,1.2738128406886704E9,4369971,8801.41211,6.187819382268149E8,0.008304447,70510.73,1.4475,1.4665,1.4248,8.79556836E7,1.2718619600855E8,699336,4.4839408E7,6.484993697772E7,-0.001588946,1.4452,88.9,90.45,88.13,2201411.538,1.9642107004267E8,829967,1141148.706,1.018419000551E8,0.010687366407919932,89.84,55.53,56.47,55.17,221084.585,1.231605112424E7,144094,109524.558,6101458.12,0.011343176089305051,56.17,2137.82,2176.84,2116.88,300156.1778,6.42995528130654E8,4595372,162200.144,3.4756218659691E8,0.003933932,2146.22,2084.87
2026-03-21T00:00:00,70510.73,71100.94,68571.42,13397.1675,9.42693882026424E8,1640086,6379.69313,4.491563609341547E8,-0.022586775,68918.12,1.4452,1.453,1.4003,5.71475109E7,8.205170057759E7,335146,2.60038834E7,3.73411156385E7,-0.025325215,1.4086,89.85,90.81,87.14,1241845.225,1.1125609232793E8,430506,589404.904,5.282314638536E7,-0.025378451,87.56,56.18,56.59,54.42,194699.709,1.087465156483E7,103200,95771.379,5352882.535,-0.024212213,54.81,2146.21,2168.27,2070.78,132559.4646,2.83144610716903E8,1375463,63249.5812,1.35224634234885E8,-0.02858514,2084.87,2053.89
2026-03-22T00:00:00,68918.12,69588.79,67360.66,14843.78682,1.0189264753196974E9,3269152,7292.32333,5.007000882518349E8,-0.015367802,67859,1.4087,1.4263,1.3712,7.71822064E7,1.0792696888544E8,712228,3.56148503E7,4.97839432724E7,-0.016896209,1.3848,87.55,89.2,85.14,2138087.131,1.8656007907073E8,792987,1065007.562,9.29675516258E7,-0.015532206,86.2,54.79,55.05,53.03,303410.591,1.641909936945E7,157394,149806.373,8108585.098,-0.0237183,53.51,2084.86,2127.21,2026,313070.5572,6.50684776658794E8,3577857,154345.7056,3.20941884725678E8,-0.01485944,2053.89,2152.03
2026-03-23T00:00:00,67859,71817.09,67445.18,28335.09119,1.980755169231694E9,6509730,14640.9723,1.0229707754557817E9,0.04490856,70906.45,1.3849,1.4661,1.3618,1.700652593E8,2.410269170104E8,1438671,8.29931587E7,1.1754709027273E8,0.034300982091276626,1.4323,86.21,92.26,85.11,4561706.388,4.0866871198439E8,1666603,2388137.442,2.1407148882523E8,0.060672854,91.43,53.51,56.16,53.27,361341.093,1.989071143721E7,236501,183217.794,1.008733220511E7,0.041300691,55.72,2053.9,2198.57,2023.04,614508.4369,1.308899803016499E9,7349668,310239.9864,6.60782033700741E8,0.047782501,2152.03,2156.23
2026-03-24T00:00:00,70906.45,71400,68923.07,20702.42244,1.4553612292099645E9,4191328,9731.85043,6.842540392949127E8,-0.004931991,70556.74,1.4323,1.435,1.3835,1.033805003E8,1.4574757947872E8,673812,5.33248578E7,7.518294686091E7,-0.011380297,1.416,91.44,92.22,88.42,3086042.526,2.7895955129154E8,1020843,1573214.538,1.423002862154E8,-0.006890517,90.8,55.73,56.5,55.05,251140.031,1.398851479047E7,152634,123546.971,6883814.462,0.011844938980617439,56.38,2152.03,2175.16,2103.02,316703.4728,6.7810564681039E8,4633093,152304.1675,3.26179427042751E8,0.001951646,2156.23,2169.02
2026-03-25T00:00:00,70556.74,72026.09,70408,17719.50066,1.2610179885394323E9,3298902,8819.77787,6.278749828921663E8,0.011051956198656478,71336.53,1.416,1.4379,1.4019,9.70408127E7,1.377125281866E8,535641,4.60675083E7,6.538809172888E7,-0.001059322,1.4145,90.8,93.47,90.71,2652534.798,2.4437331011937E8,844728,1385531.891,1.2764857752073E8,0.009911894,91.7,56.39,56.8,55.79,308934.412,1.740618272869E7,133351,146028.372,8228790.263,0.004788932,56.65,2156.22,2199.02,2146.35,275641.5255,5.99018681167746E8,3492121,139003.4847,3.02159076486272E8,0.005931649,2169.02,2060.43
2026-03-26T00:00:00,71336.53,71436.82,68153,20820.45768,1.447699734339839E9,3597702,10116.39467,7.036500015901196E8,-0.035272531,68820.31,1.4145,1.4165,1.336,1.308420254E8,1.7935716490353E8,632117,6.00125927E7,8.23128876859E7,-0.037893248,1.3609,91.7,91.98,85.45,3566192.736,3.138487207704E8,864864,1628293.113,1.4314798257771E8,-0.056379498,86.53,56.64,56.67,54.23,382513.198,2.099980053381E7,147781,164299.115,9021670.727,-0.036363636,54.59,2169.02,2172.19,2034.54,338010.6238,7.05496760970934E8,3890747,171588.2134,3.57646756153379E8,-0.050064084,2060.43,1992.75
2026-03-27T00:00:00,68820.31,69179.05,65548.25,28603.69557,1.917318222709913E9,4159306,14568.62853,9.76680026265681E8,-0.03506276,66407.28,1.3608,1.3726,1.3184,1.19257397E8,1.6004201149069E8,593277,5.61682505E7,7.53744590056E7,-0.025865236,1.3257,86.52,87.04,81.86,2840562.07,2.3909715426725E8,817296,1374893.666,1.1549913575521E8,-0.039523865,83.11,54.59,55.18,53.29,262999.776,1.424826728402E7,151570,120529.037,6532249.152,-0.015936985,53.72,2060.43,2077.19,1970.93,394873.5248,7.9410862900714E8,3909237,206051.2798,4.14754558991471E8,-0.032847512,1992.75,1994.74
2026-03-28T00:00:00,66407.28,67288.94,65932.09,11462.39847,7.626762554470605E8,1687368,5753.04124,3.829214122238488E8,-4.56E-04,66377.03,1.3256,1.3582,1.3191,5.37171263E7,7.196354371712E7,293074,2.61520385E7,3.501297504814E7,0.00573282,1.3333,83.11,84.29,81.69,1667010.099,1.3858635326362E8,451858,839405.538,6.980216157468E7,-0.012272891,82.09,53.71,54.93,53.26,269897.849,1.460559232613E7,116262,146392.985,7918076.544,0.002419955,53.85,1992.76,2047.45,1983.17,154831.8055,3.11328052147329E8,1569810,86378.919,1.7367314748441E8,9.986199974909092E-4,1994.74,1984.64
2026-03-29T00:00:00,66377.04,67130.5,65000,10052.85584,6.67003517605987E8,2146177,4769.42832,3.166740973501869E8,-0.005515462,66010.93,1.3333,1.3433,1.2954,6.13390186E7,8.123590940779E7,412127,2.96168339E7,3.921426656693E7,-0.004125103,1.3278,82.09,83.24,78.96,1624673.475,1.3261925769694E8,523110,775501.505,6.335437006667E7,-0.007918139,81.44,53.84,54.39,52.22,181661.454,9731298.209,119092,85287.9,4572820.008,-0.009842154,53.32,1994.74,2019.65,1938.82,166726.7382,3.3124965402983E8,2049808,87697.2438,1.74245244856979E8,-0.005063317,1984.64,2026.48
2026-03-30T00:00:00,66010.93,68169.65,65800.59,18353.38975,1.2346176908920753E9,3902849,9155.91893,6.15747978851381E8,0.011913784580826273,66797.37,1.3279,1.3669,1.3166,1.0020262E8,1.3470886012218E8,655782,5.27738244E7,7.095507956633E7,-0.002711252,1.3242,81.45,84.99,81.15,3025854.687,2.5260497645833E8,887139,1564663.742,1.3058918837782E8,0.013506876227897945,82.54,53.33,54.41,52.96,414289.211,2.22640437895E7,171920,191153.443,1.027178659316E7,3.7509377344341945E-4,53.34,1984.65,2085,1980.28,338304.4344,6.91966365082457E8,3886546,174062.2111,3.55924242290809E8,0.021081909,2026.48,2105.43
2026-03-31T00:00:00,66797.38,68589.49,65998.05,22105.40662,1.4901684874548745E9,4846820,10726.18262,7.233786927667619E8,0.022263002,68284.48,1.3242,1.3503,1.3038,1.013184138E8,1.3433978110057E8,677324,5.04078213E7,6.684217832348E7,0.012762422594774139,1.3411,82.55,84.62,80.08,4272567.426,3.5016860026211E8,1157793,2164590.908,1.7738543683912E8,0.007996123,83.2,53.34,54.29,53.13,332765.311,1.789081923599E7,161896,171657.225,9232269.365,0.01143607,53.95,2026.48,2124.03,2012.64,421897.9023,8.74387220206194E8,5013796,218379.1286,4.52866534126971E8,0.03895918,2105.43,2140.35
2026-04-01T00:00:00,68284.49,69310,67578.75,19020.1899,1.3017082270745244E9,3741910,9702.49844,6.641260339269131E8,-0.002497786,68113.92,1.341,1.3683,1.3314,8.6898811E7,1.1739672133357E8,504793,4.43532883E7,5.991445819938E7,0.004995899,1.3478,83.19,86.65,80.77,4676736.12,3.9037550093046E8,1221698,2333531.443,1.9479717267961E8,-0.024278846,81.18,53.94,54.78,53.72,398752.553,2.15999117936E7,147646,197862.459,1.071953121129E7,-0.002409639,53.82,2105.43,2167.85,2082.08,399227.3779,8.52017259878771E8,4211533,203721.1114,4.34880842712559E8,0.016585685584417472,2140.35,2057.17
2026-04-02T00:00:00,68113.92,68653.38,65712.12,20203.47916,1.3492234615270572E9,4189133,10090.6562,6.738154638757505E8,-0.017792692,66901.99,1.3477,1.3569,1.2802,1.328715597E8,1.7386755112521E8,701799,6.59281594E7,8.623600874453E7,-0.020626206,1.32,81.19,81.77,76.7,4210024.263,3.3287712459013E8,1149760,2218883.41,1.7543755400219E8,-0.027593003,78.94,53.82,54.12,51.4,346503.9,1.810550392199E7,172486,168588.781,8805000.56,-0.028428094,52.29,2140.35,2159.37,2017.04,346872.8323,7.16548524665744E8,4462923,161146.8702,3.32893735583132E8,-0.038862803,2057.17,2053.83
2026-04-03T00:00:00,66901.99,67370.42,66282,11429.13131,7.635356069777881E8,2023104,5535.26988,3.698594093227177E8,9.313624303252813E-4,66964.3,1.32,1.3356,1.3033,6.47840533E7,8.539455707847E7,350966,3.16100956E7,4.166440610016E7,-0.001212121,1.3184,78.95,80.91,78.85,2230839.74,1.7818000668359E8,585265,1241609.842,9.922379492358E7,0.01849506,80.4,52.29,53.49,52.14,195542.014,1.034849252488E7,99499,96012.854,5081427.764,0.01816791,53.24,2057.18,2081.76,2040.66,136266.6393,2.80140562112841E8,1741595,64849.8016,1.3333903925233E8,-0.00162359,2053.83,2065.52
2026-04-04T00:00:00,66964.29,67562.93,66775.91,7373.51613,4.949320174232442E8,1356179,3701.32932,2.484898799959024E8,0.005019391,67300.42,1.3183,1.3226,1.3067,2.99750109E7,3.940133781849E7,171364,1.6136639E7,2.121013281462E7,-0.002351335,1.3153,80.39,81.61,79.57,1562930.767,1.260248141398E8,339581,778904.625,6.27952407296E7,0.005348259,80.83,53.23,53.86,52.99,149737.599,7996437.396,67311,72054.586,3848368.029,0.006574005,53.59,2053.83,2084,2044.63,86504.4406,1.78054333996784E8,1246022,42789.6573,8.8100430809662E7,0.005691805,2065.52,2110.17
2026-04-05T00:00:00,67300.42,69136.2,66611.66,11733.46752,7.916619773234503E8,2106257,5791.55692,3.910914721386122E8,0.025761503420038016,69034.18,1.3154,1.332,1.2787,7.43142668E7,9.672290221271E7,369116,3.65761533E7,4.762390268834E7,0.008363111,1.3263,80.84,82.13,78.52,1732438.558,1.387441908724E8,530668,857730.959,6.871342178504E7,0.013113942843003863,81.89,53.59,54.21,52.59,154164.553,8205431.344,84781,74832.935,3983718.047,0.009703303,54.11,2065.51,2123.49,2021.5,157353.3199,3.24727424312346E8,2504865,78363.4974,1.61754815545079E8,0.021616832565165233,2110.17,2107.16
2026-04-06T00:00:00,69034.18,70351.46,68300,20281.61044,1.4080201730961628E9,4695523,10149.79257,7.047978016383992E8,-0.002614937,68853.66,1.3264,1.3577,1.3122,1.043457907E8,1.3993324570375E8,582783,4.98500773E7,6.684934093235E7,-0.003845284,1.3212,81.89,83.2,79.6,2730370.564,2.2371885815637E8,836312,1352929.853,1.1088947901967E8,-0.022713396,80.03,54.12,54.64,53.2,251244.43,1.36096557216E7,116245,121886.022,6601494.606,-0.010718906,53.53,2110.17,2174.79,2087.5,356054.2894,7.61391237671373E8,5330366,180414.5093,3.85813662231182E8,-0.001426425,2107.16,2240.01
2026-04-07T00:00:00,68853.66,72761,67732.01,23750.49661,1.649637855842697E9,4871706,12465.18271,8.667300892310435E8,0.044595450699352765,71924.22,1.3211,1.3962,1.2949,1.307029954E8,1.7415593796025E8,758728,6.7718962E7,9.01964784771E7,0.043521041,1.3787,80.03,87.02,78.38,4312598.52,3.5201923678463E8,1320957,2196613.788,1.7932672989516E8,0.069099088,85.56,53.52,55.74,52.91,313030.401,1.683626337129E7,153619,151630.93,8158155.339,0.034186438,55.36,2107.16,2273.87,2060.24,460094.8093,9.86211206778875E8,5189711,239252.9777,5.13077515537625E8,0.063046945,2240.01,2190
2026-04-08T00:00:00,71924.22,72857,70707.23,19802.68627,1.4184841880521238E9,3843988,9570.20189,6.856662768388308E8,-0.01187764,71069.93,1.3786,1.3898,1.3389,1.248557333E8,1.7094340716364E8,665297,6.12980574E7,8.395380495898E7,-0.026039022,1.3428,85.56,85.9,82.24,2952758.548,2.4817677753562E8,910454,1433720.963,1.2051256771634E8,-0.034946237,82.57,55.36,55.59,53.89,262118.262,1.438160428379E7,117516,127241.579,6982534.506,-0.025469653,53.95,2240.01,2270.55,2179.78,404717.6321,9.02920921749915E8,4339985,190983.3243,4.26109014229703E8,-0.022325793,2190,2190.2
2026-04-09T00:00:00,71069.93,73145,70466,18158.42159,1.300323816009336E9,3773025,9604.31771,6.87990251043167E8,0.010103288409036118,71787.97,1.3428,1.3696,1.3218,1.122656141E8,1.5040307858352E8,552805,5.52285127E7,7.399647114722E7,7.447125409592731E-4,1.3438,82.56,85.95,81.4,2775927.629,2.3102318206021E8,900238,1450802.075,1.2087271371972E8,0.009204311,83.33,53.94,55.28,53.62,248302.357,1.348471076247E7,118079,123095.902,6685776.034,0.011121408711770052,54.55,2190,2246,2157.31,275317.9503,6.04408302665429E8,3756386,135540.5413,2.97732725565674E8,9.132420091315895E-5,2190.2,2245.05
2026-04-10T00:00:00,71787.98,73434,71426.15,17372.63288,1.259195636055663E9,3176308,8819.74841,6.397059025013963E8,0.016363884,72962.7,1.3438,1.366,1.3348,7.97859967E7,1.0749416628678E8,395652,3.78534754E7,5.099048317794E7,0.009004316,1.3559,83.33,85.67,82.62,2186078.343,1.8358649142502E8,684681,1137103.618,9.544683946211E7,0.018000720028801154,84.83,54.55,55.52,54.23,227586.41,1.249188961623E7,111160,112640.857,6181282.864,0.00751604,54.96,2190.17,2257.99,2176.1,272899.0858,6.05992300076126E8,2929213,132077.3122,2.93534507028314E8,0.025043375034243615,2245.05,2284.99
2026-04-11T00:00:00,72962.71,73790,72513.09,9070.94374,6.624371137096702E8,1472041,4673.47605,3.412690099930418E8,0.001102755,73043.16,1.3559,1.3752,1.3394,5.70953563E7,7.731914101944E7,301231,2.66083811E7,3.604231716565E7,-9.59E-04,1.3546,84.83,86.26,83.8,1570901.883,1.3325053399659E8,479797,811280.276,6.88465999871E7,0.001178828,84.93,54.96,55.71,54.35,181747.445,9972879.681,84794,87231.945,4785715.362,0.001819505,55.06,2245.06,2329.93,2229,214785.4039,4.88370993146922E8,1929651,107238.9877,2.43918090904994E8,0.017790249660363733,2284.99,2191.65
2026-04-12T00:00:00,73043.16,73137.24,70505.88,13472.46801,9.628258918165911E8,2068779,6326.31289,4.518538878110209E8,-0.031518078,70740.98,1.3547,1.3559,1.3193,7.02457711E7,9.350146937078E7,368425,3.46502144E7,4.611536670329E7,-0.022072937,1.3247,84.94,85,81.27,2174791.866,1.7904809672296E8,639807,1035637.218,8.525854555518E7,-0.040032968,81.53,55.06,55.06,53.36,208716.671,1.123919209643E7,103682,96694.546,5205978.372,-0.028695968,53.48,2285,2288.57,2175,258156.8821,5.71520838841888E8,2575808,125658.2437,2.78162577109033E8,-0.040849194,2191.65,2369.46
2026-04-13T00:00:00,70741.56,74900,70566.99,24230.21625,1.753370318184166E9,3673539,12639.79905,9.147837738511786E8,0.0519785,74417.99,1.3246,1.3839,1.3193,1.054507012E8,1.4172610152109E8,526222,5.24812431E7,7.048653333122E7,0.038423794,1.3756,81.54,86.81,81.4,2950390.415,2.4688104341407E8,1038169,1566990.352,1.3115198259805E8,0.061081810376548556,86.51,53.49,54.76,52.66,330733.726,1.765927914637E7,140451,167332.906,8936778.076,0.02131638,54.62,2191.64,2394.71,2175.68,453870.8292,1.029253015586254E9,4527557,234599.9045,5.31843331731738E8,0.081130655,2369.46,2322.44
2026-04-14T00:00:00,74418,76038,73795.47,26532.94456,1.98272898960722E9,4033448,13313.88956,9.956944409989893E8,-0.003849069,74131.55,1.3757,1.3955,1.3521,1.030425995E8,1.4126698485634E8,530040,4.97529743E7,6.82199859827E7,-0.010104682,1.3617,86.51,87.67,83.3,3532984.692,3.0258316925849E8,949683,1751000.134,1.5007526769665E8,-0.032250607,83.72,54.62,55.27,54.01,323202.379,1.762837651403E7,133440,152700.859,8328928.662,-0.006224826,54.28,2369.46,2415.5,2302.9,460107.3841,1.087699649074122E9,3689565,226148.4763,5.34958937284315E8,-0.019844184,2322.44,2359.95
2026-04-15T00:00:00,74131.55,75425,73514,14425.04167,1.0714486125370219E9,3187792,7014.01981,5.211122651711658E8,0.009151839,74809.99,1.3617,1.4086,1.3503,1.094939544E8,1.5054773654314E8,518292,5.35618077E7,7.361688880821E7,0.022398472497613422,1.3922,83.72,85.83,82.65,2602448.593,2.1851845854018E8,866567,1313551.259,1.1030020848276E8,0.014094601051122872,84.9,54.28,55.65,53.78,261668.064,1.431792882715E7,121677,131793.619,7215354.144,0.016028002947678654,55.15,2322.44,2385.61,2308.5,268190.6377,6.27841344479089E8,3232871,126442.7153,2.95982409848983E8,0.016151117,2359.95,2348.17
2026-04-16T00:00:00,74809.99,75534.76,73309.85,17088.68777,1.2748941237496114E9,3581890,8601.69794,6.41950287248219E8,0.004602327,75154.29,1.3922,1.4664,1.3865,1.554272421E8,2.2087059221472E8,1029873,7.40870549E7,1.0528613781193E8,0.043671886,1.453,84.9,90.53,83.8,3940291.341,3.4253892172054E8,1188495,2104470.318,1.8317949387041E8,0.048881036513545244,89.05,55.16,56.61,54.59,329669.004,1.833155896583E7,176731,168825.375,9394314.038,0.021940163,56.36,2359.94,2369.59,2285.1,328960.9377,7.67882725893263E8,3793210,155922.2439,3.63994207031231E8,-0.004991631,2348.17,2419
2026-04-17T00:00:00,75154.28,78333,74529.4,25941.36694,1.98734320884067E9,4931167,14435.4773,1.1065873610045395E9,0.025516973149503595,77072,1.453,1.51,1.4225,1.558663371E8,2.2876788059186E8,1067860,7.36150446E7,1.0798332040167E8,0.015622849277357152,1.4757,89.06,90.73,87.34,4237208.388,3.7730728279799E8,1177055,2275080.6,2.0265171747248E8,-0.003256597,88.76,56.36,57.42,55.34,340755.368,1.926680750504E7,173098,175007.746,9899596.276,5.322924059616951E-4,56.39,2348.16,2464.91,2317.43,491731.3615,1.182467392606106E9,4541654,252564.9694,6.07785958798977E8,0.030163915,2419,2350.32
2026-04-18T00:00:00,77072.01,77420.08,75445.16,9141.84456,6.980085679340073E8,1941112,4333.78362,3.309181125519663E8,-0.017908449,75691.76,1.4757,1.4823,1.4235,8.2670483E7,1.1954644418719E8,621913,3.86626211E7,5.590173894468E7,-0.029409772,1.4323,88.77,89.16,85.78,1893190.543,1.6524922553869E8,560071,863736.099,7.5386662887E7,-0.029292474,86.16,56.39,56.66,55.24,230684.754,1.290883734349E7,123389,105372.968,5897629.61,-0.013122894,55.65,2419,2427.64,2339.92,221741.3888,5.26019366775183E8,2045925,98727.0694,2.34161468610884E8,-0.028391897,2350.32,2263.27
2026-04-19T00:00:00,75691.76,76240.66,73762.9,11369.82232,8.549153704407915E8,2739751,5458.61875,4.106544870526324E8,-0.024969297,73801.79,1.4324,1.447,1.3909,9.04139399E7,1.2854726886372E8,716932,4.36899451E7,6.214078159198E7,-0.026600573,1.3942,86.15,87.12,82.94,2594849.065,2.2110542300326E8,769677,1270518.854,1.0834024085943E8,-0.031220984,83.47,55.66,55.82,53.91,228336.314,1.256278261466E7,130120,104072.897,5729497.455,-0.028571429,54.06,2350.33,2355.3,2252.72,256086.8276,5.9110851309305E8,2728260,119800.9019,2.76635006888945E8,-0.03703751,2263.27,2313.85
2026-04-20T00:00:00,73801.8,76558.62,73724.31,16993.41034,1.2805039143710752E9,3563591,8812.70109,6.640691759657189E8,0.027630495141107117,75840.97,1.3943,1.4369,1.3933,9.95758115E7,1.4126939785089E8,658856,5.05007003E7,7.161681213526E7,0.021589441973891687,1.4243,83.47,86.22,83.34,2300346.75,1.9574770512717E8,755776,1199663.506,1.0208912171035E8,0.021684437522463188,85.28,54.06,55.44,53.99,265247,1.456591868008E7,133272,138629.401,7612635.252,0.017943026267110595,55.03,2263.28,2346.78,2259.67,301000.0659,6.94052197978693E8,3751621,149027.6285,3.43672032590961E8,0.022348195310325294,2313.85,2327.14
2026-04-21T00:00:00,75840.97,76927.57,74821.57,14912.57132,1.132118272558311E9,3616213,7672.96288,5.826596549138548E8,0.006529189,76336.15,1.4244,1.45,1.4116,8.52781806E7,1.2198605230914E8,567920,4.28038625E7,6.122527247515E7,0.006389103,1.4334,85.29,86.89,84.31,2111587.269,1.8068988518477E8,789037,1094282.274,9.36701182769E7,0.008794559,86.03,55.03,55.88,54.67,253718.736,1.401388984161E7,127262,132180.255,7301954.331,0.009812829,55.57,2313.84,2338.75,2284.19,226645.977,5.2418694963958E8,3398934,108621.4578,2.51286503845979E8,0.005743674,2327.14,2374.07
2026-04-22T00:00:00,76336.14,79472.82,76132.95,19737.51225,1.5437320855463338E9,3757077,10376.12434,8.11313167070367E8,0.024131161972407594,78178.23,1.4335,1.4626,1.4268,8.34291814E7,1.2084179814579E8,513323,4.09050206E7,5.923689990947E7,-0.002790568,1.4294,86.04,89.32,86.01,3154871.835,2.7731296848886E8,814469,1730943.426,1.5214468451329E8,0.009764036,86.87,55.57,56.55,55.48,267526.056,1.50095849084E7,126136,134842.015,7567849.829,-0.001439626,55.49,2327.15,2423.75,2312.95,379707.1259,9.06985929200687E8,4230243,191758.2678,4.5799692349354E8,0.020166384,2374.07,2330.26
2026-04-23T00:00:00,78178.22,78662.5,76960,16970.79501,1.3213496983542461E9,3571796,7760.75572,6.043221343078095E8,0.001013709,78257.48,1.4293,1.441,1.409,9.21839774E7,1.3141415533569E8,546775,5.00090447E7,7.133164633761E7,0.006436267,1.4386,86.86,87.18,84.48,2894663.239,2.4838134737972E8,789600,1551557.114,1.3314299682914E8,-0.00863359,86.12,55.5,56.23,54.9,233231.953,1.293675572858E7,139554,109367.704,6068210.758,0.012975311,56.21,2374.08,2382,2285.42,356645.6923,8.31612346681225E8,4079579,169637.8993,3.95788711633604E8,-0.018453542,2330.26,2314.99
2026-04-24T00:00:00,78257.48,78581.93,77264.08,12675.14315,9.869325646001965E8,2581973,6148.06393,4.78778657353311E8,-0.010482704,77437.13,1.4386,1.4503,1.4239,6.62291285E7,9.510599107739E7,418281,3.1418267E7,4.51215702502E7,-0.003614625,1.4334,86.12,86.94,84.92,1818574.663,1.5636025167295E8,545936,918892.981,7.899191793927E7,6.967022758941276E-4,86.18,56.21,56.76,55.75,233846.698,1.316276242094E7,102714,118593.618,6676577.12,0.005870841,56.54,2330.27,2337.5,2300.22,183887.6181,4.26084826217819E8,2413824,88184.8381,2.04323992883765E8,-0.006552917,2314.99,2319.5
2026-04-25T00:00:00,77437.13,77885.35,77140.23,5685.1142,4.406840043451535E8,806542,2999.85355,2.325677408198693E8,0.002426097,77625,1.4333,1.4377,1.4187,2.63465586E7,3.762680397471E7,162830,1.22087576E7,1.744145632529E7,-0.006697363,1.4238,86.18,86.8,85.53,1033932.436,8.908375112267E7,300075,513711.595,4.425086559785E7,0,86.18,56.55,56.72,55.91,141641.823,7980343.258,69859,69247.774,3901976.912,-0.008666431,56.05,2314.98,2323.21,2300.55,68139.2191,1.57673587538543E8,658757,33589.8529,7.7727130994055E7,0.001948173,2319.5,2369.44
2026-04-26T00:00:00,77625,78961,77326.51,7963.56162,6.219919734848E8,1476971,3981.86566,3.111495946071661E8,0.013301771336553983,78657.55,1.4238,1.4366,1.418,3.00243677E7,4.283707914942E7,230769,1.45979017E7,2.082838532123E7,0.004846186,1.4307,86.19,87.32,85.84,1453501.452,1.2572737039517E8,380657,735165.507,6.359274368955E7,0.008702715,86.93,56.05,56.48,55.75,151412.239,8498403.832,74315,74747.712,4196298.51,0.004103479,56.28,2319.49,2380,2306.72,154591.6219,3.63039217940693E8,1508570,76876.1717,1.80579327354915E8,0.021530502263418863,2369.44,2303.67
2026-04-27T00:00:00,78657.55,79485.66,76459.64,16046.92418,1.2478335500841923E9,2982889,7712.53219,6.001224225927734E8,-0.016352276,77371.32,1.4308,1.4466,1.3836,7.31552981E7,1.0318723314259E8,464442,3.63680113E7,5.12886545149E7,-0.020968757,1.4007,86.93,88.08,83.63,3009101.691,2.5801918738674E8,737519,1583431.358,1.3590045508456E8,-0.024272403,84.82,56.28,56.8,54.95,255326.831,1.420708716275E7,122144,122908.03,6839081.344,-0.012615494,55.57,2369.45,2404.37,2266.09,300363.8586,6.97653543100754E8,3192282,143798.2975,3.34290742028397E8,-0.027757614,2303.67,2289.42
2026-04-28T00:00:00,77371.32,77478,75666.6,13210.72383,1.0104126735550212E9,2352446,6518.95469,4.986814161989518E8,-0.013293686,76342.77,1.4008,1.4009,1.3677,5.32342454E7,7.365757496158E7,320064,2.36852956E7,3.275863694567E7,-0.014421361,1.3805,84.82,84.93,82.98,1664394.443,1.3951526233159E8,397883,903890.968,7.577549532337E7,-0.008960151,84.06,55.56,55.79,54.67,182047.015,1.005428930903E7,84905,83481.022,4612752.254,0.002519345,55.71,2303.66,2310.88,2258.24,187932.2201,4.29094630508975E8,2346992,94578.0797,2.15948355744806E8,-0.006185782,2289.42,2252.9
2026-04-29T00:00:00,76342.78,77904.93,74937.52,18279.93022,1.3997358583455281E9,3032890,9680.02112,7.412797415187618E8,-0.007371621,75780,1.3806,1.4067,1.3458,7.41948798E7,1.0203283977557E8,474018,3.74034161E7,5.146028974986E7,-0.008257878,1.3691,84.06,85.56,81.4,2576063.596,2.1570289297072E8,581305,1182001.869,9.89226583919E7,-0.01213419,83.04,55.7,57.71,54.35,407969.758,2.282182726244E7,188804,191589.136,1.072260931626E7,-0.007000539,55.32,2289.42,2346.95,2220.36,355078.1015,8.11555243527633E8,3588292,178999.8027,4.09301744342773E8,-0.015951638,2252.9,2257.51
2026-04-30T00:00:00,75780,76669.14,75323.65,10381.81607,7.90584591689154E8,2569480,5585.19124,4.253113832018324E8,0.007476511,76346.57,1.3692,1.3847,1.3591,5.11103891E7,7.004633572061E7,365359,2.15463669E7,2.953079016271E7,-8.76E-04,1.3679,83.05,84.01,82.16,1372591.611,1.1414709921202E8,481530,735437.679,6.116991008091E7,6.021194605009291E-4,83.09,55.32,55.99,54.93,195777.274,1.086825184975E7,106126,90877.519,5046319.637,-0.002349964,55.19,2252.9,2279,2231.64,167194.2776,3.77557889671635E8,2649837,83993.1124,1.89738754617926E8,0.002046251,2257.51,2295.63
