date,BTC.high,BTC.low,BTC.volume,BTC.numberOfTrades,BTC.takerBuyBaseAssetVolume,BTC.close,SOL.high,SOL.low,SOL.volume,SOL.numberOfTrades,SOL.takerBuyBaseAssetVolume,SOL.close,ETH.high,ETH.low,ETH.volume,ETH.numberOfTrades,ETH.takerBuyBaseAssetVolume,ETH.close
2025-12-31T00:00:00,89200.0,87250.0,11558.62047,2897396,5432.03408,87648.22,132.75,122.99,2941643.658,966712,1511491.268,124.65,3028.08,2958.91,233729.5887,2935432,116217.5263,2971.64
2026-01-01T00:00:00,88919.45,87550.43,6279.57133,1449281,3123.64536,88839.04,127.25,124.15,1733664.978,515257,852972.092,126.9,3010.0,2971.15,136088.5207,1338212,66477.086,3004.19
2026-01-02T00:00:00,90961.81,88379.88,17396.97301,5010211,8929.35447,89995.13,133.25,125.84,2924227.372,1348954,1522741.331,132.29,3150.01,2992.49,369891.2449,5276480,195057.0391,3125.45
2026-01-03T00:00:00,90741.16,89314.01,7057.46716,1684214,3791.72083,90628.01,133.99,129.6,1520623.499,637040,750641.795,133.37,3136.71,3076.0,134405.2258,1823251,66789.8067,3127.11
2026-01-04T00:00:00,91810.0,90628.0,10426.5297,2207037,5320.99389,91529.73,135.54,133.12,1809269.113,892859,891018.315,134.12,3167.22,3118.75,181576.0686,2261499,94783.8698,3144.7
2026-01-05T00:00:00,94789.08,91514.81,20673.59584,5485489,10892.9695,93859.71,139.87,133.18,3327567.484,1633145,1712601.556,137.9,3265.66,3135.02,382446.6618,5401982,188956.4336,3224.99
2026-01-06T00:00:00,94444.44,91262.94,18546.41829,5018686,8108.82157,93747.97,143.48,136.19,3771795.117,1877400,1879675.868,141.08,3308.86,3183.27,412503.5066,5310071,204316.7995,3296.84
2026-01-07T00:00:00,93747.97,90675.52,14276.49025,4340252,6714.86954,91364.16,141.4,134.41,2321642.178,1424664,1134923.82,136.39,3296.84,3125.42,321350.1225,4839276,154644.9184,3168.72
2026-01-08T00:00:00,91687.99,89311.0,16132.79117,4923472,8192.07574,91099.99,140.07,132.67,3113437.835,1555663,1570298.608,138.37,3184.39,3054.65,343616.1005,4982423,167834.9366,3106.65
2026-01-09T00:00:00,92082.55,89694.66,15590.27939,4155703,8512.4327,90641.28,141.17,134.98,3778547.996,1559427,1915953.782,135.97,3148.41,3058.69,274587.4533,4182570,137269.6714,3088.4
2026-01-10T00:00:00,90832.0,90404.0,3104.11722,766357,1551.97383,90504.7,137.05,135.37,1000837.004,419628,495750.86,135.84,3104.12,3077.99,82341.0546,881069,44689.1628,3086.72
2026-01-11T00:00:00,91283.89,90236.0,5477.13594,1282029,2868.36168,91013.65,141.6,135.75,2209913.206,857832,1211661.371,139.7,3147.27,3084.46,149381.2965,1522502,77521.2191,3123.45
2026-01-12T00:00:00,92519.95,90128.44,16188.08268,4099509,8092.5428,91296.2,144.4,138.34,4160120.091,1815385,2063458.502,139.22,3171.49,3065.55,297373.4681,4303605,145169.9489,3095.75
2026-01-13T00:00:00,96495.0,91042.66,23021.51482,5025071,12405.23056,95414.0,148.74,137.82,4195082.468,1781041,2143169.55,145.51,3367.79,3091.96,457782.2816,4876916,239733.9448,3325.82
2026-01-14T00:00:00,97924.49,94559.28,22851.89428,5346212,11974.98829,96951.78,148.44,143.37,3695077.378,1481363,1801988.737,146.69,3402.89,3280.48,503440.0759,5351410,242601.2111,3354.92
2026-01-15T00:00:00,97193.34,95134.48,21725.81369,4493095,10841.32767,95604.8,146.73,140.9,2462143.139,1301300,1160862.142,142.4,3384.19,3273.72,389993.836,4766390,182106.0811,3318.69
2026-01-16T00:00:00,95871.47,94293.46,11167.7146,2971559,5055.06952,95550.94,145.55,140.26,1900879.026,1014424,919897.252,144.89,3326.79,3253.01,223921.7876,3528248,109159.1615,3296.28
2026-01-17T00:00:00,95639.45,95021.67,4280.80137,1020527,2059.85283,95147.77,144.99,143.32,835154.761,392089,412414.642,143.72,3330.26,3283.96,124325.0303,1229614,68643.5852,3310.56
2026-01-18T00:00:00,95531.12,93615.4,6895.17819,1488785,3107.35604,93673.14,144.0,137.74,1877438.698,712971,837209.507,137.87,3368.82,3278.86,173354.3026,2227452,93056.7992,3284.03
2026-01-19T00:00:00,93673.14,91910.2,14295.52747,3359066,6906.84245,92631.0,137.87,130.0,2972524.77,1113535,1483332.486,133.44,3284.58,3165.38,442540.5596,4406164,225707.6739,3189.55
2026-01-20T00:00:00,92870.0,87895.98,22007.3261,6064031,9629.19624,88427.66,134.63,124.68,3532423.88,1665250,1594052.788,125.8,3200.5,2920.0,518166.4787,7228638,251605.1302,2939.88
2026-01-21T00:00:00,90574.0,87263.53,20617.50372,6419053,10265.21302,89454.73,132.17,125.26,3161736.36,1568002,1657610.92,129.54,3069.07,2866.11,577800.2481,8064316,296961.807,2982.27
2026-01-22T00:00:00,90359.99,88515.37,10825.50492,3743412,5529.54766,89559.67,130.94,126.73,1811586.462,1016749,905017.042,128.47,3038.33,2906.02,291660.7349,4696521,144410.7947,2952.69
2026-01-23T00:00:00,91224.99,88578.36,13918.48919,4619907,6911.17668,89600.26,130.2,125.28,2044063.077,1068593,1074378.357,127.43,3019.26,2892.4,318415.3317,5479038,159251.2529,2956.41
2026-01-24T00:00:00,89957.39,89162.08,4226.56737,959854,1835.96939,89225.34,128.12,126.64,807419.995,331896,367986.146,127.21,2970.41,2943.84,92082.9039,1185149,41483.2107,2953.22
2026-01-25T00:00:00,89319.13,86074.72,14426.22019,3720178,6269.27657,86670.36,127.46,117.15,4540879.449,1232391,2403987.331,118.85,2960.29,2787.0,380186.5326,4637787,165133.7717,2816.89
2026-01-26T00:00:00,88860.0,86509.63,17766.51453,4798083,9428.94206,88347.08,125.6,118.53,2355751.363,1187889,1159271.555,124.24,2951.21,2812.37,485169.3372,5933570,239396.1448,2930.35
2026-01-27T00:00:00,89523.16,87304.33,13125.40425,3787336,6722.86937,89250.0,127.84,123.12,2036509.042,1006079,1012080.68,127.19,3035.08,2899.77,478792.3988,5278439,229630.1728,3026.77
2026-01-28T00:00:00,90600.0,88833.65,14332.18502,4385791,7015.44336,89299.99,128.34,124.78,1997863.528,1065285,990296.273,125.35,3045.78,2983.67,296607.6549,5061029,154557.6064,3010.78
2026-01-29T00:00:00,89348.0,83383.33,30431.38201,5598749,12385.58906,84650.16,125.51,115.39,3730613.473,1444201,1863128.834,117.82,3013.5,2754.53,561288.5979,6779608,270939.8171,2822.59
2026-01-30T00:00:00,84735.75,81118.0,35195.84793,8998829,16749.59784,84260.49,119.12,112.14,4761006.742,1991218,2428166.266,117.59,2828.65,2636.01,793279.6252,10661631,388766.163,2707.38
2026-01-31T00:00:00,84270.02,75719.9,39491.89133,7384976,17959.61358,78741.09,118.85,96.4,8567398.326,3248600,4092929.327,105.58,2714.64,2250.0,1113097.7132,9305297,520430.2055,2451.95
2026-02-01T00:00:00,79424.0,75700.0,25395.48168,8001906,12031.74392,76968.21,106.69,98.02,4204256.051,2202213,2052275.136,100.79,2475.98,2222.0,1026573.9466,11038637,455879.6449,2270.15
2026-02-02T00:00:00,79360.0,74604.0,42273.59016,10085578,21480.45115,78738.61,106.12,95.95,5574032.681,2856979,2663023.902,104.55,2396.62,2157.14,1248535.2114,11149156,614416.942,2347.02
2026-02-03T00:00:00,79186.81,72945.5,39120.10889,9199445,17304.88253,75770.21,105.1,96.64,4514018.115,2135637,2227613.325,97.89,2359.88,2110.0,1321099.3867,11643770,666418.2157,2233.72
2026-02-04T00:00:00,76971.52,71888.0,38375.36,10724002,17274.35569,73165.83,99.67,89.3,6251459.371,2940009,3095939.216,92.12,2295.74,2076.68,1264743.43,10912540,609896.0952,2148.26
2026-02-05T00:00:00,73341.18,62345.0,106298.82899,15364010,49042.65006,62909.86,93.43,77.6,1.024335548E7,4871571,4836738.921,78.35,2173.77,1818.18,1952286.6951,13667587,967965.2824,1826.83
2026-02-06T00:00:00,71751.33,60000.0,92539.21531,13228528,49477.51198,70580.26,89.84,67.5,1.1811095766E7,3980604,5773154.785,87.46,2093.94,1747.8,2102311.5573,12362731,1189792.5763,2063.38
2026-02-07T00:00:00,71690.07,67300.0,44255.48036,7167427,18766.22233,69289.38,89.2,84.16,4486649.48,1746041,2188177.051,87.59,2121.7,1994.57,1142616.4487,7938360,548585.9421,2087.08
2026-02-08T00:00:00,72271.41,68888.0,21420.53168,4870449,11435.75238,70330.38,89.08,85.77,2534998.683,1040850,1312312.593,86.99,2152.03,2064.1,482837.2515,4379045,228020.7596,2089.74
2026-02-09T00:00:00,71453.53,68308.0,29152.72842,6644769,13854.63486,70138.0,88.69,82.86,3667652.416,1641253,1730490.081,86.77,2147.73,2008.62,625378.5569,6331904,315446.5313,2105.02
2026-02-10T00:00:00,70527.59,67800.0,20373.77072,4558658,9237.21056,68841.29,87.49,81.91,2975212.105,1118002,1398749.372,82.99,2124.71,1989.38,574321.6908,5159394,276990.265,2022.67
2026-02-11T00:00:00,69292.88,65756.0,28718.24602,6956577,14335.50997,67082.52,84.39,78.04,3814913.32,1519961,1909861.395,79.3,2032.31,1903.19,529655.8177,6450810,259017.7416,1941.18
2026-02-12T00:00:00,68410.52,65118.0,24271.74283,6778280,12101.72511,66272.17,82.25,76.6,3196230.117,1324436,1622269.948,78.4,2001.42,1897.24,427567.1469,5262808,212467.499,1947.85
2026-02-13T00:00:00,69482.97,65872.46,20244.54955,6450842,10425.24887,68853.96,85.63,77.53,3370390.272,1245544,1651859.713,84.33,2073.68,1924.72,425649.7698,4695571,215643.6192,2048.72
2026-02-14T00:00:00,70560.01,68730.13,18114.78393,3803163,7857.93423,69822.95,88.9,84.21,2698607.215,771870,1378612.079,88.06,2107.67,2042.37,220677.2355,2720271,110065.542,2086.59
2026-02-15T00:00:00,70983.0,68000.0,22290.05208,4598633,8861.59262,68832.58,91.26,84.89,3929085.4,1210120,1880755.574,86.16,2103.32,1928.88,834778.0952,5864311,323503.2298,1966.58
2026-02-16T00:00:00,70126.67,67294.11,15515.76534,5233849,8153.4314,68892.43,86.93,82.55,3559751.811,1097748,1807368.413,86.45,2023.51,1937.24,351347.9433,4476026,178158.7858,1998.33
2026-02-17T00:00:00,69241.5,66621.06,16489.06921,5994853,7538.45107,67503.52,87.69,82.92,2774655.865,1064339,1385557.165,85.08,2015.33,1941.66,406246.9427,6420841,196947.7031,1991.66
2026-02-18T00:00:00,68476.22,65870.0,15492.43839,4548997,7895.05707,66461.0,86.09,80.48,3137603.97,1026899,1549834.071,81.61,2039.05,1923.78,393639.0086,5176537,191523.6119,1955.91
2026-02-19T00:00:00,67320.0,65631.83,14542.26988,4679351,7106.70741,67003.73,82.67,79.61,2848277.49,946105,1441047.461,82.5,1987.55,1907.0,300257.0733,3793608,142030.3122,1949.08
2026-02-20T00:00:00,68318.39,66280.2,35351.87091,5044912,15001.46034,68020.01,85.49,81.77,3754556.759,1184887,1792745.473,84.67,1981.18,1922.97,386253.5557,3948261,186424.2257,1968.88
2026-02-21T00:00:00,68698.7,67534.69,8032.84131,1593539,4003.46206,67975.93,86.72,83.97,1780748.862,501200,853621.901,85.17,1995.56,1955.62,179173.8456,1362230,91535.9107,1973.35
2026-02-22T00:00:00,68245.0,67190.0,8175.13484,2160900,3974.29287,67643.4,85.6,82.48,1798852.596,478017,884360.629,82.79,1983.13,1935.0,155325.6482,1850073,77240.1124,1957.82
2026-02-23T00:00:00,67684.86,63888.79,33075.90923,8268695,16388.63858,64656.02,82.85,77.15,5163373.383,1508435,2566537.654,77.9,1958.33,1837.13,547359.4869,6684753,266498.7851,1856.3
2026-02-24T00:00:00,65026.75,62510.28,23102.83622,7553629,11150.61026,64058.15,79.62,75.63,3592828.376,1232135,1792005.524,78.99,1869.58,1800.0,438064.0284,6607359,205850.4101,1851.94
2026-02-25T00:00:00,69988.83,63913.27,30749.99259,7096715,16382.91985,67988.04,92.1,78.73,5632749.415,2076213,2958342.232,88.06,2148.39,1846.74,682979.4378,9024746,343230.549,2057.48
2026-02-26T00:00:00,68860.0,66500.0,20737.77792,5426137,10172.50047,67485.18,89.27,84.34,3356890.979,1381041,1672944.871,85.91,2083.33,1975.35,439783.3566,7142316,224781.9099,2027.68
2026-02-27T00:00:00,68216.8,64914.46,21228.58424,3856064,10107.20917,65872.1,88.29,80.32,3370499.359,1290836,1608089.537,81.85,2063.52,1887.0,428687.234,5213158,214287.6264,1929.84
2026-02-28T00:00:00,67760.0,63030.0,22548.71649,5268514,11531.10802,66973.26,85.65,77.12,4737699.879,1652423,2316943.669,84.35,1984.99,1835.36,461680.9835,6186042,229978.4238,1964.51
2026-03-01T00:00:00,68199.99,65056.0,23201.85859,5312013,11209.77201,65776.47,88.9,81.69,4435194.222,1639105,2143442.217,83.6,2054.8,1907.41,529196.8464,6616298,254547.6476,1939.71
2026-03-02T00:00:00,70096.0,65259.21,32010.38431,8397526,15335.91369,68830.06,90.29,82.37,5123433.26,2012450,2558006.604,86.64,2090.0,1920.0,577406.3749,9343785,299199.2494,2027.35
2026-03-03T00:00:00,69258.08,66158.0,24972.2418,7648119,12331.622,68338.0,87.46,82.5,4136742.745,1899723,2088429.65,86.97,2041.48,1929.56,509329.8534,8311355,254251.3309,1982.8
2026-03-04T00:00:00,74050.0,67400.0,44919.0761,8618302,23641.35243,72666.77,94.05,84.78,6329931.383,2311936,3204724.318,90.85,2199.0,1945.08,737644.8152,9527323,368171.8559,2127.28
2026-03-05T00:00:00,73558.15,70645.47,26590.51253,6709160,12299.51467,70890.72,92.96,87.91,3753710.608,1560359,1826589.831,88.77,2163.66,2054.75,432157.8126,6753565,205453.4958,2072.86
2026-03-06T00:00:00,71419.98,67744.78,22629.88722,5302899,10464.09351,68114.02,89.31,83.64,3135324.642,1074615,1431065.025,84.7,2093.33,1955.95,411597.7569,5601424,197603.9435,1978.68
2026-03-07T00:00:00,68551.04,66915.26,12719.54315,2067476,5910.76849,67262.91,85.07,82.28,1465281.721,449215,717082.462,83.22,1996.04,1948.09,184459.82,2029543,89270.3932,1969.59
2026-03-08T00:00:00,68200.0,65618.49,21593.63901,3028392,11268.64926,65971.2,84.13,80.26,2102965.687,874561,1060648.598,81.59,1979.8,1916.14,391189.7317,4044585,190729.8992,1937.1
2026-03-09T00:00:00,69516.65,65821.97,28896.7213,5093667,14101.45378,68432.16,87.06,81.54,3594057.289,1435938,1842761.96,84.96,2053.52,1929.65,550825.4883,6360581,282877.29,1992.98
2026-03-10T00:00:00,71777.0,68391.41,32602.57726,5176064,16453.82839,69948.63,88.8,84.83,3643895.134,1345421,1804358.795,85.88,2088.19,1991.0,463411.8739,5226998,240013.7173,2036.51
2026-03-11T00:00:00,71321.0,68977.91,27249.27542,4759855,14015.31615,70191.86,88.09,84.36,3182175.739,1160083,1642729.604,86.58,2085.58,2007.17,350061.256,4730286,172446.7326,2051.97
2026-03-12T00:00:00,70800.0,69205.91,21997.1605,4344059,10545.03396,70541.34,87.69,84.72,2913681.148,1011244,1514674.762,86.84,2095.0,2017.59,400507.8132,4757775,196694.8334,2073.52
2026-03-13T00:00:00,73913.74,70386.01,35996.61678,5312490,18310.3426,70930.0,92.98,86.71,4940378.617,1573489,2461290.957,88.18,2209.03,2070.12,599657.0399,6138489,300361.2151,2092.22
2026-03-14T00:00:00,71307.92,70317.0,13017.24737,1661739,6242.10104,71211.95,88.71,86.51,1498143.039,452790,752963.058,88.03,2106.09,2061.6,152500.5822,1584458,73409.361,2096.16
2026-03-15T00:00:00,73199.0,70858.82,14037.30704,2509013,7307.01776,72815.24,93.23,87.36,2614547.105,884525,1425868.524,92.3,2202.87,2083.35,280825.9377,3001730,146142.3746,2178.3
2026-03-16T00:00:00,74909.08,72270.41,28409.53019,5396482,15204.22255,74884.67,97.68,91.18,5621650.621,1713091,2939860.344,96.2,2386.02,2164.73,845892.7756,7409311,445819.396,2352.97
2026-03-17T00:00:00,76000.0,73399.19,24521.26636,4863187,11791.2523,73909.36,96.95,93.15,2833557.586,1112613,1375922.322,94.62,2376.66,2294.15,493831.1016,5596636,240136.5065,2317.39
2026-03-18T00:00:00,74672.34,70500.0,23392.88093,4733897,11709.17057,71246.54,95.65,88.55,3293861.558,1252844,1605377.893,90.08,2350.0,2153.21,488040.8887,5684937,232364.5906,2203.39
2026-03-19T00:00:00,71613.79,68793.35,22364.81819,4972526,10489.13676,69930.0,91.41,87.0,2609542.924,969701,1320188.037,88.89,2233.72,2099.38,490791.679,6142160,235483.1788,2137.81
2026-03-20T00:00:00,71367.0,69388.0,18121.16745,4369971,8801.41211,70510.73,90.45,88.13,2201411.538,829967,1141148.706,89.84,2176.84,2116.88,300156.1778,4595372,162200.144,2146.22
2026-03-21T00:00:00,71100.94,68571.42,13397.1675,1640086,6379.69313,68918.12,90.81,87.14,1241845.225,430506,589404.904,87.56,2168.27,2070.78,132559.4646,1375463,63249.5812,2084.87
2026-03-22T00:00:00,69588.79,67360.66,14843.78682,3269152,7292.32333,67859.0,89.2,85.14,2138087.131,792987,1065007.562,86.2,2127.21,2026.0,313070.5572,3577857,154345.7056,2053.89
2026-03-23T00:00:00,71817.09,67445.18,28335.09119,6509730,14640.9723,70906.45,92.26,85.11,4561706.388,1666603,2388137.442,91.43,2198.57,2023.04,614508.4369,7349668,310239.9864,2152.03
2026-03-24T00:00:00,71400.0,68923.07,20702.42244,4191328,9731.85043,70556.74,92.22,88.42,3086042.526,1020843,1573214.538,90.8,2175.16,2103.02,316703.4728,4633093,152304.1675,2156.23
2026-03-25T00:00:00,72026.09,70408.0,17719.50066,3298902,8819.77787,71336.53,93.47,90.71,2652534.798,844728,1385531.891,91.7,2199.02,2146.35,275641.5255,3492121,139003.4847,2169.02
2026-03-26T00:00:00,71436.82,68153.0,20820.45768,3597702,10116.39467,68820.31,91.98,85.45,3566192.736,864864,1628293.113,86.53,2172.19,2034.54,338010.6238,3890747,171588.2134,2060.43
2026-03-27T00:00:00,69179.05,65548.25,28603.69557,4159306,14568.62853,66407.28,87.04,81.86,2840562.07,817296,1374893.666,83.11,2077.19,1970.93,394873.5248,3909237,206051.2798,1992.75
2026-03-28T00:00:00,67288.94,65932.09,11462.39847,1687368,5753.04124,66377.03,84.29,81.69,1667010.099,451858,839405.538,82.09,2047.45,1983.17,154831.8055,1569810,86378.919,1994.74
2026-03-29T00:00:00,67130.5,65000.0,10052.85584,2146177,4769.42832,66010.93,83.24,78.96,1624673.475,523110,775501.505,81.44,2019.65,1938.82,166726.7382,2049808,87697.2438,1984.64
2026-03-30T00:00:00,68169.65,65800.59,18353.38975,3902849,9155.91893,66797.37,84.99,81.15,3025854.687,887139,1564663.742,82.54,2085.0,1980.28,338304.4344,3886546,174062.2111,2026.48
2026-03-31T00:00:00,68589.49,65998.05,22105.40662,4846820,10726.18262,68284.48,84.62,80.08,4272567.426,1157793,2164590.908,83.2,2124.03,2012.64,421897.9023,5013796,218379.1286,2105.43
2026-04-01T00:00:00,69310.0,67578.75,19020.1899,3741910,9702.49844,68113.92,86.65,80.77,4676736.12,1221698,2333531.443,81.18,2167.85,2082.08,399227.3779,4211533,203721.1114,2140.35
2026-04-02T00:00:00,68653.38,65712.12,20203.47916,4189133,10090.6562,66901.99,81.77,76.7,4210024.263,1149760,2218883.41,78.94,2159.37,2017.04,346872.8323,4462923,161146.8702,2057.17
2026-04-03T00:00:00,67370.42,66282.0,11429.13131,2023104,5535.26988,66964.3,80.91,78.85,2230839.74,585265,1241609.842,80.4,2081.76,2040.66,136266.6393,1741595,64849.8016,2053.83
2026-04-04T00:00:00,67562.93,66775.91,7373.51613,1356179,3701.32932,67300.42,81.61,79.57,1562930.767,339581,778904.625,80.83,2084.0,2044.63,86504.4406,1246022,42789.6573,2065.52
2026-04-05T00:00:00,69136.2,66611.66,11733.46752,2106257,5791.55692,69034.18,82.13,78.52,1732438.558,530668,857730.959,81.89,2123.49,2021.5,157353.3199,2504865,78363.4974,2110.17
2026-04-06T00:00:00,70351.46,68300.0,20281.61044,4695523,10149.79257,68853.66,83.2,79.6,2730370.564,836312,1352929.853,80.03,2174.79,2087.5,356054.2894,5330366,180414.5093,2107.16
2026-04-07T00:00:00,72761.0,67732.01,23750.49661,4871706,12465.18271,71924.22,87.02,78.38,4312598.52,1320957,2196613.788,85.56,2273.87,2060.24,460094.8093,5189711,239252.9777,2240.01
2026-04-08T00:00:00,72857.0,70707.23,19802.68627,3843988,9570.20189,71069.93,85.9,82.24,2952758.548,910454,1433720.963,82.57,2270.55,2179.78,404717.6321,4339985,190983.3243,2190.0
2026-04-09T00:00:00,73145.0,70466.0,18158.42159,3773025,9604.31771,71787.97,85.95,81.4,2775927.629,900238,1450802.075,83.33,2246.0,2157.31,275317.9503,3756386,135540.5413,2190.2
2026-04-10T00:00:00,73434.0,71426.15,17372.63288,3176308,8819.74841,72962.7,85.67,82.62,2186078.343,684681,1137103.618,84.83,2257.99,2176.1,272899.0858,2929213,132077.3122,2245.05
2026-04-11T00:00:00,73790.0,72513.09,9070.94374,1472041,4673.47605,73043.16,86.26,83.8,1570901.883,479797,811280.276,84.93,2329.93,2229.0,214785.4039,1929651,107238.9877,2284.99
2026-04-12T00:00:00,73137.24,70505.88,13472.46801,2068779,6326.31289,70740.98,85.0,81.27,2174791.866,639807,1035637.218,81.53,2288.57,2175.0,258156.8821,2575808,125658.2437,2191.65
2026-04-13T00:00:00,74900.0,70566.99,24230.21625,3673539,12639.79905,74417.99,86.81,81.4,2950390.415,1038169,1566990.352,86.51,2394.71,2175.68,453870.8292,4527557,234599.9045,2369.46
2026-04-14T00:00:00,76038.0,73795.47,26532.94456,4033448,13313.88956,74131.55,87.67,83.3,3532984.692,949683,1751000.134,83.72,2415.5,2302.9,460107.3841,3689565,226148.4763,2322.44
2026-04-15T00:00:00,75425.0,73514.0,14425.04167,3187792,7014.01981,74809.99,85.83,82.65,2602448.593,866567,1313551.259,84.9,2385.61,2308.5,268190.6377,3232871,126442.7153,2359.95
2026-04-16T00:00:00,75534.76,73309.85,17088.68777,3581890,8601.69794,75154.29,90.53,83.8,3940291.341,1188495,2104470.318,89.05,2369.59,2285.1,328960.9377,3793210,155922.2439,2348.17
2026-04-17T00:00:00,78333.0,74529.4,25941.36694,4931167,14435.4773,77072.0,90.73,87.34,4237208.388,1177055,2275080.6,88.76,2464.91,2317.43,491731.3615,4541654,252564.9694,2419.0
2026-04-18T00:00:00,77420.08,75445.16,9141.84456,1941112,4333.78362,75691.76,89.16,85.78,1893190.543,560071,863736.099,86.16,2427.64,2339.92,221741.3888,2045925,98727.0694,2350.32
2026-04-19T00:00:00,76240.66,73762.9,11369.82232,2739751,5458.61875,73801.79,87.12,82.94,2594849.065,769677,1270518.854,83.47,2355.3,2252.72,256086.8276,2728260,119800.9019,2263.27
2026-04-20T00:00:00,76558.62,73724.31,16993.41034,3563591,8812.70109,75840.97,86.22,83.34,2300346.75,755776,1199663.506,85.28,2346.78,2259.67,301000.0659,3751621,149027.6285,2313.85
2026-04-21T00:00:00,76927.57,74821.57,14912.57132,3616213,7672.96288,76336.15,86.89,84.31,2111587.269,789037,1094282.274,86.03,2338.75,2284.19,226645.977,3398934,108621.4578,2327.14
2026-04-22T00:00:00,79472.82,76132.95,19737.51225,3757077,10376.12434,78178.23,89.32,86.01,3154871.835,814469,1730943.426,86.87,2423.75,2312.95,379707.1259,4230243,191758.2678,2374.07
2026-04-23T00:00:00,78662.5,76960.0,16970.79501,3571796,7760.75572,78257.48,87.18,84.48,2894663.239,789600,1551557.114,86.12,2382.0,2285.42,356645.6923,4079579,169637.8993,2330.26
2026-04-24T00:00:00,78581.93,77264.08,12675.14315,2581973,6148.06393,77437.13,86.94,84.92,1818574.663,545936,918892.981,86.18,2337.5,2300.22,183887.6181,2413824,88184.8381,2314.99
2026-04-25T00:00:00,77885.35,77140.23,5685.1142,806542,2999.85355,77625.0,86.8,85.53,1033932.436,300075,513711.595,86.18,2323.21,2300.55,68139.2191,658757,33589.8529,2319.5
2026-04-26T00:00:00,78961.0,77326.51,7963.56162,1476971,3981.86566,78657.55,87.32,85.84,1453501.452,380657,735165.507,86.93,2380.0,2306.72,154591.6219,1508570,76876.1717,2369.44
2026-04-27T00:00:00,79485.66,76459.64,16046.92418,2982889,7712.53219,77371.32,88.08,83.63,3009101.691,737519,1583431.358,84.82,2404.37,2266.09,300363.8586,3192282,143798.2975,2303.67
2026-04-28T00:00:00,77478.0,75666.6,13210.72383,2352446,6518.95469,76342.77,84.93,82.98,1664394.443,397883,903890.968,84.06,2310.88,2258.24,187932.2201,2346992,94578.0797,2289.42
2026-04-29T00:00:00,77904.93,74937.52,18279.93022,3032890,9680.02112,75780.0,85.56,81.4,2576063.596,581305,1182001.869,83.04,2346.95,2220.36,355078.1015,3588292,178999.8027,2252.9
2026-04-30T00:00:00,76669.14,75323.65,10381.81607,2569480,5585.19124,76346.57,84.01,82.16,1372591.611,481530,735437.679,83.09,2279.0,2231.64,167194.2776,2649837,83993.1124,2257.51
2026-05-01T00:00:00,78914.12,76320.42,17315.46502,2388458,8322.98012,78231.13,84.86,83.08,1798067.959,432422,922837.681,83.76,2325.28,2257.21,191082.555,1805481,89533.7329,2295.63
2026-05-02T00:00:00,79199.48,78040.0,6150.87642,936143,3297.03958,78686.85,84.97,83.44,1027759.499,283023,522602.118,84.26,2343.6,2292.91,85588.4724,870699,45662.7959,2316.97
2026-05-03T00:00:00,79447.0,78084.08,7425.7929,1352474,3464.91412,78568.57,84.97,83.58,1268647.522,341393,646891.275,83.91,2356.92,2297.59,151074.4342,1374290,74492.1738,2322.65
2026-05-04T00:00:00,80776.99,78202.0,26042.96135,3734604,13351.64548,79861.01,85.9,83.23,3469307.218,757940,1688378.768,84.1,2398.93,2309.24,453020.7985,4137093,220556.484,2347.16
2026-05-05T00:00:00,81791.48,79808.72,16947.17995,2490930,8628.14977,80905.52,86.98,84.04,2478888.126,520564,1301281.257,86.29,2399.5,2344.93,286636.7312,2512190,139328.0697,2360.77
2026-05-06T00:00:00,82850.0,80731.14,18798.77396,2794707,9976.68805,81447.01,90.03,86.1,3483256.03,799669,1830232.233,89.16,2423.74,2338.0,420667.3161,3062625,193007.5534,2350.84
2026-05-07T00:00:00,81708.32,79500.0,16154.80338,2540329,7625.14879,80006.0,90.44,87.63,2892180.501,829550,1461747.651,88.42,2352.3,2280.1,469521.9378,3191083,177521.5123,2291.06
2026-05-08T00:00:00,80500.0,79181.48,16001.31009,2265372,8328.38654,80193.17,92.8,87.6,2644434.859,780119,1419124.709,92.01,2321.22,2265.61,421035.1582,2568056,164773.9995,2307.06
2026-05-09T00:00:00,81080.0,80129.85,7548.42177,1002373,4032.72566,80678.4,94.17,91.85,1974272.696,591555,1057722.996,93.13,2338.37,2300.0,230431.157,1248625,90960.5803,2326.44
2026-05-10T00:00:00,82479.32,80279.77,12034.31882,1801608,6395.8966,82210.07,97.0,92.6,2559168.995,795120,1379810.128,96.47,2382.53,2311.83,398122.8623,2272749,219121.332,2371.27
2026-05-11T00:00:00,82380.0,80462.97,12951.76056,2576396,6132.37349,81745.65,98.41,94.3,3078049.965,1005178,1578859.571,97.37,2374.92,2304.0,236962.0552,2594593,103490.2032,2339.87
2026-05-12T00:00:00,81788.0,79843.59,12386.25676,2345137,5716.20385,80504.47,97.68,93.55,2810037.359,755594,1361994.023,94.28,2340.85,2256.27,252981.1082,2520381,112560.2947,2274.96
2026-05-13T00:00:00,81324.64,78754.65,14810.05643,2350570,7161.64182,79313.61,95.99,90.27,3192571.802,846316,1571829.141,91.17,2323.36,2234.13,258455.7299,2145600,124180.3611,2258.65
2026-05-14T00:00:00,82048.13,78922.0,19727.86807,3101046,10750.20775,81089.99,93.68,89.82,2709125.808,747394,1306187.892,92.15,2319.33,2238.64,256680.8359,2730407,127752.3579,2283.25
2026-05-15T00:00:00,81664.45,78659.0,17351.27079,3184114,8333.17845,79113.21,92.66,88.55,2675843.631,692037,1306859.075,89.24,2300.29,2205.11,288536.5507,2977308,123184.0319,2224.66
2026-05-16T00:00:00,79227.77,77640.0,12132.86192,1597661,5776.31138,78148.05,89.44,85.52,1963021.594,478209,928917.876,86.54,2231.51,2162.55,199288.5761,1541883,91742.2991,2180.77
2026-05-17T00:00:00,78599.99,76735.16,8442.7022,1570433,3897.8677,77457.67,87.29,83.5,1914165.244,480098,926315.189,85.24,2198.14,2091.48,175116.8149,1638605,83798.741,2131.0
2026-05-18T00:00:00,77800.0,76051.0,18745.51678,3529328,8916.45791,77001.87,85.8,83.5,2771861.344,781366,1370804.304,85.38,2157.24,2077.23,381878.3932,3981985,183892.1637,2130.08
2026-05-19T00:00:00,77414.62,76144.71,11024.85978,2315121,5680.77448,76834.36,85.97,83.7,1662986.216,488954,828894.601,84.29,2146.95,2094.47,186945.075,2356965,86073.6731,2111.93
2026-05-20T00:00:00,77853.04,76516.74,11296.26307,2437754,5606.16242,77552.23,87.09,83.85,2365152.438,584791,1201658.084,86.17,2149.0,2103.29,189088.294,2256505,93912.9824,2129.44
2026-05-21T00:00:00,78200.0,76719.47,11318.25841,2473146,5765.00854,77615.52,88.0,85.32,2654321.9,565249,1428670.997,87.36,2157.5,2105.15,232889.1117,2526150,118956.068,2133.76
2026-05-22T00:00:00,77900.0,75359.18,11272.36134,2370783,5204.99076,75539.5,87.85,84.0,2208484.663,540819,1043204.207,84.4,2141.39,2057.79,221783.2548,2344218,109989.3764,2065.85
2026-05-23T00:00:00,77404.18,74289.6,15086.88814,2103536,7738.58719,76752.01,87.5,81.5,2973101.711,602178,1505552.334,85.75,2149.95,2009.3,350546.2289,2641732,186016.0823,2117.68
2026-05-24T00:00:00,77543.15,76108.0,8398.00156,1612969,4513.13276,77064.96,87.0,83.7,2086657.403,442697,1063657.611,85.27,2132.14,2063.0,197748.7605,1928016,95960.6284,2099.85
2026-05-25T00:00:00,77905.52,76914.25,7672.32197,1778509,3644.38154,77322.01,86.52,84.71,1562235.465,395894,807290.021,85.06,2141.98,2092.26,166428.5979,1786621,86258.1599,2113.01
2026-05-26T00:00:00,78080.0,75677.97,16953.47629,3360745,7867.0405,75930.01,86.13,83.15,2358777.43,578993,1189574.779,83.72,2140.49,2055.06,282553.3096,2963706,125284.8456,2073.77
2026-05-27T00:00:00,76174.15,74243.99,16877.77483,3367068,7990.81792,74449.3,84.84,82.1,2119456.363,691460,1076867.315,82.44,2097.4,2016.0,267963.1573,3056962,121588.1389,2024.84
2026-05-28T00:00:00,74590.77,72582.82,21274.02026,3799713,11285.37807,73617.51,83.01,80.0,2306915.48,853185,1134240.047,82.11,2030.0,1967.0,363834.9211,3609031,176081.0293,2009.9
2026-05-29T00:00:00,74514.1,72512.49,18686.74141,2897318,10668.37212,73460.78,83.24,80.35,2064277.646,674991,1115487.851,82.04,2046.59,1976.48,283145.695,2925370,142075.6321,2014.54
2026-05-30T00:00:00,74143.76,73216.0,7515.40909,1124406,4118.11087,73884.38,83.17,81.86,1018490.244,268631,531962.5,82.73,2032.0,2002.0,97977.5349,969371,51565.2626,2022.44
2026-05-31T00:00:00,74275.66,73400.0,6986.45707,1363437,3407.47243,73674.39,83.42,81.33,993880.666,317381,498068.426,82.44,2038.0,1993.75,163735.4958,1454319,69842.5033,2007.01
2026-06-01T00:00:00,74092.0,70686.68,23921.09184,4237773,11600.30396,71408.9,83.1,79.11,2309147.396,701707,1112623.793,81.28,2021.5,1956.04,374428.2839,3806222,189965.6217,2006.73
2026-06-02T00:00:00,71408.9,66193.0,32858.19586,6250677,15675.4915,66760.83,81.3,72.73,3642536.917,1150607,1658096.08,74.23,2006.78,1839.02,556885.5418,5759311,262471.3967,1859.84
2026-06-03T00:00:00,67516.0,64092.49,30138.3065,6676358,14567.29572,64142.75,75.71,70.93,3655245.68,1261571,1752207.265,71.61,1893.07,1769.62,584760.4818,6496256,291410.2577,1813.05
2026-06-04T00:00:00,64764.32,61383.56,43577.17571,9057976,20172.82504,63885.99,72.09,66.8,4928249.49,1899749,2404945.117,68.88,1820.5,1717.28,648306.1051,8222751,313120.6405,1770.77
2026-06-05T00:00:00,63978.0,59130.91,55027.28807,11658856,24879.51775,61056.47,69.1,61.48,7041593.488,2696738,3300321.514,63.64,1774.99,1540.19,1257013.1608,13017779,605408.4543,1583.4
2026-06-06T00:00:00,61530.05,59500.0,19795.58877,5000874,9473.55921,60884.62,64.86,60.13,3570841.056,1364694,1725804.76,62.2,1601.22,1505.68,558458.3672,6254953,267600.8258,1569.69
2026-06-07T00:00:00,64234.68,60746.0,26612.10443,4752461,14156.31067,63332.01,67.92,61.96,2941571.373,1086945,1528146.32,66.5,1721.93,1564.1,458280.5909,5095675,228933.854,1690.51
2026-06-08T00:00:00,64200.0,62408.0,23053.38624,4887564,11227.99606,63085.99,68.17,64.98,3058995.367,987258,1538394.081,66.82,1714.5,1645.0,480027.3121,5759621,245621.2272,1690.49
2026-06-09T00:00:00,63526.01,60780.0,21636.21959,4347332,10357.23644,61730.0,67.47,63.54,3082150.311,1032126,1508017.25,64.96,1696.88,1614.02,384147.2349,4501516,174461.5449,1639.52
2026-06-10T00:00:00,62857.99,60755.0,15998.71652,4655686,7714.59491,61510.99,65.77,62.34,2937917.561,1207455,1468968.254,63.19,1667.96,1603.44,290791.2819,4680030,144480.8587,1621.59
2026-06-11T00:00:00,63933.02,61510.99,17380.94642,3446803,8975.49366,63625.99,67.42,63.19,2881561.031,819698,1572432.939,66.93,1693.59,1621.6,278507.7204,3410263,146755.8289,1673.46
2026-06-12T00:00:00,64394.44,62829.81,16397.0524,3154052,8373.87233,63580.01,68.82,65.95,2839586.683,637487,1349256.928,66.82,1691.07,1652.09,201888.0102,2888517,103835.6453,1666.41
2026-06-13T00:00:00,64762.77,63418.66,9960.74163,1489009,5326.34918,64458.01,69.59,66.59,1525014.5,434658,831058.622,68.94,1697.28,1662.2,106751.6077,1222979,57726.9957,1681.18
2026-06-14T00:00:00,65800.0,63678.83,13203.03375,2060901,6966.04602,65746.45,71.29,66.94,1851821.931,576477,934961.611,71.28,1732.28,1654.9,178009.9541,1935991,90922.7855,1725.62
2026-06-15T00:00:00,67292.15,65354.0,18559.80102,3140494,8827.32403,66328.74,76.09,70.66,3102777.468,1041029,1581197.801,73.98,1849.54,1709.66,464135.2553,3136116,226908.449,1796.13
2026-06-16T00:00:00,66992.0,65360.92,14302.05801,2964629,6709.60119,65675.01,75.65,72.29,2185905.595,844497,1144090.921,73.52,1839.77,1758.0,353577.549,3651200,175935.254,1792.99
2026-06-17T00:00:00,66445.93,63915.77,19048.65409,3933123,9344.30808,64509.4,74.69,70.83,2443239.391,1139773,1242356.068,72.05,1810.21,1725.34,334498.0575,4175463,156023.0739,1750.6
2026-06-18T00:00:00,64806.0,62272.07,16935.59661,3573931,8148.66252,62958.01,72.68,68.23,2263712.329,944431,1141927.399,69.71,1762.99,1671.79,312480.9656,3404966,150925.452,1711.11
2026-06-19T00:00:00,63666.0,62316.44,14247.424,2671918,6709.20964,63543.91,70.09,67.92,1884570.868,714964,843732.312,69.74,1719.51,1679.11,165078.1984,2339768,86541.467,1711.19
2026-06-20T00:00:00,64388.0,63184.21,9522.10324,1970081,4669.85879,64298.01,74.3,69.48,2267614.627,740168,1240150.106,73.22,1749.55,1704.06,159791.8211,1842588,85441.3878,1741.08
2026-06-21T00:00:00,64588.0,63270.0,8034.66333,1768294,3833.13382,63311.99,74.68,72.31,2122685.618,680563,1047429.3,72.46,1741.45,1702.0,123762.4689,1658599,60145.8081,1706.94
2026-06-22T00:00:00,65622.83,63312.0,15423.10851,3521337,7677.53285,64020.01,75.0,71.37,2567224.067,912146,1238528.844,71.95,1779.9,1706.94,262657.182,3303043,132053.0362,1728.19
2026-06-23T00:00:00,64275.38,61938.0,20222.99292,3626190,9113.2674,62734.57,72.06,68.16,2202519.285,876300,1082219.359,69.71,1736.25,1635.65,248262.012,3415279,120633.5298,1667.13
2026-06-24T00:00:00,63239.06,59102.7,30678.28543,5367531,14451.4544,61077.99,70.44,64.71,3368667.529,1267052,1567362.143,68.11,1693.67,1552.95,355728.3403,5254099,177192.2396,1622.17
2026-06-25T00:00:00,61962.4,58115.01,30386.00694,5683275,14406.15352,59794.0,69.66,64.04,3716901.281,1391124,1893526.736,67.72,1660.54,1532.9,440671.005,4454580,236247.0286,1567.84
2026-06-26T00:00:00,60759.99,58337.0,27403.55723,6019134,13907.49037,60097.27,73.93,65.91,4422868.716,1842812,2273937.538,71.9,1594.7,1512.0,423691.4393,4010582,219134.2695,1578.68
2026-06-27T00:00:00,60941.17,59855.16,9587.22916,1763416,5067.9265,60029.0,73.19,70.25,1921832.56,634959,929668.891,70.5,1611.02,1562.86,131592.3598,1281824,67386.1857,1573.99
2026-06-28T00:00:00,60545.01,58905.0,8907.13796,2299232,4290.64588,59577.01,72.41,69.74,1709274.918,776562,853256.727,71.38,1588.82,1548.37,140181.1417,1506628,70060.9956,1571.96
2026-06-29T00:00:00,60780.57,58900.01,20203.14178,4884336,10334.16227,60260.21,76.49,70.35,3861722.1,1751231,1942959.592,75.16,1637.58,1550.43,309968.9748,2959728,155013.503,1613.07
2026-06-30T00:00:00,60276.54,58201.0,19639.82787,3804809,8879.55126,58624.71,75.8,71.9,2668784.103,989235,1381855.491,73.67,1614.41,1550.2,222057.2042,2013738,104379.84,1572.01
2026-07-01T00:00:00,61334.0,57800.19,25093.44662,4166849,12936.11295,60024.0,78.96,72.25,3613325.296,1293054,1856247.269,77.46,1646.26,1552.92,306536.311,2678598,156369.5022,1609.58
2026-07-02T00:00:00,62200.0,59588.0,21382.14163,3883096,11394.85517,61560.0,82.78,76.9,3740503.81,1323576,1935430.422,80.73,1725.0,1597.22,373453.5082,2999563,199786.5508,1700.57
2026-07-03T00:00:00,62979.86,61248.86,14048.98627,2571531,7249.98683,62583.26,83.22,80.34,1769217.383,747224,884135.599,82.34,1775.78,1694.72,244416.868,2558467,129829.1354,1758.21
2026-07-04T00:00:00,63461.99,62328.24,9139.8274,1643288,4753.53597,63144.01,83.98,81.36,1853790.462,623191,882867.569,81.8,1807.65,1744.09,190880.1497,1984105,98915.7658,1780.64
2026-07-05T00:00:00,63999.0,62436.59,9172.07758,1790183,4565.93641,63650.0,82.43,79.68,1405482.139,531552,694830.758,81.59,1808.0,1748.79,389673.4191,2710301,186115.1562,1785.65
2026-07-06T00:00:00,64700.0,61306.84,21435.28437,3777895,11556.55192,64042.02,83.74,79.23,2393607.64,1012792,1295746.385,81.94,1833.4,1728.95,305879.3304,2770665,156283.9234,1799.56
2026-07-07T00:00:00,64314.0,62671.39,16834.20823,3282102,8128.20476,63363.99,82.79,80.34,1858989.517,835044,937684.733,80.58,1813.16,1757.57,241536.7253,2520272,117218.5185,1771.45
2026-07-08T00:00:00,63761.99,61544.56,18620.09796,3598487,8338.57026,62290.0,80.78,76.29,2171403.36,786423,1049041.575,77.83,1785.0,1713.44,225231.2254,2459826,107440.578,1743.54
2026-07-09T00:00:00,63500.0,61705.29,16742.80672,3176050,7922.48357,63230.0,78.83,76.71,1458437.834,628012,713779.583,78.04,1762.36,1721.93,173705.2572,1852063,87235.1274,1745.16
2026-07-10T00:00:00,64692.83,62926.01,17589.00122,2927425,8727.5029,64161.72,79.68,77.07,1853732.075,600906,970031.561,78.13,1812.0,1737.68,215605.8045,1885371,111540.9027,1796.85
2026-07-11T00:00:00,64504.11,63819.0,9151.97432,1406178,3908.28562,63819.0,78.88,76.77,1341468.467,427167,713912.331,76.79,1830.0,1786.58,178703.4183,1196630,82847.9976,1787.76
2026-07-12T00:00:00,64290.11,63640.83,13914.83703,1919605,6757.00737,63780.0,77.78,75.65,1107014.96,428321,545740.927,76.92,1826.92,1779.46,141072.9835,1163165,67542.1325,1806.8
2026-07-13T00:00:00,64425.0,61824.97,21682.50204,3349712,9861.43724,62334.52,78.2,74.1,1598648.362,711539,794658.438,75.01,1846.0,1750.2,295031.6198,2649302,139033.3963,1776.72
2026-07-14T00:00:00,65100.0,62272.2,20552.41384,3080945,10847.48978,65043.98,77.95,74.56,1797979.602,654450,962065.861,77.87,1896.14,1773.41,368913.772,3283907,202166.4648,1891.87
2026-07-15T00:00:00,65600.0,64485.0,18401.89741,2668919,9009.48362,64756.28,79.04,76.94,1789391.588,661584,966699.175,77.29,1946.52,1864.38,319800.9693,2766157,164441.1035,1917.86
2026-07-16T00:00:00,64997.52,63748.74,18764.52679,2813481,9007.30607,63830.2,77.64,75.01,1525454.678,525461,738665.543,75.32,1929.48,1857.54,271689.0863,2577028,124124.427,1864.71
2026-07-17T00:00:00,64387.99,62537.56,18189.89389,3239296,8618.43801,63931.67,75.75,73.39,1361493.075,553564,676963.057,75.04,1871.08,1803.05,253027.7556,2654101,127019.9006,1841.93
2026-07-18T00:00:00,64865.0,63886.65,8031.18012,1088701,4100.21428,64834.22,75.67,74.5,651011.695,249534,344864.757,75.52,1867.58,1837.58,92597.9232,898148,49679.7706,1862.61
2026-07-19T00:00:00,64967.25,64280.0,8379.91474,1464337,4281.97001,64722.54,76.7,75.37,1176910.446,322166,595745.728,76.38,1879.38,1851.71,143922.6662,1375145,72477.4109,1872.23
2026-07-20T00:00:00,65799.0,63100.0,21323.48702,3606847,10104.82668,65255.51,78.38,75.5,1867200.851,674507,934799.933,77.85,1918.16,1843.14,271195.633,2898762,139935.4434,1904.77
2026-07-21T00:00:00,66956.15,65148.75,18618.28087,3005241,9545.80868,66556.16,78.88,77.42,1283561.32,395822,641601.404,78.12,1953.0,1900.74,326965.6779,2430342,178850.1688,1930.09
2026-07-22T00:00:00,66739.89,65553.67,18074.86602,3381825,8854.46937,66114.49,78.85,77.0,1424652.173,497292,714496.328,77.97,1956.45,1910.68,251140.8253,2535468,123958.4642,1934.25
2026-07-23T00:00:00,66313.14,64650.0,14698.22673,2557299,7036.32429,65098.97,78.54,75.43,1346651.926,474224,641821.374,75.88,1941.5,1869.44,219789.0733,2040809,99799.0967,1878.38
2026-07-24T00:00:00,65808.59,63739.75,16821.2718,2467691,8133.22286,64139.99,76.45,73.44,1450088.265,405521,700473.944,73.96,1909.8,1848.09,200795.4361,2134534,102087.8997,1861.44
2026-07-25T00:00:00,64475.28,63810.0,8863.0503,1005338,4621.49495,64375.0,74.73,73.56,726815.749,174339,367039.441,74.52,1877.07,1851.22,88434.488,763113,45312.7075,1874.89
2026-07-26T00:00:00,65577.0,64293.81,7933.06089,1138023,4091.47971,65399.99,77.1,74.47,892413.373,289185,478055.812,76.76,1967.36,1873.85,153233.6949,1515963,80698.9915,1954.72
2026-07-27T00:00:00,65744.6,63605.56,14791.90543,2921636,6694.82928,63755.86,77.5,73.74,1608273.931,583673,796943.514,74.2,1981.24,1882.49,342451.48,3195743,162403.1192,1892.53
2026-07-28T00:00:00,64100.0,62742.47,13889.82996,2679943,7070.0283,63915.0,74.59,72.36,1697225.448,525294,797539.173,73.83,1929.67,1856.88,289225.1629,2505196,142104.8161,1922.23
2026-07-29T00:00:00,64744.81,63267.34,16780.11912,3615294,8931.61763,63984.28,74.53,72.32,1597653.875,597407,820832.531,73.68,1935.68,1872.0,298562.344,3050869,146699.4645,1910.72
2026-07-30T00:00:00,65176.6,63603.92,17131.58486,3246691,8996.1922,64780.02,74.99,73.14,1218863.451,404129,583483.932,74.51,1936.99,1893.99,176531.6818,1937149,88629.7538,1918.31
2026-07-31T00:00:00,65409.56,62466.0,20475.60686,2740238,9659.56143,62887.88,75.29,72.56,1337998.051,448362,608554.026,72.87,1936.15,1848.7,242904.7865,2209134,105152.1456,1862.6
2026-08-01T00:00:00,63150.0,62275.0,7563.08904,831983,3772.23898,62823.64,73.21,70.58,1111519.095,270094,477321.735,71.95,1875.45,1822.06,108886.9878,880600,48007.9114,1844.94
2026-08-02T00:00:00,63796.33,62806.58,8387.01154,1286064,4566.33112,63570.0,74.33,71.93,845346.938,251642,407698.354,73.63,1898.5,1843.67,123655.0632,1129827,64503.1281,1885.36
2026-08-03T00:00:00,64080.0,62300.0,15543.29743,2494364,7987.90387,63520.0,74.28,71.98,1227842.329,370920,608136.616,73.56,1885.95,1828.62,175607.0099,1775363,84775.068,1860.5
2026-08-04T00:00:00,64549.16,63322.01,13690.47909,2388039,7360.46366,64106.56,74.45,73.04,1198568.943,454998,599119.489,73.75,1882.44,1848.38,185254.5452,1809806,93966.2161,1869.75
2026-08-05T00:00:00,65025.22,63880.0,12742.85528,2402227,6522.4825,64665.23,74.83,73.27,1549828.637,475409,780032.481,74.04,1928.0,1855.5,238330.3269,2270605,124423.2562,1908.9
2026-08-06T00:00:00,64999.0,64172.0,9864.43284,2087951,4666.15261,64323.61,74.35,72.34,1276204.923,386001,633793.227,72.7,1920.51,1892.04,177529.7135,1782371,81160.1351,1904.1
2026-08-07T00:00:00,65390.99,64166.0,11807.40403,2283383,5639.26621,64923.19,74.35,72.43,1552676.887,384085,773306.966,73.66,1943.02,1894.35,210276.529,1579936,95029.1101,1914.18
2026-08-08T00:00:00,65192.54,64784.19,5760.14298,540447,2810.00611,64962.6,76.81,73.57,1383412.487,320650,750690.778,76.01,1926.72,1912.27,56872.3931,433955,27552.6004,1916.74
2026-08-09T00:00:00,65474.46,64730.08,7031.23606,803981,3207.32922,64901.59,77.84,75.73,980767.674,266929,505532.884,76.27,1938.22,1907.56,87855.3253,681191,42718.9753,1910.65
2026-08-10T00:00:00,65391.14,63806.27,13638.40877,2054347,6946.62767,63970.01,77.17,75.58,1278238.355,394958,629768.561,75.99,1931.57,1867.96,209809.0221,1866587,92868.0329,1873.16
2026-08-11T00:00:00,64515.43,63238.0,12891.63248,1660517,6363.01318,63600.0,76.67,74.63,1315794.682,397860,651636.486,76.3,1897.8,1853.62,193300.5166,1441139,89434.2115,1882.59
2026-08-12T00:00:00,64500.0,63310.34,13627.06822,1990499,6993.82626,63479.99,77.33,75.35,1154149.214,374325,590925.514,75.63,1925.0,1873.29,171255.9975,1564544,84089.6358,1879.81
2026-08-13T00:00:00,64010.0,62802.27,10793.85853,2078777,5588.30192,63490.86,76.62,75.1,1093508.557,348474,527817.319,76.28,1900.0,1863.67,154140.6308,1514857,79343.6238,1886.15
2026-08-14T00:00:00,63617.45,62535.24,12340.82899,2184530,6678.27723,63043.56,76.33,74.69,1063864.906,290010,471882.622,75.4,1891.3,1864.28,108123.7734,1319228,53799.6172,1882.2
2026-08-15T00:00:00,63187.98,62920.0,5405.16038,540313,3110.52011,63086.01,75.74,75.05,602113.822,139474,264340.566,75.35,1886.59,1876.01,48197.0909,409630,23013.4799,1882.64
2026-08-16T00:00:00,63390.0,62716.0,4737.23135,640294,2498.03555,62900.0,75.71,74.1,681414.225,174852,341184.851,74.61,1892.31,1869.17,68574.4231,573492,34107.2041,1876.0
2026-08-17T00:00:00,64610.01,62751.1,14255.64713,2111256,7186.91098,64532.1,76.22,74.43,1269854.354,374664,622102.484,76.02,1918.71,1872.46,175727.2871,1441485,88860.7417,1913.6
2026-08-18T00:00:00,65058.81,64027.85,11789.91312,1608019,5759.24912,64725.42,77.41,75.2,1454862.952,371906,736555.85,77.05,1923.27,1885.78,144436.9084,1229278,67921.8767,1917.85
2026-08-19T00:00:00,70000.0,64166.0,29054.29976,4160596,15646.86527,69334.79,87.21,76.63,4041510.276,1184929,2159749.946,85.38,2333.65,1906.0,799553.3447,5279678,417055.9435,2252.8
2026-08-20T00:00:00,73400.0,68902.22,35904.79287,6249114,18144.94133,73025.15,88.1,84.01,3689410.426,1005508,1889079.049,87.66,2360.0,2221.54,648620.7228,5641127,338052.5415,2326.82
2026-08-21T00:00:00,79500.0,73027.02,44339.56568,8928944,23033.87661,78338.03,94.99,87.57,5840669.108,2071985,3144979.555,93.72,2546.78,2324.99,740662.9146,7242698,402068.9383,2516.3
2026-08-22T00:00:00,78828.15,76500.0,18524.50847,3950045,9413.19226,77074.93,102.74,87.72,7094617.466,2695492,3649539.627,93.82,2529.99,2385.0,485164.8901,4481778,244219.4254,2422.6
2026-08-23T00:00:00,78052.85,75545.67,15367.23185,3627829,8207.35031,77734.0,97.21,91.58,3782856.806,1675306,2003661.321,95.43,2484.62,2355.71,378847.2022,3810702,204739.2032,2463.41
2026-08-24T00:00:00,80000.0,76670.01,30179.29391,6334409,15033.99548,78992.75,98.99,93.26,4605794.101,2016011,2330403.457,98.97,2532.95,2424.73,467435.1868,4314361,239011.3165,2482.31
2026-08-25T00:00:00,81272.62,77851.0,24772.51394,6360202,12633.43254,78539.14,103.08,95.32,4972932.43,2278101,2675120.005,96.6,2532.5,2414.64,341388.961,3492228,156179.9493,2442.64
2026-08-26T00:00:00,79251.6,77632.58,14613.75887,4284527,7299.27224,79023.75,102.46,94.95,2636923.175,1263515,1414849.404,102.07,2515.38,2432.32,250583.2707,2687659,128221.3698,2506.78
2026-08-27T00:00:00,80848.74,78546.13,16265.53695,4932285,7358.50047,80249.58,110.6,100.52,5165991.59,2268943,2775708.789,109.14,2566.53,2481.74,336914.06,3426529,163836.3225,2510.94
2026-08-28T00:00:00,81478.87,76888.0,19756.43646,4822157,9300.40971,77845.87,110.0,102.28,4462058.441,1912888,2117137.658,104.15,2535.05,2405.97,361082.4672,3449843,167131.5356,2442.8
2026-08-29T00:00:00,78330.0,77382.37,7016.30257,1519886,3594.89663,78230.0,105.88,103.03,1438492.498,532121,781981.063,105.61,2459.76,2430.45,103523.9255,828389,54147.5103,2457.67
2026-08-30T00:00:00,79400.0,77000.0,9085.42405,2404922,4314.34369,77682.0,107.48,100.31,2069486.493,879686,989675.459,101.75,2534.98,2387.28,268297.9503,2396145,126372.702,2416.88
2026-08-31T00:00:00,79250.0,77392.0,15303.90602,4354737,8150.6351,78581.29,105.0,100.9,2161872.059,1049007,1067661.511,103.06,2489.95,2401.35,265221.8545,2904113,132003.0417,2467.65
2026-09-01T00:00:00,79220.61,76420.0,14130.63949,3662805,7128.14511,77439.0,104.38,98.33,2492674.341,1004311,1155193.116,100.0,2485.5,2383.34,276587.6824,2474291,134387.9163,2418.57
