date,BTC.high_4,BTC.high_3,BTC.high_2,BTC.high_1,BTC.high,BTC.low_4,BTC.low_3,BTC.low_2,BTC.low_1,BTC.low,BTC.volume_4,BTC.volume_3,BTC.volume_2,BTC.volume_1,BTC.volume,BTC.return_4,BTC.return_3,BTC.return_2,BTC.return_1,BTC.return,BTC.close_4,BTC.close_3,BTC.close_2,BTC.close_1,BTC.close,ETH.high_4,ETH.high_3,ETH.high_2,ETH.high_1,ETH.high,ETH.low_4,ETH.low_3,ETH.low_2,ETH.low_1,ETH.low,ETH.volume_4,ETH.volume_3,ETH.volume_2,ETH.volume_1,ETH.volume,ETH.return_4,ETH.return_3,ETH.return_2,ETH.return_1,ETH.return,ETH.close_4,ETH.close_3,ETH.close_2,ETH.close_1,ETH.close,target,high,low
2026-04-01T01:08:40,67288.94,67130.5,68169.65,68589.49,69310,65932.09,65000,65800.59,65998.05,67578.75,11462.39847,10052.85584,18353.38975,22105.40662,19020.1899,-0.005515462,0.011913784580826273,0.022263002,-0.002497786,-0.017792692,66377.03,66010.93,66797.37,68284.48,68113.92,2047.45,2019.65,2085,2124.03,2167.85,1983.17,1938.82,1980.28,2012.64,2082.08,154831.8055,166726.7382,338304.4344,421897.9023,399227.3779,-0.005063317,0.021081909,0.03895918,0.016585685584417472,-0.038862803,1994.74,1984.64,2026.48,2105.43,2140.35,2057.17,2159.37,2017.04
2026-04-02T01:08:40,67130.5,68169.65,68589.49,69310,68653.38,65000,65800.59,65998.05,67578.75,65712.12,10052.85584,18353.38975,22105.40662,19020.1899,20203.47916,0.011913784580826273,0.022263002,-0.002497786,-0.017792692,9.313624303252813E-4,66010.93,66797.37,68284.48,68113.92,66901.99,2019.65,2085,2124.03,2167.85,2159.37,1938.82,1980.28,2012.64,2082.08,2017.04,166726.7382,338304.4344,421897.9023,399227.3779,346872.8323,0.021081909,0.03895918,0.016585685584417472,-0.038862803,-0.00162359,1984.64,2026.48,2105.43,2140.35,2057.17,2053.83,2081.76,2040.66
2026-04-03T01:08:40,68169.65,68589.49,69310,68653.38,67370.42,65800.59,65998.05,67578.75,65712.12,66282,18353.38975,22105.40662,19020.1899,20203.47916,11429.13131,0.022263002,-0.002497786,-0.017792692,9.313624303252813E-4,0.005019391,66797.37,68284.48,68113.92,66901.99,66964.3,2085,2124.03,2167.85,2159.37,2081.76,1980.28,2012.64,2082.08,2017.04,2040.66,338304.4344,421897.9023,399227.3779,346872.8323,136266.6393,0.03895918,0.016585685584417472,-0.038862803,-0.00162359,0.005691805,2026.48,2105.43,2140.35,2057.17,2053.83,2065.52,2084,2044.63
2026-04-04T01:08:40,68589.49,69310,68653.38,67370.42,67562.93,65998.05,67578.75,65712.12,66282,66775.91,22105.40662,19020.1899,20203.47916,11429.13131,7373.51613,-0.002497786,-0.017792692,9.313624303252813E-4,0.005019391,0.025761503420038016,68284.48,68113.92,66901.99,66964.3,67300.42,2124.03,2167.85,2159.37,2081.76,2084,2012.64,2082.08,2017.04,2040.66,2044.63,421897.9023,399227.3779,346872.8323,136266.6393,86504.4406,0.016585685584417472,-0.038862803,-0.00162359,0.005691805,0.021616832565165233,2105.43,2140.35,2057.17,2053.83,2065.52,2110.17,2123.49,2021.5
2026-04-05T01:08:40,69310,68653.38,67370.42,67562.93,69136.2,67578.75,65712.12,66282,66775.91,66611.66,19020.1899,20203.47916,11429.13131,7373.51613,11733.46752,-0.017792692,9.313624303252813E-4,0.005019391,0.025761503420038016,-0.002614937,68113.92,66901.99,66964.3,67300.42,69034.18,2167.85,2159.37,2081.76,2084,2123.49,2082.08,2017.04,2040.66,2044.63,2021.5,399227.3779,346872.8323,136266.6393,86504.4406,157353.3199,-0.038862803,-0.00162359,0.005691805,0.021616832565165233,-0.001426425,2140.35,2057.17,2053.83,2065.52,2110.17,2107.16,2174.79,2087.5
2026-04-06T01:08:40,68653.38,67370.42,67562.93,69136.2,70351.46,65712.12,66282,66775.91,66611.66,68300,20203.47916,11429.13131,7373.51613,11733.46752,20281.61044,9.313624303252813E-4,0.005019391,0.025761503420038016,-0.002614937,0.044595450699352765,66901.99,66964.3,67300.42,69034.18,68853.66,2159.37,2081.76,2084,2123.49,2174.79,2017.04,2040.66,2044.63,2021.5,2087.5,346872.8323,136266.6393,86504.4406,157353.3199,356054.2894,-0.00162359,0.005691805,0.021616832565165233,-0.001426425,0.063046945,2057.17,2053.83,2065.52,2110.17,2107.16,2240.01,2273.87,2060.24
2026-04-07T01:08:40,67370.42,67562.93,69136.2,70351.46,72761,66282,66775.91,66611.66,68300,67732.01,11429.13131,7373.51613,11733.46752,20281.61044,23750.49661,0.005019391,0.025761503420038016,-0.002614937,0.044595450699352765,-0.01187764,66964.3,67300.42,69034.18,68853.66,71924.22,2081.76,2084,2123.49,2174.79,2273.87,2040.66,2044.63,2021.5,2087.5,2060.24,136266.6393,86504.4406,157353.3199,356054.2894,460094.8093,0.005691805,0.021616832565165233,-0.001426425,0.063046945,-0.022325793,2053.83,2065.52,2110.17,2107.16,2240.01,2190,2270.55,2179.78
2026-04-08T01:08:40,67562.93,69136.2,70351.46,72761,72857,66775.91,66611.66,68300,67732.01,70707.23,7373.51613,11733.46752,20281.61044,23750.49661,19802.68627,0.025761503420038016,-0.002614937,0.044595450699352765,-0.01187764,0.010103288409036118,67300.42,69034.18,68853.66,71924.22,71069.93,2084,2123.49,2174.79,2273.87,2270.55,2044.63,2021.5,2087.5,2060.24,2179.78,86504.4406,157353.3199,356054.2894,460094.8093,404717.6321,0.021616832565165233,-0.001426425,0.063046945,-0.022325793,9.132420091315895E-5,2065.52,2110.17,2107.16,2240.01,2190,2190.2,2246,2157.31
2026-04-09T01:08:40,69136.2,70351.46,72761,72857,73145,66611.66,68300,67732.01,70707.23,70466,11733.46752,20281.61044,23750.49661,19802.68627,18158.42159,-0.002614937,0.044595450699352765,-0.01187764,0.010103288409036118,0.016363884,69034.18,68853.66,71924.22,71069.93,71787.97,2123.49,2174.79,2273.87,2270.55,2246,2021.5,2087.5,2060.24,2179.78,2157.31,157353.3199,356054.2894,460094.8093,404717.6321,275317.9503,-0.001426425,0.063046945,-0.022325793,9.132420091315895E-5,0.025043375034243615,2110.17,2107.16,2240.01,2190,2190.2,2245.05,2257.99,2176.1
2026-04-10T01:08:40,70351.46,72761,72857,73145,73434,68300,67732.01,70707.23,70466,71426.15,20281.61044,23750.49661,19802.68627,18158.42159,17372.63288,0.044595450699352765,-0.01187764,0.010103288409036118,0.016363884,0.001102755,68853.66,71924.22,71069.93,71787.97,72962.7,2174.79,2273.87,2270.55,2246,2257.99,2087.5,2060.24,2179.78,2157.31,2176.1,356054.2894,460094.8093,404717.6321,275317.9503,272899.0858,0.063046945,-0.022325793,9.132420091315895E-5,0.025043375034243615,0.017790249660363733,2107.16,2240.01,2190,2190.2,2245.05,2284.99,2329.93,2229
2026-04-11T01:08:40,72761,72857,73145,73434,73790,67732.01,70707.23,70466,71426.15,72513.09,23750.49661,19802.68627,18158.42159,17372.63288,9070.94374,-0.01187764,0.010103288409036118,0.016363884,0.001102755,-0.031518078,71924.22,71069.93,71787.97,72962.7,73043.16,2273.87,2270.55,2246,2257.99,2329.93,2060.24,2179.78,2157.31,2176.1,2229,460094.8093,404717.6321,275317.9503,272899.0858,214785.4039,-0.022325793,9.132420091315895E-5,0.025043375034243615,0.017790249660363733,-0.040849194,2240.01,2190,2190.2,2245.05,2284.99,2191.65,2288.57,2175
2026-04-12T01:08:40,72857,73145,73434,73790,73137.24,70707.23,70466,71426.15,72513.09,70505.88,19802.68627,18158.42159,17372.63288,9070.94374,13472.46801,0.010103288409036118,0.016363884,0.001102755,-0.031518078,0.0519785,71069.93,71787.97,72962.7,73043.16,70740.98,2270.55,2246,2257.99,2329.93,2288.57,2179.78,2157.31,2176.1,2229,2175,404717.6321,275317.9503,272899.0858,214785.4039,258156.8821,9.132420091315895E-5,0.025043375034243615,0.017790249660363733,-0.040849194,0.081130655,2190,2190.2,2245.05,2284.99,2191.65,2369.46,2394.71,2175.68
2026-04-13T01:08:40,73145,73434,73790,73137.24,74900,70466,71426.15,72513.09,70505.88,70566.99,18158.42159,17372.63288,9070.94374,13472.46801,24230.21625,0.016363884,0.001102755,-0.031518078,0.0519785,-0.003849069,71787.97,72962.7,73043.16,70740.98,74417.99,2246,2257.99,2329.93,2288.57,2394.71,2157.31,2176.1,2229,2175,2175.68,275317.9503,272899.0858,214785.4039,258156.8821,453870.8292,0.025043375034243615,0.017790249660363733,-0.040849194,0.081130655,-0.019844184,2190.2,2245.05,2284.99,2191.65,2369.46,2322.44,2415.5,2302.9
2026-04-14T01:08:40,73434,73790,73137.24,74900,76038,71426.15,72513.09,70505.88,70566.99,73795.47,17372.63288,9070.94374,13472.46801,24230.21625,26532.94456,0.001102755,-0.031518078,0.0519785,-0.003849069,0.009151839,72962.7,73043.16,70740.98,74417.99,74131.55,2257.99,2329.93,2288.57,2394.71,2415.5,2176.1,2229,2175,2175.68,2302.9,272899.0858,214785.4039,258156.8821,453870.8292,460107.3841,0.017790249660363733,-0.040849194,0.081130655,-0.019844184,0.016151117,2245.05,2284.99,2191.65,2369.46,2322.44,2359.95,2385.61,2308.5
2026-04-15T01:08:40,73790,73137.24,74900,76038,75425,72513.09,70505.88,70566.99,73795.47,73514,9070.94374,13472.46801,24230.21625,26532.94456,14425.04167,-0.031518078,0.0519785,-0.003849069,0.009151839,0.004602327,73043.16,70740.98,74417.99,74131.55,74809.99,2329.93,2288.57,2394.71,2415.5,2385.61,2229,2175,2175.68,2302.9,2308.5,214785.4039,258156.8821,453870.8292,460107.3841,268190.6377,-0.040849194,0.081130655,-0.019844184,0.016151117,-0.004991631,2284.99,2191.65,2369.46,2322.44,2359.95,2348.17,2369.59,2285.1
2026-04-16T01:08:40,73137.24,74900,76038,75425,75534.76,70505.88,70566.99,73795.47,73514,73309.85,13472.46801,24230.21625,26532.94456,14425.04167,17088.68777,0.0519785,-0.003849069,0.009151839,0.004602327,0.025516973149503595,70740.98,74417.99,74131.55,74809.99,75154.29,2288.57,2394.71,2415.5,2385.61,2369.59,2175,2175.68,2302.9,2308.5,2285.1,258156.8821,453870.8292,460107.3841,268190.6377,328960.9377,0.081130655,-0.019844184,0.016151117,-0.004991631,0.030163915,2191.65,2369.46,2322.44,2359.95,2348.17,2419,2464.91,2317.43
2026-04-17T01:08:40,74900,76038,75425,75534.76,78333,70566.99,73795.47,73514,73309.85,74529.4,24230.21625,26532.94456,14425.04167,17088.68777,25941.36694,-0.003849069,0.009151839,0.004602327,0.025516973149503595,-0.017908449,74417.99,74131.55,74809.99,75154.29,77072,2394.71,2415.5,2385.61,2369.59,2464.91,2175.68,2302.9,2308.5,2285.1,2317.43,453870.8292,460107.3841,268190.6377,328960.9377,491731.3615,-0.019844184,0.016151117,-0.004991631,0.030163915,-0.028391897,2369.46,2322.44,2359.95,2348.17,2419,2350.32,2427.64,2339.92
2026-04-18T01:08:40,76038,75425,75534.76,78333,77420.08,73795.47,73514,73309.85,74529.4,75445.16,26532.94456,14425.04167,17088.68777,25941.36694,9141.84456,0.009151839,0.004602327,0.025516973149503595,-0.017908449,-0.024969297,74131.55,74809.99,75154.29,77072,75691.76,2415.5,2385.61,2369.59,2464.91,2427.64,2302.9,2308.5,2285.1,2317.43,2339.92,460107.3841,268190.6377,328960.9377,491731.3615,221741.3888,0.016151117,-0.004991631,0.030163915,-0.028391897,-0.03703751,2322.44,2359.95,2348.17,2419,2350.32,2263.27,2355.3,2252.72
2026-04-19T01:08:40,75425,75534.76,78333,77420.08,76240.66,73514,73309.85,74529.4,75445.16,73762.9,14425.04167,17088.68777,25941.36694,9141.84456,11369.82232,0.004602327,0.025516973149503595,-0.017908449,-0.024969297,0.027630495141107117,74809.99,75154.29,77072,75691.76,73801.79,2385.61,2369.59,2464.91,2427.64,2355.3,2308.5,2285.1,2317.43,2339.92,2252.72,268190.6377,328960.9377,491731.3615,221741.3888,256086.8276,-0.004991631,0.030163915,-0.028391897,-0.03703751,0.022348195310325294,2359.95,2348.17,2419,2350.32,2263.27,2313.85,2346.78,2259.67
2026-04-20T01:08:40,75534.76,78333,77420.08,76240.66,76558.62,73309.85,74529.4,75445.16,73762.9,73724.31,17088.68777,25941.36694,9141.84456,11369.82232,16993.41034,0.025516973149503595,-0.017908449,-0.024969297,0.027630495141107117,0.006529189,75154.29,77072,75691.76,73801.79,75840.97,2369.59,2464.91,2427.64,2355.3,2346.78,2285.1,2317.43,2339.92,2252.72,2259.67,328960.9377,491731.3615,221741.3888,256086.8276,301000.0659,0.030163915,-0.028391897,-0.03703751,0.022348195310325294,0.005743674,2348.17,2419,2350.32,2263.27,2313.85,2327.14,2338.75,2284.19
2026-04-21T01:08:40,78333,77420.08,76240.66,76558.62,76927.57,74529.4,75445.16,73762.9,73724.31,74821.57,25941.36694,9141.84456,11369.82232,16993.41034,14912.57132,-0.017908449,-0.024969297,0.027630495141107117,0.006529189,0.024131161972407594,77072,75691.76,73801.79,75840.97,76336.15,2464.91,2427.64,2355.3,2346.78,2338.75,2317.43,2339.92,2252.72,2259.67,2284.19,491731.3615,221741.3888,256086.8276,301000.0659,226645.977,-0.028391897,-0.03703751,0.022348195310325294,0.005743674,0.020166384,2419,2350.32,2263.27,2313.85,2327.14,2374.07,2423.75,2312.95
2026-04-22T01:08:40,77420.08,76240.66,76558.62,76927.57,79472.82,75445.16,73762.9,73724.31,74821.57,76132.95,9141.84456,11369.82232,16993.41034,14912.57132,19737.51225,-0.024969297,0.027630495141107117,0.006529189,0.024131161972407594,0.001013709,75691.76,73801.79,75840.97,76336.15,78178.23,2427.64,2355.3,2346.78,2338.75,2423.75,2339.92,2252.72,2259.67,2284.19,2312.95,221741.3888,256086.8276,301000.0659,226645.977,379707.1259,-0.03703751,0.022348195310325294,0.005743674,0.020166384,-0.018453542,2350.32,2263.27,2313.85,2327.14,2374.07,2330.26,2382,2285.42
2026-04-23T01:08:40,76240.66,76558.62,76927.57,79472.82,78662.5,73762.9,73724.31,74821.57,76132.95,76960,11369.82232,16993.41034,14912.57132,19737.51225,16970.79501,0.027630495141107117,0.006529189,0.024131161972407594,0.001013709,-0.010482704,73801.79,75840.97,76336.15,78178.23,78257.48,2355.3,2346.78,2338.75,2423.75,2382,2252.72,2259.67,2284.19,2312.95,2285.42,256086.8276,301000.0659,226645.977,379707.1259,356645.6923,0.022348195310325294,0.005743674,0.020166384,-0.018453542,-0.006552917,2263.27,2313.85,2327.14,2374.07,2330.26,2314.99,2337.5,2300.22
2026-04-24T01:08:40,76558.62,76927.57,79472.82,78662.5,78581.93,73724.31,74821.57,76132.95,76960,77264.08,16993.41034,14912.57132,19737.51225,16970.79501,12675.14315,0.006529189,0.024131161972407594,0.001013709,-0.010482704,0.002426097,75840.97,76336.15,78178.23,78257.48,77437.13,2346.78,2338.75,2423.75,2382,2337.5,2259.67,2284.19,2312.95,2285.42,2300.22,301000.0659,226645.977,379707.1259,356645.6923,183887.6181,0.005743674,0.020166384,-0.018453542,-0.006552917,0.001948173,2313.85,2327.14,2374.07,2330.26,2314.99,2319.5,2323.21,2300.55
2026-04-25T01:08:40,76927.57,79472.82,78662.5,78581.93,77885.35,74821.57,76132.95,76960,77264.08,77140.23,14912.57132,19737.51225,16970.79501,12675.14315,5685.1142,0.024131161972407594,0.001013709,-0.010482704,0.002426097,0.013301771336553983,76336.15,78178.23,78257.48,77437.13,77625,2338.75,2423.75,2382,2337.5,2323.21,2284.19,2312.95,2285.42,2300.22,2300.55,226645.977,379707.1259,356645.6923,183887.6181,68139.2191,0.020166384,-0.018453542,-0.006552917,0.001948173,0.021530502263418863,2327.14,2374.07,2330.26,2314.99,2319.5,2369.44,2380,2306.72
2026-04-26T01:08:40,79472.82,78662.5,78581.93,77885.35,78961,76132.95,76960,77264.08,77140.23,77326.51,19737.51225,16970.79501,12675.14315,5685.1142,7963.56162,0.001013709,-0.010482704,0.002426097,0.013301771336553983,-0.016352276,78178.23,78257.48,77437.13,77625,78657.55,2423.75,2382,2337.5,2323.21,2380,2312.95,2285.42,2300.22,2300.55,2306.72,379707.1259,356645.6923,183887.6181,68139.2191,154591.6219,-0.018453542,-0.006552917,0.001948173,0.021530502263418863,-0.027757614,2374.07,2330.26,2314.99,2319.5,2369.44,2303.67,2404.37,2266.09
2026-04-27T01:08:40,78662.5,78581.93,77885.35,78961,79485.66,76960,77264.08,77140.23,77326.51,76459.64,16970.79501,12675.14315,5685.1142,7963.56162,16046.92418,-0.010482704,0.002426097,0.013301771336553983,-0.016352276,-0.013293686,78257.48,77437.13,77625,78657.55,77371.32,2382,2337.5,2323.21,2380,2404.37,2285.42,2300.22,2300.55,2306.72,2266.09,356645.6923,183887.6181,68139.2191,154591.6219,300363.8586,-0.006552917,0.001948173,0.021530502263418863,-0.027757614,-0.006185782,2330.26,2314.99,2319.5,2369.44,2303.67,2289.42,2310.88,2258.24
2026-04-28T01:08:40,78581.93,77885.35,78961,79485.66,77478,77264.08,77140.23,77326.51,76459.64,75666.6,12675.14315,5685.1142,7963.56162,16046.92418,13210.72383,0.002426097,0.013301771336553983,-0.016352276,-0.013293686,-0.007371621,77437.13,77625,78657.55,77371.32,76342.77,2337.5,2323.21,2380,2404.37,2310.88,2300.22,2300.55,2306.72,2266.09,2258.24,183887.6181,68139.2191,154591.6219,300363.8586,187932.2201,0.001948173,0.021530502263418863,-0.027757614,-0.006185782,-0.015951638,2314.99,2319.5,2369.44,2303.67,2289.42,2252.9,2346.95,2220.36
