date,BTC.high_4,BTC.high_3,BTC.high_2,BTC.high_1,BTC.high,BTC.low_4,BTC.low_3,BTC.low_2,BTC.low_1,BTC.low,BTC.volume_4,BTC.volume_3,BTC.volume_2,BTC.volume_1,BTC.volume,BTC.return_4,BTC.return_3,BTC.return_2,BTC.return_1,BTC.return,BTC.close_4,BTC.close_3,BTC.close_2,BTC.close_1,BTC.close,ETH.high_4,ETH.high_3,ETH.high_2,ETH.high_1,ETH.high,ETH.low_4,ETH.low_3,ETH.low_2,ETH.low_1,ETH.low,ETH.volume_4,ETH.volume_3,ETH.volume_2,ETH.volume_1,ETH.volume,ETH.return_4,ETH.return_3,ETH.return_2,ETH.return_1,ETH.return,ETH.close_4,ETH.close_3,ETH.close_2,ETH.close_1,ETH.close
2025-11-30T01:08:40,90656.08,91950.0,93092.0,91165.65,92000.01,86306.77,90089.91,90180.63,90155.47,90336.9,21675.82239,16833.50932,18830.86012,7429.88291,9687.74175,0.009393150304329903,-0.004853069422706453,-9.71056444718709E-4,-0.004872556288135014,-0.04508621071270479,90484.02,91333.95,90890.7,90802.44,90360.0,3045.0,3071.37,3099.0,3052.64,3053.02,2888.69,2985.78,2994.36,2961.91,2975.3,364535.326,274980.3955,346616.0275,217904.1303,182722.4253,-0.0037435240008458206,0.005279862564381514,-0.013852828134536475,7.025385058010825E-4,-0.06425051650475053,3026.56,3015.23,3031.15,2989.16,2991.26
2025-12-01T01:08:40,91950.0,93092.0,91165.65,92000.01,90417.0,90089.91,90180.63,90155.47,90336.9,83822.76,16833.50932,18830.86012,7429.88291,9687.74175,34509.01227,-0.004853069422706453,-9.71056444718709E-4,-0.004872556288135014,-0.04508621071270479,0.057852599743573846,91333.95,90890.7,90802.44,90360.0,86286.01,3071.37,3099.0,3052.64,3053.02,2999.47,2985.78,2994.36,2961.91,2975.3,2716.04,274980.3955,346616.0275,217904.1303,182722.4253,849002.9909,0.005279862564381514,-0.013852828134536475,7.025385058010825E-4,-0.06425051650475053,0.07038051924389171,3015.23,3031.15,2989.16,2991.26,2799.07
2025-12-02T01:08:40,93092.0,91165.65,92000.01,90417.0,92307.65,90180.63,90155.47,90336.9,83822.76,86184.39,18830.86012,7429.88291,9687.74175,34509.01227,28210.22732,-9.71056444718709E-4,-0.004872556288135014,-0.04508621071270479,0.057852599743573846,0.023577125147954712,90890.7,90802.44,90360.0,86286.01,91277.88,3099.0,3052.64,3053.02,2999.47,3033.76,2994.36,2961.91,2975.3,2716.04,2782.19,346616.0275,217904.1303,182722.4253,849002.9909,523707.3586,-0.013852828134536475,7.025385058010825E-4,-0.06425051650475053,0.07038051924389171,0.0641807434405738,3031.15,2989.16,2991.26,2799.07,2996.07
2025-12-03T01:08:40,91165.65,92000.01,90417.0,92307.65,94150.0,90155.47,90336.9,83822.76,86184.39,90990.23,7429.88291,9687.74175,34509.01227,28210.22732,25712.52585,-0.004872556288135014,-0.04508621071270479,0.057852599743573846,0.023577125147954712,-0.014469557138797565,90802.44,90360.0,86286.01,91277.88,93429.95,3052.64,3053.02,2999.47,3033.76,3214.99,2961.91,2975.3,2716.04,2782.19,2985.58,217904.1303,182722.4253,849002.9909,523707.3586,553669.8146,7.025385058010825E-4,-0.06425051650475053,0.07038051924389171,0.0641807434405738,-0.017281611863152187,2989.16,2991.26,2799.07,2996.07,3188.36
2025-12-04T01:08:40,92000.01,90417.0,92307.65,94150.0,94080.0,90336.9,83822.76,86184.39,90990.23,90889.0,9687.74175,34509.01227,28210.22732,25712.52585,19803.94059,-0.04508621071270479,0.057852599743573846,0.023577125147954712,-0.014469557138797565,-0.029844460232980628,90360.0,86286.01,91277.88,93429.95,92078.06,3053.02,2999.47,3033.76,3214.99,3240.35,2975.3,2716.04,2782.19,2985.58,3066.37,182722.4253,849002.9909,523707.3586,553669.8146,486698.3987,-0.06425051650475053,0.07038051924389171,0.0641807434405738,-0.017281611863152187,-0.03557955611727083,2991.26,2799.07,2996.07,3188.36,3133.26
2025-12-05T01:08:40,90417.0,92307.65,94150.0,94080.0,92692.36,83822.76,86184.39,90990.23,90889.0,88056.0,34509.01227,28210.22732,25712.52585,19803.94059,19792.97218,0.057852599743573846,0.023577125147954712,-0.014469557138797565,-0.029844460232980628,-0.0010438817669845442,86286.01,91277.88,93429.95,92078.06,89330.04,2999.47,3033.76,3214.99,3240.35,3193.33,2716.04,2782.19,2985.58,3066.37,2983.08,849002.9909,523707.3586,553669.8146,486698.3987,530382.8986,0.07038051924389171,0.0641807434405738,-0.017281611863152187,-0.03557955611727083,0.005387553031656753,2799.07,2996.07,3188.36,3133.26,3021.78
2025-12-06T01:08:40,92307.65,94150.0,94080.0,92692.36,90289.97,86184.39,90990.23,90889.0,88056.0,88908.01,28210.22732,25712.52585,19803.94059,19792.97218,8409.50016,0.023577125147954712,-0.014469557138797565,-0.029844460232980628,-0.0010438817669845442,0.012982537807556774,91277.88,93429.95,92078.06,89330.04,89236.79,3033.76,3214.99,3240.35,3193.33,3069.0,2782.19,2985.58,3066.37,2983.08,3012.58,523707.3586,553669.8146,486698.3987,530382.8986,159721.2488,0.0641807434405738,-0.017281611863152187,-0.03557955611727083,0.005387553031656753,0.007172340243444818,2996.07,3188.36,3133.26,3021.78,3038.06
2025-12-07T01:08:40,94150.0,94080.0,92692.36,90289.97,91760.0,90990.23,90889.0,88056.0,88908.01,87719.28,25712.52585,19803.94059,19792.97218,8409.50016,13021.11185,-0.014469557138797565,-0.029844460232980628,-0.0010438817669845442,0.012982537807556774,0.002644274354499131,93429.95,92078.06,89330.04,89236.79,90395.31,3214.99,3240.35,3193.33,3069.0,3150.0,2985.58,3066.37,2983.08,3012.58,2907.52,553669.8146,486698.3987,530382.8986,159721.2488,391129.675,-0.017281611863152187,-0.03557955611727083,0.005387553031656753,0.007172340243444818,0.02101737013252282,3188.36,3133.26,3021.78,3038.06,3059.85
2025-12-08T01:08:40,94080.0,92692.36,90289.97,91760.0,92287.15,90889.0,88056.0,88908.01,87719.28,89612.0,19803.94059,19792.97218,8409.50016,13021.11185,15793.63887,-0.029844460232980628,-0.0010438817669845442,0.012982537807556774,0.002644274354499131,0.02255723382550153,92078.06,89330.04,89236.79,90395.31,90634.34,3240.35,3193.33,3069.0,3150.0,3180.51,3066.37,2983.08,3012.58,2907.52,3040.87,486698.3987,530382.8986,159721.2488,391129.675,452820.2207,-0.03557955611727083,0.005387553031656753,0.007172340243444818,0.02101737013252282,0.062058281266004336,3133.26,3021.78,3038.06,3059.85,3124.16
2025-12-09T01:08:40,92692.36,90289.97,91760.0,92287.15,94588.99,88056.0,88908.01,87719.28,89612.0,89500.0,19792.97218,8409.50016,13021.11185,15793.63887,21240.43014,-0.0010438817669845442,0.012982537807556774,0.002644274354499131,0.02255723382550153,-0.007158379262571457,89330.04,89236.79,90395.31,90634.34,92678.8,3193.33,3069.0,3150.0,3180.51,3397.85,2983.08,3012.58,2907.52,3040.87,3090.8,530382.8986,159721.2488,391129.675,452820.2207,603859.9458,0.005387553031656753,0.007172340243444818,0.02101737013252282,0.062058281266004336,0.0018384347385805805,3021.78,3038.06,3059.85,3124.16,3318.04
2025-12-10T01:08:40,90289.97,91760.0,92287.15,94588.99,94476.0,88908.01,87719.28,89612.0,89500.0,91563.15,8409.50016,13021.11185,15793.63887,21240.43014,18998.68083,0.012982537807556774,0.002644274354499131,0.02255723382550153,-0.007158379262571457,0.0054122479755285375,89236.79,90395.31,90634.34,92678.8,92015.37,3069.0,3150.0,3180.51,3397.85,3447.44,3012.58,2907.52,3040.87,3090.8,3288.1,159721.2488,391129.675,452820.2207,603859.9458,539585.4535,0.007172340243444818,0.02101737013252282,0.062058281266004336,0.0018384347385805805,-0.02609697545831403,3038.06,3059.85,3124.16,3318.04,3324.14
2025-12-11T01:08:40,91760.0,92287.15,94588.99,94476.0,93555.0,87719.28,89612.0,89500.0,91563.15,89260.63,13021.11185,15793.63887,21240.43014,18998.68083,19972.58758,0.002644274354499131,0.02255723382550153,-0.007158379262571457,0.0054122479755285375,-0.024266327746321734,90395.31,90634.34,92678.8,92015.37,92513.38,3150.0,3180.51,3397.85,3447.44,3327.37,2907.52,3040.87,3090.8,3288.1,3145.28,391129.675,452820.2207,603859.9458,539585.4535,504114.2391,0.02101737013252282,0.062058281266004336,0.0018384347385805805,-0.02609697545831403,-0.047115114335931026,3059.85,3124.16,3318.04,3324.14,3237.39
2025-12-12T01:08:40,92287.15,94588.99,94476.0,93555.0,92754.0,89612.0,89500.0,91563.15,89260.63,89480.0,15793.63887,21240.43014,18998.68083,19972.58758,16679.19169,0.02255723382550153,-0.007158379262571457,0.0054122479755285375,-0.024266327746321734,-3.147280078681281E-4,90634.34,92678.8,92015.37,92513.38,90268.42,3180.51,3397.85,3447.44,3327.37,3265.5,3040.87,3090.8,3288.1,3145.28,3045.31,452820.2207,603859.9458,539585.4535,504114.2391,435686.4435,0.062058281266004336,0.0018384347385805805,-0.02609697545831403,-0.047115114335931026,0.009653598542559386,3124.16,3318.04,3324.14,3237.39,3084.86
2025-12-13T01:08:40,94588.99,94476.0,93555.0,92754.0,90634.55,89500.0,91563.15,89260.63,89480.0,89766.39,21240.43014,18998.68083,19972.58758,16679.19169,5895.70788,-0.007158379262571457,0.0054122479755285375,-0.024266327746321734,-3.147280078681281E-4,-0.02291489107769377,92678.8,92015.37,92513.38,90268.42,90240.01,3397.85,3447.44,3327.37,3265.5,3135.68,3090.8,3288.1,3145.28,3045.31,3078.6,603859.9458,539585.4535,504114.2391,435686.4435,136465.7567,0.0018384347385805805,-0.02609697545831403,-0.047115114335931026,0.009653598542559386,-0.01641923304137874,3318.04,3324.14,3237.39,3084.86,3114.64
2025-12-14T01:08:40,94476.0,93555.0,92754.0,90634.55,90472.4,91563.15,89260.63,89480.0,89766.39,87577.36,18998.68083,19972.58758,16679.19169,5895.70788,9416.94004,0.0054122479755285375,-0.024266327746321734,-3.147280078681281E-4,-0.02291489107769377,-0.019735138649757587,92015.37,92513.38,90268.42,90240.01,88172.17,3447.44,3327.37,3265.5,3135.68,3129.54,3288.1,3145.28,3045.31,3078.6,3024.44,539585.4535,504114.2391,435686.4435,136465.7567,279058.3545,-0.02609697545831403,-0.047115114335931026,0.009653598542559386,-0.01641923304137874,-0.03220173004733151,3324.14,3237.39,3084.86,3114.64,3063.5
2025-12-15T01:08:40,93555.0,92754.0,90634.55,90472.4,90052.64,89260.63,89480.0,89766.39,87577.36,85146.64,19972.58758,16679.19169,5895.70788,9416.94004,19778.6919,-0.024266327746321734,-3.147280078681281E-4,-0.02291489107769377,-0.019735138649757587,0.016560286412174698,92513.38,90268.42,90240.01,88172.17,86432.08,3327.37,3265.5,3135.68,3129.54,3177.5,3145.28,3045.31,3078.6,3024.44,2894.57,504114.2391,435686.4435,136465.7567,279058.3545,520509.9555,-0.047115114335931026,0.009653598542559386,-0.01641923304137874,-0.03220173004733151,-8.600772383087601E-4,3237.39,3084.86,3114.64,3063.5,2964.85
2025-12-16T01:08:40,92754.0,90634.55,90472.4,90052.64,88175.98,89480.0,89766.39,87577.36,85146.64,85266.0,16679.19169,5895.70788,9416.94004,19778.6919,18456.05017,-3.147280078681281E-4,-0.02291489107769377,-0.019735138649757587,0.016560286412174698,-0.01843998332867076,90268.42,90240.01,88172.17,86432.08,87863.42,3265.5,3135.68,3129.54,3177.5,2981.87,3045.31,3078.6,3024.44,2894.57,2876.0,435686.4435,136465.7567,279058.3545,520509.9555,378293.1159,0.009653598542559386,-0.01641923304137874,-0.03220173004733151,-8.600772383087601E-4,-0.043483104344597234,3084.86,3114.64,3063.5,2964.85,2962.3
2025-12-17T01:08:40,90634.55,90472.4,90052.64,88175.98,90365.85,89766.39,87577.36,85146.64,85266.0,85314.0,5895.70788,9416.94004,19778.6919,18456.05017,19834.11729,-0.02291489107769377,-0.019735138649757587,0.016560286412174698,-0.01843998332867076,-0.008427445079160979,90240.01,88172.17,86432.08,87863.42,86243.22,3135.68,3129.54,3177.5,2981.87,3030.92,3078.6,3024.44,2894.57,2876.0,2791.02,136465.7567,279058.3545,520509.9555,378293.1159,497630.4162,-0.01641923304137874,-0.03220173004733151,-8.600772383087601E-4,-0.043483104344597234,-0.001736374576935023,3114.64,3063.5,2964.85,2962.3,2833.49
2025-12-18T01:08:40,90472.4,90052.64,88175.98,90365.85,89477.61,87577.36,85146.64,85266.0,85314.0,84450.01,9416.94004,19778.6919,18456.05017,19834.11729,25405.41763,-0.019735138649757587,0.016560286412174698,-0.01843998332867076,-0.008427445079160979,0.030643592264923174,88172.17,86432.08,87863.42,86243.22,85516.41,3129.54,3177.5,2981.87,3030.92,2997.4,3024.44,2894.57,2876.0,2791.02,2775.19,279058.3545,520509.9555,378293.1159,497630.4162,595253.7997,-0.03220173004733151,-8.600772383087601E-4,-0.043483104344597234,-0.001736374576935023,0.05335911785814027,3063.5,2964.85,2962.3,2833.49,2828.57
2025-12-19T01:08:40,90052.64,88175.98,90365.85,89477.61,89399.97,85146.64,85266.0,85314.0,84450.01,85110.24,19778.6919,18456.05017,19834.11729,25405.41763,21256.65004,0.016560286412174698,-0.01843998332867076,-0.008427445079160979,0.030643592264923174,0.0025410457862502585,86432.08,87863.42,86243.22,85516.41,88136.94,3177.5,2981.87,3030.92,2997.4,3020.0,2894.57,2876.0,2791.02,2775.19,2808.63,520509.9555,378293.1159,497630.4162,595253.7997,531702.5439,-8.600772383087601E-4,-0.043483104344597234,-0.001736374576935023,0.05335911785814027,-5.26934049337192E-4,2964.85,2962.3,2833.49,2828.57,2979.5
2025-12-20T01:08:40,88175.98,90365.85,89477.61,89399.97,88573.07,85266.0,85314.0,84450.01,85110.24,87795.76,18456.05017,19834.11729,25405.41763,21256.65004,5123.13194,-0.01843998332867076,-0.008427445079160979,0.030643592264923174,0.0025410457862502585,0.0033720797320987723,87863.42,86243.22,85516.41,88136.94,88360.9,2981.87,3030.92,2997.4,3020.0,2994.41,2876.0,2791.02,2775.19,2808.63,2964.17,378293.1159,497630.4162,595253.7997,531702.5439,91783.7734,-0.043483104344597234,-0.001736374576935023,0.05335911785814027,-5.26934049337192E-4,0.008089511842118568,2962.3,2833.49,2828.57,2979.5,2977.93
2025-12-21T01:08:40,90365.85,89477.61,89399.97,88573.07,89081.77,85314.0,84450.01,85110.24,87795.76,87600.04,19834.11729,25405.41763,21256.65004,5123.13194,7132.87258,-0.008427445079160979,0.030643592264923174,0.0025410457862502585,0.0033720797320987723,-4.29398708713455E-4,86243.22,85516.41,88136.94,88360.9,88658.86,3030.92,2997.4,3020.0,2994.41,3013.4,2791.02,2775.19,2808.63,2964.17,2944.0,497630.4162,595253.7997,531702.5439,91783.7734,162244.8067,-0.001736374576935023,0.05335911785814027,-5.26934049337192E-4,0.008089511842118568,0.0024883245281509783,2833.49,2828.57,2979.5,2977.93,3002.02
2025-12-22T01:08:40,89477.61,89399.97,88573.07,89081.77,90588.23,84450.01,85110.24,87795.76,87600.04,87900.0,25405.41763,21256.65004,5123.13194,7132.87258,14673.2197,0.030643592264923174,0.0025410457862502585,0.0033720797320987723,-4.29398708713455E-4,-0.01280500884724672,85516.41,88136.94,88360.9,88658.86,88620.79,2997.4,3020.0,2994.41,3013.4,3077.39,2775.19,2808.63,2964.17,2944.0,2963.43,595253.7997,531702.5439,91783.7734,162244.8067,298443.5633,0.05335911785814027,-5.26934049337192E-4,0.008089511842118568,0.0024883245281509783,-0.014776590053464142,2828.57,2979.5,2977.93,3002.02,3009.49
2025-12-23T01:08:40,89399.97,88573.07,89081.77,90588.23,88940.0,85110.24,87795.76,87600.04,87900.0,86601.9,21256.65004,5123.13194,7132.87258,14673.2197,13910.32904,0.0025410457862502585,0.0033720797320987723,-4.29398708713455E-4,-0.01280500884724672,0.002096906933680784,88136.94,88360.9,88658.86,88620.79,87486.0,3020.0,2994.41,3013.4,3077.39,3035.79,2808.63,2964.17,2944.0,2963.43,2900.93,531702.5439,91783.7734,162244.8067,298443.5633,386465.747,-5.26934049337192E-4,0.008089511842118568,0.0024883245281509783,-0.014776590053464142,-0.005919015723334137,2979.5,2977.93,3002.02,3009.49,2965.02
2025-12-24T01:08:40,88573.07,89081.77,90588.23,88940.0,88049.89,87795.76,87600.04,87900.0,86601.9,86420.0,5123.13194,7132.87258,14673.2197,13910.32904,9140.8432,0.0033720797320987723,-4.29398708713455E-4,-0.01280500884724672,0.002096906933680784,-0.005066531157660884,88360.9,88658.86,88620.79,87486.0,87669.45,2994.41,3013.4,3077.39,3035.79,2978.15,2964.17,2944.0,2963.43,2900.93,2888.7,91783.7734,162244.8067,298443.5633,386465.747,197035.5598,0.008089511842118568,0.0024883245281509783,-0.014776590053464142,-0.005919015723334137,-0.014765205413456281,2977.93,3002.02,3009.49,2965.02,2947.47
2025-12-25T01:08:40,89081.77,90588.23,88940.0,88049.89,88592.74,87600.04,87900.0,86601.9,86420.0,86934.72,7132.87258,14673.2197,13910.32904,9140.8432,7096.58235,-4.29398708713455E-4,-0.01280500884724672,0.002096906933680784,-0.005066531157660884,0.0016542224518192215,88658.86,88620.79,87486.0,87669.45,87225.27,3013.4,3077.39,3035.79,2978.15,2971.46,2944.0,2963.43,2900.93,2888.7,2891.2,162244.8067,298443.5633,386465.747,197035.5598,188721.2981,0.0024883245281509783,-0.014776590053464142,-0.005919015723334137,-0.014765205413456281,0.008278379448681955,3002.02,3009.49,2965.02,2947.47,2903.95
2025-12-26T01:08:40,90588.23,88940.0,88049.89,88592.74,89567.75,87900.0,86601.9,86420.0,86934.72,86655.08,14673.2197,13910.32904,9140.8432,7096.58235,18344.61505,-0.01280500884724672,0.002096906933680784,-0.005066531157660884,0.0016542224518192215,0.005808086935541361,88620.79,87486.0,87669.45,87225.27,87369.56,3077.39,3035.79,2978.15,2971.46,2994.38,2963.43,2900.93,2888.7,2891.2,2894.26,298443.5633,386465.747,197035.5598,188721.2981,314830.9989,-0.014776590053464142,-0.005919015723334137,-0.014765205413456281,0.008278379448681955,0.007192647515872801,3009.49,2965.02,2947.47,2903.95,2927.99
2025-12-27T01:08:40,88940.0,88049.89,88592.74,89567.75,87984.0,86601.9,86420.0,86934.72,86655.08,87253.05,13910.32904,9140.8432,7096.58235,18344.61505,4469.55156,0.002096906933680784,-0.005066531157660884,0.0016542224518192215,0.005808086935541361,8.614312207483123E-4,87486.0,87669.45,87225.27,87369.56,87877.01,3035.79,2978.15,2971.46,2994.38,2960.89,2900.93,2888.7,2891.2,2894.26,2917.13,386465.747,197035.5598,188721.2981,314830.9989,95040.3956,-0.005919015723334137,-0.014765205413456281,0.008278379448681955,0.007192647515872801,6.307115850866118E-4,2965.02,2947.47,2903.95,2927.99,2949.05
2025-12-28T01:08:40,88049.89,88592.74,89567.75,87984.0,88088.75,86420.0,86934.72,86655.08,87253.05,87435.0,9140.8432,7096.58235,18344.61505,4469.55156,4446.29285,-0.005066531157660884,0.0016542224518192215,0.005808086935541361,8.614312207483123E-4,-0.008135963064696945,87669.45,87225.27,87369.56,87877.01,87952.71,2978.15,2971.46,2994.38,2960.89,2961.23,2888.7,2891.2,2894.26,2917.13,2924.54,197035.5598,188721.2981,314830.9989,95040.3956,128834.139,-0.014765205413456281,0.008278379448681955,0.007192647515872801,6.307115850866118E-4,-0.004408809485887324,2947.47,2903.95,2927.99,2949.05,2950.91
2025-12-29T01:08:40,88592.74,89567.75,87984.0,88088.75,90406.08,86934.72,86655.08,87253.05,87435.0,86806.5,7096.58235,18344.61505,4469.55156,4446.29285,19894.98575,0.0016542224518192215,0.005808086935541361,8.614312207483123E-4,-0.008135963064696945,0.014309961824741375,87225.27,87369.56,87877.01,87952.71,87237.13,2971.46,2994.38,2960.89,2961.23,3057.78,2891.2,2894.26,2917.13,2924.54,2910.25,188721.2981,314830.9989,95040.3956,128834.139,485959.1824,0.008278379448681955,0.007192647515872801,6.307115850866118E-4,-0.004408809485887324,0.012182170938425394,2903.95,2927.99,2949.05,2950.91,2937.9
2025-12-30T01:08:40,89567.75,87984.0,88088.75,90406.08,89400.0,86655.08,87253.05,87435.0,86806.5,86845.66,18344.61505,4469.55156,4446.29285,19894.98575,13105.91001,0.005808086935541361,8.614312207483123E-4,-0.008135963064696945,0.014309961824741375,-0.009462229344042781,87369.56,87877.01,87952.71,87237.13,88485.49,2994.38,2960.89,2961.23,3057.78,3009.8,2894.26,2917.13,2924.54,2910.25,2919.44,314830.9989,95040.3956,128834.139,485959.1824,286583.2879,0.007192647515872801,6.307115850866118E-4,-0.004408809485887324,0.012182170938425394,-6.893791888193396E-4,2927.99,2949.05,2950.91,2937.9,2973.69
2025-12-31T01:08:40,87984.0,88088.75,90406.08,89400.0,89200.0,87253.05,87435.0,86806.5,86845.66,87250.0,4469.55156,4446.29285,19894.98575,13105.91001,11558.62047,8.614312207483123E-4,-0.008135963064696945,0.014309961824741375,-0.009462229344042781,0.01358635691631835,87877.01,87952.71,87237.13,88485.49,87648.22,2960.89,2961.23,3057.78,3009.8,3028.08,2917.13,2924.54,2910.25,2919.44,2958.91,95040.3956,128834.139,485959.1824,286583.2879,233729.5887,6.307115850866118E-4,-0.004408809485887324,0.012182170938425394,-6.893791888193396E-4,0.010953547536040767,2949.05,2950.91,2937.9,2973.69,2971.64
2026-01-01T01:08:40,88088.75,90406.08,89400.0,89200.0,88919.45,87435.0,86806.5,86845.66,87250.0,87550.43,4446.29285,19894.98575,13105.91001,11558.62047,6279.57133,-0.008135963064696945,0.014309961824741375,-0.009462229344042781,0.01358635691631835,0.01301331036445251,87952.71,87237.13,88485.49,87648.22,88839.04,2961.23,3057.78,3009.8,3028.08,3010.0,2924.54,2910.25,2919.44,2958.91,2971.15,128834.139,485959.1824,286583.2879,233729.5887,136088.5207,-0.004408809485887324,0.012182170938425394,-6.893791888193396E-4,0.010953547536040767,0.04036362546976049,2950.91,2937.9,2973.69,2971.64,3004.19
2026-01-02T01:08:40,90406.08,89400.0,89200.0,88919.45,90961.81,86806.5,86845.66,87250.0,87550.43,88379.88,19894.98575,13105.91001,11558.62047,6279.57133,17396.97301,0.014309961824741375,-0.009462229344042781,0.01358635691631835,0.01301331036445251,0.00703238052992412,87237.13,88485.49,87648.22,88839.04,89995.13,3057.78,3009.8,3028.08,3010.0,3150.01,2910.25,2919.44,2958.91,2971.15,2992.49,485959.1824,286583.2879,233729.5887,136088.5207,369891.2449,0.012182170938425394,-6.893791888193396E-4,0.010953547536040767,0.04036362546976049,5.311235182134762E-4,2937.9,2973.69,2971.64,3004.19,3125.45
2026-01-03T01:08:40,89400.0,89200.0,88919.45,90961.81,90741.16,86845.66,87250.0,87550.43,88379.88,89314.01,13105.91001,11558.62047,6279.57133,17396.97301,7057.46716,-0.009462229344042781,0.01358635691631835,0.01301331036445251,0.00703238052992412,0.009949683326380014,88485.49,87648.22,88839.04,89995.13,90628.01,3009.8,3028.08,3010.0,3150.01,3136.71,2919.44,2958.91,2971.15,2992.49,3076.0,286583.2879,233729.5887,136088.5207,369891.2449,134405.2258,-6.893791888193396E-4,0.010953547536040767,0.04036362546976049,5.311235182134762E-4,0.005625001998650412,2973.69,2971.64,3004.19,3125.45,3127.11
2026-01-04T01:08:40,89200.0,88919.45,90961.81,90741.16,91810.0,87250.0,87550.43,88379.88,89314.01,90628.0,11558.62047,6279.57133,17396.97301,7057.46716,10426.5297,0.01358635691631835,0.01301331036445251,0.00703238052992412,0.009949683326380014,0.025455991184503774,87648.22,88839.04,89995.13,90628.01,91529.73,3028.08,3010.0,3150.01,3136.71,3167.22,2958.91,2971.15,2992.49,3076.0,3118.75,233729.5887,136088.5207,369891.2449,134405.2258,181576.0686,0.010953547536040767,0.04036362546976049,5.311235182134762E-4,0.005625001998650412,0.02553184723503036,2971.64,3004.19,3125.45,3127.11,3144.7
2026-01-05T01:08:40,88919.45,90961.81,90741.16,91810.0,94789.08,87550.43,88379.88,89314.01,90628.0,91514.81,6279.57133,17396.97301,7057.46716,10426.5297,20673.59584,0.01301331036445251,0.00703238052992412,0.009949683326380014,0.025455991184503774,-0.001190500162423315,88839.04,89995.13,90628.01,91529.73,93859.71,3010.0,3150.01,3136.71,3167.22,3265.66,2971.15,2992.49,3076.0,3118.75,3135.02,136088.5207,369891.2449,134405.2258,181576.0686,382446.6618,0.04036362546976049,5.311235182134762E-4,0.005625001998650412,0.02553184723503036,0.02227913885004306,3004.19,3125.45,3127.11,3144.7,3224.99
2026-01-06T01:08:40,90961.81,90741.16,91810.0,94789.08,94444.44,88379.88,89314.01,90628.0,91514.81,91262.94,17396.97301,7057.46716,10426.5297,20673.59584,18546.41829,0.00703238052992412,0.009949683326380014,0.025455991184503774,-0.001190500162423315,-0.025427857264535943,89995.13,90628.01,91529.73,93859.71,93747.97,3150.01,3136.71,3167.22,3265.66,3308.86,2992.49,3076.0,3118.75,3135.02,3183.27,369891.2449,134405.2258,181576.0686,382446.6618,412503.5066,5.311235182134762E-4,0.005625001998650412,0.02553184723503036,0.02227913885004306,-0.03886145521165733,3125.45,3127.11,3144.7,3224.99,3296.84
2026-01-07T01:08:40,90741.16,91810.0,94789.08,94444.44,93747.97,89314.01,90628.0,91514.81,91262.94,90675.52,7057.46716,10426.5297,20673.59584,18546.41829,14276.49025,0.009949683326380014,0.025455991184503774,-0.001190500162423315,-0.025427857264535943,-0.0028913963637382345,90628.01,91529.73,93859.71,93747.97,91364.16,3136.71,3167.22,3265.66,3308.86,3296.84,3076.0,3118.75,3135.02,3183.27,3125.42,134405.2258,181576.0686,382446.6618,412503.5066,321350.1225,0.005625001998650412,0.02553184723503036,0.02227913885004306,-0.03886145521165733,-0.019588351132318323,3127.11,3144.7,3224.99,3296.84,3168.72
2026-01-08T01:08:40,91810.0,94789.08,94444.44,93747.97,91687.99,90628.0,91514.81,91262.94,90675.52,89311.0,10426.5297,20673.59584,18546.41829,14276.49025,16132.79117,0.025455991184503774,-0.001190500162423315,-0.025427857264535943,-0.0028913963637382345,-0.005035236557106169,91529.73,93859.71,93747.97,91364.16,91099.99,3167.22,3265.66,3308.86,3296.84,3184.39,3118.75,3135.02,3183.27,3125.42,3054.65,181576.0686,382446.6618,412503.5066,321350.1225,343616.1005,0.02553184723503036,0.02227913885004306,-0.03886145521165733,-0.019588351132318323,-0.005874495034844608,3144.7,3224.99,3296.84,3168.72,3106.65
2026-01-09T01:08:40,94789.08,94444.44,93747.97,91687.99,92082.55,91514.81,91262.94,90675.52,89311.0,89694.66,20673.59584,18546.41829,14276.49025,16132.79117,15590.27939,-0.001190500162423315,-0.025427857264535943,-0.0028913963637382345,-0.005035236557106169,-0.0015068189681346263,93859.71,93747.97,91364.16,91099.99,90641.28,3265.66,3308.86,3296.84,3184.39,3148.41,3135.02,3183.27,3125.42,3054.65,3058.69,382446.6618,412503.5066,321350.1225,343616.1005,274587.4533,0.02227913885004306,-0.03886145521165733,-0.019588351132318323,-0.005874495034844608,-5.439709882140561E-4,3224.99,3296.84,3168.72,3106.65,3088.4
2026-01-10T01:08:40,94444.44,93747.97,91687.99,92082.55,90832.0,91262.94,90675.52,89311.0,89694.66,90404.0,18546.41829,14276.49025,16132.79117,15590.27939,3104.11722,-0.025427857264535943,-0.0028913963637382345,-0.005035236557106169,-0.0015068189681346263,0.005623464858731062,93747.97,91364.16,91099.99,90641.28,90504.7,3308.86,3296.84,3184.39,3148.41,3104.12,3183.27,3125.42,3054.65,3058.69,3077.99,412503.5066,321350.1225,343616.1005,274587.4533,82341.0546,-0.03886145521165733,-0.019588351132318323,-0.005874495034844608,-5.439709882140561E-4,0.011899362430022814,3296.84,3168.72,3106.65,3088.4,3086.72
2026-01-11T01:08:40,93747.97,91687.99,92082.55,90832.0,91283.89,90675.52,89311.0,89694.66,90404.0,90236.0,14276.49025,16132.79117,15590.27939,3104.11722,5477.13594,-0.0028913963637382345,-0.005035236557106169,-0.0015068189681346263,0.005623464858731062,0.0031044793830376314,91364.16,91099.99,90641.28,90504.7,91013.65,3296.84,3184.39,3148.41,3104.12,3147.27,3125.42,3054.65,3058.69,3077.99,3084.46,321350.1225,343616.1005,274587.4533,82341.0546,149381.2965,-0.019588351132318323,-0.005874495034844608,-5.439709882140561E-4,0.011899362430022814,-0.008868398725767923,3168.72,3106.65,3088.4,3086.72,3123.45
2026-01-12T01:08:40,91687.99,92082.55,90832.0,91283.89,92519.95,89311.0,89694.66,90404.0,90236.0,90128.44,16132.79117,15590.27939,3104.11722,5477.13594,16188.08268,-0.005035236557106169,-0.0015068189681346263,0.005623464858731062,0.0031044793830376314,0.04510373925749377,91099.99,90641.28,90504.7,91013.65,91296.2,3184.39,3148.41,3104.12,3147.27,3171.49,3054.65,3058.69,3077.99,3084.46,3065.55,343616.1005,274587.4533,82341.0546,149381.2965,297373.4681,-0.005874495034844608,-5.439709882140561E-4,0.011899362430022814,-0.008868398725767923,0.0743180166357103,3106.65,3088.4,3086.72,3123.45,3095.75
2026-01-13T01:08:40,92082.55,90832.0,91283.89,92519.95,96495.0,89694.66,90404.0,90236.0,90128.44,91042.66,15590.27939,3104.11722,5477.13594,16188.08268,23021.51482,-0.0015068189681346263,0.005623464858731062,0.0031044793830376314,0.04510373925749377,0.016116922044982905,90641.28,90504.7,91013.65,91296.2,95414.0,3148.41,3104.12,3147.27,3171.49,3367.79,3058.69,3077.99,3084.46,3065.55,3091.96,274587.4533,82341.0546,149381.2965,297373.4681,457782.2816,-5.439709882140561E-4,0.011899362430022814,-0.008868398725767923,0.0743180166357103,0.008749721873101943,3088.4,3086.72,3123.45,3095.75,3325.82
2026-01-14T01:08:40,90832.0,91283.89,92519.95,96495.0,97924.49,90404.0,90236.0,90128.44,91042.66,94559.28,3104.11722,5477.13594,16188.08268,23021.51482,22851.89428,0.005623464858731062,0.0031044793830376314,0.04510373925749377,0.016116922044982905,-0.013893298297359738,90504.7,91013.65,91296.2,95414.0,96951.78,3104.12,3147.27,3171.49,3367.79,3402.89,3077.99,3084.46,3065.55,3091.96,3280.48,82341.0546,149381.2965,297373.4681,457782.2816,503440.0759,0.011899362430022814,-0.008868398725767923,0.0743180166357103,0.008749721873101943,-0.010799065253418864,3086.72,3123.45,3095.75,3325.82,3354.92
2026-01-15T01:08:40,91283.89,92519.95,96495.0,97924.49,97193.34,90236.0,90128.44,91042.66,94559.28,95134.48,5477.13594,16188.08268,23021.51482,22851.89428,21725.81369,0.0031044793830376314,0.04510373925749377,0.016116922044982905,-0.013893298297359738,-5.633608354392309E-4,91013.65,91296.2,95414.0,96951.78,95604.8,3147.27,3171.49,3367.79,3402.89,3384.19,3084.46,3065.55,3091.96,3280.48,3273.72,149381.2965,297373.4681,457782.2816,503440.0759,389993.836,-0.008868398725767923,0.0743180166357103,0.008749721873101943,-0.010799065253418864,-0.006752664454950554,3123.45,3095.75,3325.82,3354.92,3318.69
2026-01-16T01:08:40,92519.95,96495.0,97924.49,97193.34,95871.47,90128.44,91042.66,94559.28,95134.48,94293.46,16188.08268,23021.51482,22851.89428,21725.81369,11167.7146,0.04510373925749377,0.016116922044982905,-0.013893298297359738,-5.633608354392309E-4,-0.004219424738260013,91296.2,95414.0,96951.78,95604.8,95550.94,3171.49,3367.79,3402.89,3384.19,3326.79,3065.55,3091.96,3280.48,3273.72,3253.01,297373.4681,457782.2816,503440.0759,389993.836,223921.7876,0.0743180166357103,0.008749721873101943,-0.010799065253418864,-0.006752664454950554,0.0043321562488622765,3095.75,3325.82,3354.92,3318.69,3296.28
2026-01-17T01:08:40,96495.0,97924.49,97193.34,95871.47,95639.45,91042.66,94559.28,95134.48,94293.46,95021.67,23021.51482,22851.89428,21725.81369,11167.7146,4280.80137,0.016116922044982905,-0.013893298297359738,-5.633608354392309E-4,-0.004219424738260013,-0.015498313833314271,95414.0,96951.78,95604.8,95550.94,95147.77,3367.79,3402.89,3384.19,3326.79,3330.26,3091.96,3280.48,3273.72,3253.01,3283.96,457782.2816,503440.0759,389993.836,223921.7876,124325.0303,0.008749721873101943,-0.010799065253418864,-0.006752664454950554,0.0043321562488622765,-0.008013749939587183,3325.82,3354.92,3318.69,3296.28,3310.56
2026-01-18T01:08:40,97924.49,97193.34,95871.47,95639.45,95531.12,94559.28,95134.48,94293.46,95021.67,93615.4,22851.89428,21725.81369,11167.7146,4280.80137,6895.17819,-0.013893298297359738,-5.633608354392309E-4,-0.004219424738260013,-0.015498313833314271,-0.011125280950334316,96951.78,95604.8,95550.94,95147.77,93673.14,3402.89,3384.19,3326.79,3330.26,3368.82,3280.48,3273.72,3253.01,3283.96,3278.86,503440.0759,389993.836,223921.7876,124325.0303,173354.3026,-0.010799065253418864,-0.006752664454950554,0.0043321562488622765,-0.008013749939587183,-0.028769530120004997,3354.92,3318.69,3296.28,3310.56,3284.03
2026-01-19T01:08:40,97193.34,95871.47,95639.45,95531.12,93673.14,95134.48,94293.46,95021.67,93615.4,91910.2,21725.81369,11167.7146,4280.80137,6895.17819,14295.52747,-5.633608354392309E-4,-0.004219424738260013,-0.015498313833314271,-0.011125280950334316,-0.04537724951690035,95604.8,95550.94,95147.77,93673.14,92631.0,3384.19,3326.79,3330.26,3368.82,3284.58,3273.72,3253.01,3283.96,3278.86,3165.38,389993.836,223921.7876,124325.0303,173354.3026,442540.5596,-0.006752664454950554,0.0043321562488622765,-0.008013749939587183,-0.028769530120004997,-0.07827749996080954,3318.69,3296.28,3310.56,3284.03,3189.55
2026-01-20T01:08:40,95871.47,95639.45,95531.12,93673.14,92870.0,94293.46,95021.67,93615.4,91910.2,87895.98,11167.7146,4280.80137,6895.17819,14295.52747,22007.3261,-0.004219424738260013,-0.015498313833314271,-0.011125280950334316,-0.04537724951690035,0.011614804688940003,95550.94,95147.77,93673.14,92631.0,88427.66,3326.79,3330.26,3368.82,3284.58,3200.5,3253.01,3283.96,3278.86,3165.38,2920.0,223921.7876,124325.0303,173354.3026,442540.5596,518166.4787,0.0043321562488622765,-0.008013749939587183,-0.028769530120004997,-0.07827749996080954,0.014418955875749987,3296.28,3310.56,3284.03,3189.55,2939.88
2026-01-21T01:08:40,95639.45,95531.12,93673.14,92870.0,90574.0,95021.67,93615.4,91910.2,87895.98,87263.53,4280.80137,6895.17819,14295.52747,22007.3261,20617.50372,-0.015498313833314271,-0.011125280950334316,-0.04537724951690035,0.011614804688940003,0.0011731073359676155,95147.77,93673.14,92631.0,88427.66,89454.73,3330.26,3368.82,3284.58,3200.5,3069.07,3283.96,3278.86,3165.38,2920.0,2866.11,124325.0303,173354.3026,442540.5596,518166.4787,577800.2481,-0.008013749939587183,-0.028769530120004997,-0.07827749996080954,0.014418955875749987,-0.009918619038517614,3310.56,3284.03,3189.55,2939.88,2982.27
2026-01-22T01:08:40,95531.12,93673.14,92870.0,90574.0,90359.99,93615.4,91910.2,87895.98,87263.53,88515.37,6895.17819,14295.52747,22007.3261,20617.50372,10825.50492,-0.011125280950334316,-0.04537724951690035,0.011614804688940003,0.0011731073359676155,4.532173912654715E-4,93673.14,92631.0,88427.66,89454.73,89559.67,3368.82,3284.58,3200.5,3069.07,3038.33,3278.86,3165.38,2920.0,2866.11,2906.02,173354.3026,442540.5596,518166.4787,577800.2481,291660.7349,-0.028769530120004997,-0.07827749996080954,0.014418955875749987,-0.009918619038517614,0.0012598681202563764,3284.03,3189.55,2939.88,2982.27,2952.69
2026-01-23T01:08:40,93673.14,92870.0,90574.0,90359.99,91224.99,91910.2,87895.98,87263.53,88515.37,88578.36,14295.52747,22007.3261,20617.50372,10825.50492,13918.48919,-0.04537724951690035,0.011614804688940003,0.0011731073359676155,4.532173912654715E-4,-0.0041843628578756165,92631.0,88427.66,89454.73,89559.67,89600.26,3284.58,3200.5,3069.07,3038.33,3019.26,3165.38,2920.0,2866.11,2906.02,2892.4,442540.5596,518166.4787,577800.2481,291660.7349,318415.3317,-0.07827749996080954,0.014418955875749987,-0.009918619038517614,0.0012598681202563764,-0.0010790113685179169,3189.55,2939.88,2982.27,2952.69,2956.41
2026-01-24T01:08:40,92870.0,90574.0,90359.99,91224.99,89957.39,87895.98,87263.53,88515.37,88578.36,89162.08,22007.3261,20617.50372,10825.50492,13918.48919,4226.56737,0.011614804688940003,0.0011731073359676155,4.532173912654715E-4,-0.0041843628578756165,-0.02863513885181044,88427.66,89454.73,89559.67,89600.26,89225.34,3200.5,3069.07,3038.33,3019.26,2970.41,2920.0,2866.11,2906.02,2892.4,2943.84,518166.4787,577800.2481,291660.7349,318415.3317,92082.9039,0.014418955875749987,-0.009918619038517614,0.0012598681202563764,-0.0010790113685179169,-0.046163171047195924,2939.88,2982.27,2952.69,2956.41,2953.22
2026-01-25T01:08:40,90574.0,90359.99,91224.99,89957.39,89319.13,87263.53,88515.37,88578.36,89162.08,86074.72,20617.50372,10825.50492,13918.48919,4226.56737,14426.22019,0.0011731073359676155,4.532173912654715E-4,-0.0041843628578756165,-0.02863513885181044,0.01934594479589102,89454.73,89559.67,89600.26,89225.34,86670.36,3069.07,3038.33,3019.26,2970.41,2960.29,2866.11,2906.02,2892.4,2943.84,2787.0,577800.2481,291660.7349,318415.3317,92082.9039,380186.5326,-0.009918619038517614,0.0012598681202563764,-0.0010790113685179169,-0.046163171047195924,0.04027846312777568,2982.27,2952.69,2956.41,2953.22,2816.89
2026-01-26T01:08:40,90359.99,91224.99,89957.39,89319.13,88860.0,88515.37,88578.36,89162.08,86074.72,86509.63,10825.50492,13918.48919,4226.56737,14426.22019,17766.51453,4.532173912654715E-4,-0.0041843628578756165,-0.02863513885181044,0.01934594479589102,0.010220145363038577,89559.67,89600.26,89225.34,86670.36,88347.08,3038.33,3019.26,2970.41,2960.29,2951.21,2906.02,2892.4,2943.84,2787.0,2812.37,291660.7349,318415.3317,92082.9039,380186.5326,485169.3372,0.0012598681202563764,-0.0010790113685179169,-0.046163171047195924,0.04027846312777568,0.03290391932704287,2952.69,2956.41,2953.22,2816.89,2930.35
2026-01-27T01:08:40,91224.99,89957.39,89319.13,88860.0,89523.16,88578.36,89162.08,86074.72,86509.63,87304.33,13918.48919,4226.56737,14426.22019,17766.51453,13125.40425,-0.0041843628578756165,-0.02863513885181044,0.01934594479589102,0.010220145363038577,5.601120448179859E-4,89600.26,89225.34,86670.36,88347.08,89250.0,3019.26,2970.41,2960.29,2951.21,3035.08,2892.4,2943.84,2787.0,2812.37,2899.77,318415.3317,92082.9039,380186.5326,485169.3372,478792.3988,-0.0010790113685179169,-0.046163171047195924,0.04027846312777568,0.03290391932704287,-0.005282859285641057,2956.41,2953.22,2816.89,2930.35,3026.77
2026-01-28T01:08:40,89957.39,89319.13,88860.0,89523.16,90600.0,89162.08,86074.72,86509.63,87304.33,88833.65,4226.56737,14426.22019,17766.51453,13125.40425,14332.18502,-0.02863513885181044,0.01934594479589102,0.010220145363038577,5.601120448179859E-4,-0.05206977066850737,89225.34,86670.36,88347.08,89250.0,89299.99,2970.41,2960.29,2951.21,3035.08,3045.78,2943.84,2787.0,2812.37,2899.77,2983.67,92082.9039,380186.5326,485169.3372,478792.3988,296607.6549,-0.046163171047195924,0.04027846312777568,0.03290391932704287,-0.005282859285641057,-0.06250539727246761,2953.22,2816.89,2930.35,3026.77,3010.78
2026-01-29T01:08:40,89319.13,88860.0,89523.16,90600.0,89348.0,86074.72,86509.63,87304.33,88833.65,83383.33,14426.22019,17766.51453,13125.40425,14332.18502,30431.38201,0.01934594479589102,0.010220145363038577,5.601120448179859E-4,-0.05206977066850737,-0.0046032990368830755,86670.36,88347.08,89250.0,89299.99,84650.16,2960.29,2951.21,3035.08,3045.78,3013.5,2787.0,2812.37,2899.77,2983.67,2754.53,380186.5326,485169.3372,478792.3988,296607.6549,561288.5979,0.04027846312777568,0.03290391932704287,-0.005282859285641057,-0.06250539727246761,-0.040817121863253265,2816.89,2930.35,3026.77,3010.78,2822.59
2026-01-30T01:08:40,88860.0,89523.16,90600.0,89348.0,84735.75,86509.63,87304.33,88833.65,83383.33,81118.0,17766.51453,13125.40425,14332.18502,30431.38201,35195.84793,0.010220145363038577,5.601120448179859E-4,-0.05206977066850737,-0.0046032990368830755,-0.06550401024252302,88347.08,89250.0,89299.99,84650.16,84260.49,2951.21,3035.08,3045.78,3013.5,2828.65,2812.37,2899.77,2983.67,2754.53,2636.01,485169.3372,478792.3988,296607.6549,561288.5979,793279.6252,0.03290391932704287,-0.005282859285641057,-0.06250539727246761,-0.040817121863253265,-0.09434582511505599,2930.35,3026.77,3010.78,2822.59,2707.38
2026-01-31T01:08:40,89523.16,90600.0,89348.0,84735.75,84270.02,87304.33,88833.65,83383.33,81118.0,75719.9,13125.40425,14332.18502,30431.38201,35195.84793,39491.89133,5.601120448179859E-4,-0.05206977066850737,-0.0046032990368830755,-0.06550401024252302,-0.02251530935119123,89250.0,89299.99,84650.16,84260.49,78741.09,3035.08,3045.78,3013.5,2828.65,2714.64,2899.77,2983.67,2754.53,2636.01,2250.0,478792.3988,296607.6549,561288.5979,793279.6252,1113097.7132,-0.005282859285641057,-0.06250539727246761,-0.040817121863253265,-0.09434582511505599,-0.07414506821101562,3026.77,3010.78,2822.59,2707.38,2451.95
2026-02-01T01:08:40,90600.0,89348.0,84735.75,84270.02,79424.0,88833.65,83383.33,81118.0,75719.9,75700.0,14332.18502,30431.38201,35195.84793,39491.89133,25395.48168,-0.05206977066850737,-0.0046032990368830755,-0.06550401024252302,-0.02251530935119123,0.023001704210088736,89299.99,84650.16,84260.49,78741.09,76968.21,3045.78,3013.5,2828.65,2714.64,2475.98,2983.67,2754.53,2636.01,2250.0,2222.0,296607.6549,561288.5979,793279.6252,1113097.7132,1026573.9466,-0.06250539727246761,-0.040817121863253265,-0.09434582511505599,-0.07414506821101562,0.03386119859921145,3010.78,2822.59,2707.38,2451.95,2270.15
2026-02-02T01:08:40,89348.0,84735.75,84270.02,79424.0,79360.0,83383.33,81118.0,75719.9,75700.0,74604.0,30431.38201,35195.84793,39491.89133,25395.48168,42273.59016,-0.0046032990368830755,-0.06550401024252302,-0.02251530935119123,0.023001704210088736,-0.037699420906719,84650.16,84260.49,78741.09,76968.21,78738.61,3013.5,2828.65,2714.64,2475.98,2396.62,2754.53,2636.01,2250.0,2222.0,2157.14,561288.5979,793279.6252,1113097.7132,1026573.9466,1248535.2114,-0.040817121863253265,-0.09434582511505599,-0.07414506821101562,0.03386119859921145,-0.048273981474380355,2822.59,2707.38,2451.95,2270.15,2347.02
2026-02-03T01:08:40,84735.75,84270.02,79424.0,79360.0,79186.81,81118.0,75719.9,75700.0,74604.0,72945.5,35195.84793,39491.89133,25395.48168,42273.59016,39120.10889,-0.06550401024252302,-0.02251530935119123,0.023001704210088736,-0.037699420906719,-0.034372083698857435,84260.49,78741.09,76968.21,78738.61,75770.21,2828.65,2714.64,2475.98,2396.62,2359.88,2636.01,2250.0,2222.0,2157.14,2110.0,793279.6252,1113097.7132,1026573.9466,1248535.2114,1321099.3867,-0.09434582511505599,-0.07414506821101562,0.03386119859921145,-0.048273981474380355,-0.0382590476872659,2707.38,2451.95,2270.15,2347.02,2233.72
2026-02-04T01:08:40,84270.02,79424.0,79360.0,79186.81,76971.52,75719.9,75700.0,74604.0,72945.5,71888.0,39491.89133,25395.48168,42273.59016,39120.10889,38375.36,-0.02251530935119123,0.023001704210088736,-0.037699420906719,-0.034372083698857435,-0.14017431361060212,78741.09,76968.21,78738.61,75770.21,73165.83,2714.64,2475.98,2396.62,2359.88,2295.74,2250.0,2222.0,2157.14,2110.0,2076.68,1113097.7132,1026573.9466,1248535.2114,1321099.3867,1264743.43,-0.07414506821101562,0.03386119859921145,-0.048273981474380355,-0.0382590476872659,-0.14962341616005523,2451.95,2270.15,2347.02,2233.72,2148.26
2026-02-05T01:08:40,79424.0,79360.0,79186.81,76971.52,73341.18,75700.0,74604.0,72945.5,71888.0,62345.0,25395.48168,42273.59016,39120.10889,38375.36,106298.82899,0.023001704210088736,-0.037699420906719,-0.034372083698857435,-0.14017431361060212,0.12192683309102888,76968.21,78738.61,75770.21,73165.83,62909.86,2475.98,2396.62,2359.88,2295.74,2173.77,2222.0,2157.14,2110.0,2076.68,1818.18,1026573.9466,1248535.2114,1321099.3867,1264743.43,1952286.6951,0.03386119859921145,-0.048273981474380355,-0.0382590476872659,-0.14962341616005523,0.1294865970013631,2270.15,2347.02,2233.72,2148.26,1826.83
2026-02-06T01:08:40,79360.0,79186.81,76971.52,73341.18,71751.33,74604.0,72945.5,71888.0,62345.0,60000.0,42273.59016,39120.10889,38375.36,106298.82899,92539.21531,-0.037699420906719,-0.034372083698857435,-0.14017431361060212,0.12192683309102888,-0.018289533079078914,78738.61,75770.21,73165.83,62909.86,70580.26,2396.62,2359.88,2295.74,2173.77,2093.94,2157.14,2110.0,2076.68,1818.18,1747.8,1248535.2114,1321099.3867,1264743.43,1952286.6951,2102311.5573,-0.048273981474380355,-0.0382590476872659,-0.14962341616005523,0.1294865970013631,0.011486008393994232,2347.02,2233.72,2148.26,1826.83,2063.38
2026-02-07T01:08:40,79186.81,76971.52,73341.18,71751.33,71690.07,72945.5,71888.0,62345.0,60000.0,67300.0,39120.10889,38375.36,106298.82899,92539.21531,44255.48036,-0.034372083698857435,-0.14017431361060212,0.12192683309102888,-0.018289533079078914,0.015023947392803917,75770.21,73165.83,62909.86,70580.26,69289.38,2359.88,2295.74,2173.77,2093.94,2121.7,2110.0,2076.68,1818.18,1747.8,1994.57,1321099.3867,1264743.43,1952286.6951,2102311.5573,1142616.4487,-0.0382590476872659,-0.14962341616005523,0.1294865970013631,0.011486008393994232,0.0012745079249477042,2233.72,2148.26,1826.83,2063.38,2087.08
2026-02-08T01:08:40,76971.52,73341.18,71751.33,71690.07,72271.41,71888.0,62345.0,60000.0,67300.0,68888.0,38375.36,106298.82899,92539.21531,44255.48036,21420.53168,-0.14017431361060212,0.12192683309102888,-0.018289533079078914,0.015023947392803917,-0.0027353755233514255,73165.83,62909.86,70580.26,69289.38,70330.38,2295.74,2173.77,2093.94,2121.7,2152.03,2076.68,1818.18,1747.8,1994.57,2064.1,1264743.43,1952286.6951,2102311.5573,1142616.4487,482837.2515,-0.14962341616005523,0.1294865970013631,0.011486008393994232,0.0012745079249477042,0.00731191440083465,2148.26,1826.83,2063.38,2087.08,2089.74
2026-02-09T01:08:40,73341.18,71751.33,71690.07,72271.41,71453.53,62345.0,60000.0,67300.0,68888.0,68308.0,106298.82899,92539.21531,44255.48036,21420.53168,29152.72842,0.12192683309102888,-0.018289533079078914,0.015023947392803917,-0.0027353755233514255,-0.018487980837777047,62909.86,70580.26,69289.38,70330.38,70138.0,2173.77,2093.94,2121.7,2152.03,2147.73,1818.18,1747.8,1994.57,2064.1,2008.62,1952286.6951,2102311.5573,1142616.4487,482837.2515,625378.5569,0.1294865970013631,0.011486008393994232,0.0012745079249477042,0.00731191440083465,-0.03912076844875579,1826.83,2063.38,2087.08,2089.74,2105.02
2026-02-10T01:08:40,71751.33,71690.07,72271.41,71453.53,70527.59,60000.0,67300.0,68888.0,68308.0,67800.0,92539.21531,44255.48036,21420.53168,29152.72842,20373.77072,-0.018289533079078914,0.015023947392803917,-0.0027353755233514255,-0.018487980837777047,-0.025548184817570818,70580.26,69289.38,70330.38,70138.0,68841.29,2093.94,2121.7,2152.03,2147.73,2124.71,1747.8,1994.57,2064.1,2008.62,1989.38,2102311.5573,1142616.4487,482837.2515,625378.5569,574321.6908,0.011486008393994232,0.0012745079249477042,0.00731191440083465,-0.03912076844875579,-0.040288331759506,2063.38,2087.08,2089.74,2105.02,2022.67
2026-02-11T01:08:40,71690.07,72271.41,71453.53,70527.59,69292.88,67300.0,68888.0,68308.0,67800.0,65756.0,44255.48036,21420.53168,29152.72842,20373.77072,28718.24602,0.015023947392803917,-0.0027353755233514255,-0.018487980837777047,-0.025548184817570818,-0.012079898012179712,69289.38,70330.38,70138.0,68841.29,67082.52,2121.7,2152.03,2147.73,2124.71,2032.31,1994.57,2064.1,2008.62,1989.38,1903.19,1142616.4487,482837.2515,625378.5569,574321.6908,529655.8177,0.0012745079249477042,0.00731191440083465,-0.03912076844875579,-0.040288331759506,0.003436054358688965,2087.08,2089.74,2105.02,2022.67,1941.18
2026-02-12T01:08:40,72271.41,71453.53,70527.59,69292.88,68410.52,68888.0,68308.0,67800.0,65756.0,65118.0,21420.53168,29152.72842,20373.77072,28718.24602,24271.74283,-0.0027353755233514255,-0.018487980837777047,-0.025548184817570818,-0.012079898012179712,0.03895737833844898,70330.38,70138.0,68841.29,67082.52,66272.17,2152.03,2147.73,2124.71,2032.31,2001.42,2064.1,2008.62,1989.38,1903.19,1897.24,482837.2515,625378.5569,574321.6908,529655.8177,427567.1469,0.00731191440083465,-0.03912076844875579,-0.040288331759506,0.003436054358688965,0.0517853017429473,2089.74,2105.02,2022.67,1941.18,1947.85
2026-02-13T01:08:40,71453.53,70527.59,69292.88,68410.52,69482.97,68308.0,67800.0,65756.0,65118.0,65872.46,29152.72842,20373.77072,28718.24602,24271.74283,20244.54955,-0.018487980837777047,-0.025548184817570818,-0.012079898012179712,0.03895737833844898,0.01407311939647321,70138.0,68841.29,67082.52,66272.17,68853.96,2147.73,2124.71,2032.31,2001.42,2073.68,2008.62,1989.38,1903.19,1897.24,1924.72,625378.5569,574321.6908,529655.8177,427567.1469,425649.7698,-0.03912076844875579,-0.040288331759506,0.003436054358688965,0.0517853017429473,0.01848471240579501,2105.02,2022.67,1941.18,1947.85,2048.72
2026-02-14T01:08:40,70527.59,69292.88,68410.52,69482.97,70560.01,67800.0,65756.0,65118.0,65872.46,68730.13,20373.77072,28718.24602,24271.74283,20244.54955,18114.78393,-0.025548184817570818,-0.012079898012179712,0.03895737833844898,0.01407311939647321,-0.014184018291979864,68841.29,67082.52,66272.17,68853.96,69822.95,2124.71,2032.31,2001.42,2073.68,2107.67,1989.38,1903.19,1897.24,1924.72,2042.37,574321.6908,529655.8177,427567.1469,425649.7698,220677.2355,-0.040288331759506,0.003436054358688965,0.0517853017429473,0.01848471240579501,-0.057514892719700665,2022.67,1941.18,1947.85,2048.72,2086.59
2026-02-15T01:08:40,69292.88,68410.52,69482.97,70560.01,70983.0,65756.0,65118.0,65872.46,68730.13,68000.0,28718.24602,24271.74283,20244.54955,18114.78393,22290.05208,-0.012079898012179712,0.03895737833844898,0.01407311939647321,-0.014184018291979864,8.695010415124824E-4,67082.52,66272.17,68853.96,69822.95,68832.58,2032.31,2001.42,2073.68,2107.67,2103.32,1903.19,1897.24,1924.72,2042.37,1928.88,529655.8177,427567.1469,425649.7698,220677.2355,834778.0952,0.003436054358688965,0.0517853017429473,0.01848471240579501,-0.057514892719700665,0.01614477926145898,1941.18,1947.85,2048.72,2086.59,1966.58
2026-02-16T01:08:40,68410.52,69482.97,70560.01,70983.0,70126.67,65118.0,65872.46,68730.13,68000.0,67294.11,24271.74283,20244.54955,18114.78393,22290.05208,15515.76534,0.03895737833844898,0.01407311939647321,-0.014184018291979864,8.695010415124824E-4,-0.020160560456351867,66272.17,68853.96,69822.95,68832.58,68892.43,2001.42,2073.68,2107.67,2103.32,2023.51,1897.24,1924.72,2042.37,1928.88,1937.24,427567.1469,425649.7698,220677.2355,834778.0952,351347.9433,0.0517853017429473,0.01848471240579501,-0.057514892719700665,0.01614477926145898,-0.0033377870521885,1947.85,2048.72,2086.59,1966.58,1998.33
2026-02-17T01:08:40,69482.97,70560.01,70983.0,70126.67,69241.5,65872.46,68730.13,68000.0,67294.11,66621.06,20244.54955,18114.78393,22290.05208,15515.76534,16489.06921,0.01407311939647321,-0.014184018291979864,8.695010415124824E-4,-0.020160560456351867,-0.015443935368111233,68853.96,69822.95,68832.58,68892.43,67503.52,2073.68,2107.67,2103.32,2023.51,2015.33,1924.72,2042.37,1928.88,1937.24,1941.66,425649.7698,220677.2355,834778.0952,351347.9433,406246.9427,0.01848471240579501,-0.057514892719700665,0.01614477926145898,-0.0033377870521885,-0.017949850878161935,2048.72,2086.59,1966.58,1998.33,1991.66
2026-02-18T01:08:40,70560.01,70983.0,70126.67,69241.5,68476.22,68730.13,68000.0,67294.11,66621.06,65870.0,18114.78393,22290.05208,15515.76534,16489.06921,15492.43839,-0.014184018291979864,8.695010415124824E-4,-0.020160560456351867,-0.015443935368111233,0.008166142549765967,69822.95,68832.58,68892.43,67503.52,66461.0,2107.67,2103.32,2023.51,2015.33,2039.05,2042.37,1928.88,1937.24,1941.66,1923.78,220677.2355,834778.0952,351347.9433,406246.9427,393639.0086,-0.057514892719700665,0.01614477926145898,-0.0033377870521885,-0.017949850878161935,-0.003491980714859147,2086.59,1966.58,1998.33,1991.66,1955.91
2026-02-19T01:08:40,70983.0,70126.67,69241.5,68476.22,67320.0,68000.0,67294.11,66621.06,65870.0,65631.83,22290.05208,15515.76534,16489.06921,15492.43839,14542.26988,8.695010415124824E-4,-0.020160560456351867,-0.015443935368111233,0.008166142549765967,0.015167513808559597,68832.58,68892.43,67503.52,66461.0,67003.73,2103.32,2023.51,2015.33,2039.05,1987.55,1928.88,1937.24,1941.66,1923.78,1907.0,834778.0952,351347.9433,406246.9427,393639.0086,300257.0733,0.01614477926145898,-0.0033377870521885,-0.017949850878161935,-0.003491980714859147,0.010158638947606144,1966.58,1998.33,1991.66,1955.91,1949.08
2026-02-20T01:08:40,70126.67,69241.5,68476.22,67320.0,68318.39,67294.11,66621.06,65870.0,65631.83,66280.2,15515.76534,16489.06921,15492.43839,14542.26988,35351.87091,-0.020160560456351867,-0.015443935368111233,0.008166142549765967,0.015167513808559597,-6.480445974648011E-4,68892.43,67503.52,66461.0,67003.73,68020.01,2023.51,2015.33,2039.05,1987.55,1981.18,1937.24,1941.66,1923.78,1907.0,1922.97,351347.9433,406246.9427,393639.0086,300257.0733,386253.5557,-0.0033377870521885,-0.017949850878161935,-0.003491980714859147,0.010158638947606144,0.002270326276867965,1998.33,1991.66,1955.91,1949.08,1968.88
2026-02-21T01:08:40,69241.5,68476.22,67320.0,68318.39,68698.7,66621.06,65870.0,65631.83,66280.2,67534.69,16489.06921,15492.43839,14542.26988,35351.87091,8032.84131,-0.015443935368111233,0.008166142549765967,0.015167513808559597,-6.480445974648011E-4,-0.004891878639983283,67503.52,66461.0,67003.73,68020.01,67975.93,2015.33,2039.05,1987.55,1981.18,1995.56,1941.66,1923.78,1907.0,1922.97,1955.62,406246.9427,393639.0086,300257.0733,386253.5557,179173.8456,-0.017949850878161935,-0.003491980714859147,0.010158638947606144,0.002270326276867965,-0.007869865963969885,1991.66,1955.91,1949.08,1968.88,1973.35
2026-02-22T01:08:40,68476.22,67320.0,68318.39,68698.7,68245.0,65870.0,65631.83,66280.2,67534.69,67190.0,15492.43839,14542.26988,35351.87091,8032.84131,8175.13484,0.008166142549765967,0.015167513808559597,-6.480445974648011E-4,-0.004891878639983283,-0.04416365824308059,66461.0,67003.73,68020.01,67975.93,67643.4,2039.05,1987.55,1981.18,1995.56,1983.13,1923.78,1907.0,1922.97,1955.62,1935.0,393639.0086,300257.0733,386253.5557,179173.8456,155325.6482,-0.003491980714859147,0.010158638947606144,0.002270326276867965,-0.007869865963969885,-0.05185359226077984,1955.91,1949.08,1968.88,1973.35,1957.82
2026-02-23T01:08:40,67320.0,68318.39,68698.7,68245.0,67684.86,65631.83,66280.2,67534.69,67190.0,63888.79,14542.26988,35351.87091,8032.84131,8175.13484,33075.90923,0.015167513808559597,-6.480445974648011E-4,-0.004891878639983283,-0.04416365824308059,-0.009246934778849601,67003.73,68020.01,67975.93,67643.4,64656.02,1987.55,1981.18,1995.56,1983.13,1958.33,1907.0,1922.97,1955.62,1935.0,1837.13,300257.0733,386253.5557,179173.8456,155325.6482,547359.4869,0.010158638947606144,0.002270326276867965,-0.007869865963969885,-0.05185359226077984,-0.0023487582826051284,1949.08,1968.88,1973.35,1957.82,1856.3
2026-02-24T01:08:40,68318.39,68698.7,68245.0,67684.86,65026.75,66280.2,67534.69,67190.0,63888.79,62510.28,35351.87091,8032.84131,8175.13484,33075.90923,23102.83622,-6.480445974648011E-4,-0.004891878639983283,-0.04416365824308059,-0.009246934778849601,0.06134879012272431,68020.01,67975.93,67643.4,64656.02,64058.15,1981.18,1995.56,1983.13,1958.33,1869.58,1922.97,1955.62,1935.0,1837.13,1800.0,386253.5557,179173.8456,155325.6482,547359.4869,438064.0284,0.002270326276867965,-0.007869865963969885,-0.05185359226077984,-0.0023487582826051284,0.11098631705130833,1968.88,1973.35,1957.82,1856.3,1851.94
2026-02-25T01:08:40,68698.7,68245.0,67684.86,65026.75,69988.83,67534.69,67190.0,63888.79,62510.28,63913.27,8032.84131,8175.13484,33075.90923,23102.83622,30749.99259,-0.004891878639983283,-0.04416365824308059,-0.009246934778849601,0.06134879012272431,-0.007396300878801634,67975.93,67643.4,64656.02,64058.15,67988.04,1995.56,1983.13,1958.33,1869.58,2148.39,1955.62,1935.0,1837.13,1800.0,1846.74,179173.8456,155325.6482,547359.4869,438064.0284,682979.4378,-0.007869865963969885,-0.05185359226077984,-0.0023487582826051284,0.11098631705130833,-0.014483737387483696,1973.35,1957.82,1856.3,1851.94,2057.48
2026-02-26T01:08:40,68245.0,67684.86,65026.75,69988.83,68860.0,67190.0,63888.79,62510.28,63913.27,66500.0,8175.13484,33075.90923,23102.83622,30749.99259,20737.77792,-0.04416365824308059,-0.009246934778849601,0.06134879012272431,-0.007396300878801634,-0.023902729458526856,67643.4,64656.02,64058.15,67988.04,67485.18,1983.13,1958.33,1869.58,2148.39,2083.33,1935.0,1837.13,1800.0,1846.74,1975.35,155325.6482,547359.4869,438064.0284,682979.4378,439783.3566,-0.05185359226077984,-0.0023487582826051284,0.11098631705130833,-0.014483737387483696,-0.04825218969462644,1957.82,1856.3,1851.94,2057.48,2027.68
2026-02-27T01:08:40,67684.86,65026.75,69988.83,68860.0,68216.8,63888.79,62510.28,63913.27,66500.0,64914.46,33075.90923,23102.83622,30749.99259,20737.77792,21228.58424,-0.009246934778849601,0.06134879012272431,-0.007396300878801634,-0.023902729458526856,0.016716637240956168,64656.02,64058.15,67988.04,67485.18,65872.1,1958.33,1869.58,2148.39,2083.33,2063.52,1837.13,1800.0,1846.74,1975.35,1887.0,547359.4869,438064.0284,682979.4378,439783.3566,428687.234,-0.0023487582826051284,0.11098631705130833,-0.014483737387483696,-0.04825218969462644,0.01796521991460436,1856.3,1851.94,2057.48,2027.68,1929.84
2026-02-28T01:08:40,65026.75,69988.83,68860.0,68216.8,67760.0,62510.28,63913.27,66500.0,64914.46,63030.0,23102.83622,30749.99259,20737.77792,21228.58424,22548.71649,0.06134879012272431,-0.007396300878801634,-0.023902729458526856,0.016716637240956168,-0.01786966917841529,64058.15,67988.04,67485.18,65872.1,66973.26,1869.58,2148.39,2083.33,2063.52,1984.99,1800.0,1846.74,1975.35,1887.0,1835.36,438064.0284,682979.4378,439783.3566,428687.234,461680.9835,0.11098631705130833,-0.014483737387483696,-0.04825218969462644,0.01796521991460436,-0.012624013112684565,1851.94,2057.48,2027.68,1929.84,1964.51
2026-03-01T01:08:40,69988.83,68860.0,68216.8,67760.0,68199.99,63913.27,66500.0,64914.46,63030.0,65056.0,30749.99259,20737.77792,21228.58424,22548.71649,23201.85859,-0.007396300878801634,-0.023902729458526856,0.016716637240956168,-0.01786966917841529,0.046423743931530474,67988.04,67485.18,65872.1,66973.26,65776.47,2148.39,2083.33,2063.52,1984.99,2054.8,1846.74,1975.35,1887.0,1835.36,1907.41,682979.4378,439783.3566,428687.234,461680.9835,529196.8464,-0.014483737387483696,-0.04825218969462644,0.01796521991460436,-0.012624013112684565,0.045182011744023524,2057.48,2027.68,1929.84,1964.51,1939.71
2026-03-02T01:08:40,68860.0,68216.8,67760.0,68199.99,70096.0,66500.0,64914.46,63030.0,65056.0,65259.21,20737.77792,21228.58424,22548.71649,23201.85859,32010.38431,-0.023902729458526856,0.016716637240956168,-0.01786966917841529,0.046423743931530474,-0.007148911391331021,67485.18,65872.1,66973.26,65776.47,68830.06,2083.33,2063.52,1984.99,2054.8,2090.0,1975.35,1887.0,1835.36,1907.41,1920.0,439783.3566,428687.234,461680.9835,529196.8464,577406.3749,-0.04825218969462644,0.01796521991460436,-0.012624013112684565,0.045182011744023524,-0.021974498729869018,2027.68,1929.84,1964.51,1939.71,2027.35
2026-03-03T01:08:40,68216.8,67760.0,68199.99,70096.0,69258.08,64914.46,63030.0,65056.0,65259.21,66158.0,21228.58424,22548.71649,23201.85859,32010.38431,24972.2418,0.016716637240956168,-0.01786966917841529,0.046423743931530474,-0.007148911391331021,0.06334352775907992,65872.1,66973.26,65776.47,68830.06,68338.0,2063.52,1984.99,2054.8,2090.0,2041.48,1887.0,1835.36,1907.41,1920.0,1929.56,428687.234,461680.9835,529196.8464,577406.3749,509329.8534,0.01796521991460436,-0.012624013112684565,0.045182011744023524,-0.021974498729869018,0.0728666532176721,1929.84,1964.51,1939.71,2027.35,1982.8
2026-03-04T01:08:40,67760.0,68199.99,70096.0,69258.08,74050.0,63030.0,65056.0,65259.21,66158.0,67400.0,22548.71649,23201.85859,32010.38431,24972.2418,44919.0761,-0.01786966917841529,0.046423743931530474,-0.007148911391331021,0.06334352775907992,-0.024441020290292288,66973.26,65776.47,68830.06,68338.0,72666.77,1984.99,2054.8,2090.0,2041.48,2199.0,1835.36,1907.41,1920.0,1929.56,1945.08,461680.9835,529196.8464,577406.3749,509329.8534,737644.8152,-0.012624013112684565,0.045182011744023524,-0.021974498729869018,0.0728666532176721,-0.025581963822345937,1964.51,1939.71,2027.35,1982.8,2127.28
2026-03-05T01:08:40,68199.99,70096.0,69258.08,74050.0,73558.15,65056.0,65259.21,66158.0,67400.0,70645.47,23201.85859,32010.38431,24972.2418,44919.0761,26590.51253,0.046423743931530474,-0.007148911391331021,0.06334352775907992,-0.024441020290292288,-0.039168737459571536,65776.47,68830.06,68338.0,72666.77,70890.72,2054.8,2090.0,2041.48,2199.0,2163.66,1907.41,1920.0,1929.56,1945.08,2054.75,529196.8464,577406.3749,509329.8534,737644.8152,432157.8126,0.045182011744023524,-0.021974498729869018,0.0728666532176721,-0.025581963822345937,-0.04543480987620971,1939.71,2027.35,1982.8,2127.28,2072.86
2026-03-06T01:08:40,70096.0,69258.08,74050.0,73558.15,71419.98,65259.21,66158.0,67400.0,70645.47,67744.78,32010.38431,24972.2418,44919.0761,26590.51253,22629.88722,-0.007148911391331021,0.06334352775907992,-0.024441020290292288,-0.039168737459571536,-0.012495371731106174,68830.06,68338.0,72666.77,70890.72,68114.02,2090.0,2041.48,2199.0,2163.66,2093.33,1920.0,1929.56,1945.08,2054.75,1955.95,577406.3749,509329.8534,737644.8152,432157.8126,411597.7569,-0.021974498729869018,0.0728666532176721,-0.025581963822345937,-0.04543480987620971,-0.004593971738734988,2027.35,1982.8,2127.28,2072.86,1978.68
2026-03-07T01:08:40,69258.08,74050.0,73558.15,71419.98,68551.04,66158.0,67400.0,70645.47,67744.78,66915.26,24972.2418,44919.0761,26590.51253,22629.88722,12719.54315,0.06334352775907992,-0.024441020290292288,-0.039168737459571536,-0.012495371731106174,-0.019203897066005712,68338.0,72666.77,70890.72,68114.02,67262.91,2041.48,2199.0,2163.66,2093.33,1996.04,1929.56,1945.08,2054.75,1955.95,1948.09,509329.8534,737644.8152,432157.8126,411597.7569,184459.82,0.0728666532176721,-0.025581963822345937,-0.04543480987620971,-0.004593971738734988,-0.01649581892678172,1982.8,2127.28,2072.86,1978.68,1969.59
2026-03-08T01:08:40,74050.0,73558.15,71419.98,68551.04,68200.0,67400.0,70645.47,67744.78,66915.26,65618.49,44919.0761,26590.51253,22629.88722,12719.54315,21593.63901,-0.024441020290292288,-0.039168737459571536,-0.012495371731106174,-0.019203897066005712,0.037303550640279494,72666.77,70890.72,68114.02,67262.91,65971.2,2199.0,2163.66,2093.33,1996.04,1979.8,1945.08,2054.75,1955.95,1948.09,1916.14,737644.8152,432157.8126,411597.7569,184459.82,391189.7317,-0.025581963822345937,-0.04543480987620971,-0.004593971738734988,-0.01649581892678172,0.02884724588302107,2127.28,2072.86,1978.68,1969.59,1937.1
2026-03-09T01:08:40,73558.15,71419.98,68551.04,68200.0,69516.65,70645.47,67744.78,66915.26,65618.49,65821.97,26590.51253,22629.88722,12719.54315,21593.63901,28896.7213,-0.039168737459571536,-0.012495371731106174,-0.019203897066005712,0.037303550640279494,0.022160194855752047,70890.72,68114.02,67262.91,65971.2,68432.16,2163.66,2093.33,1996.04,1979.8,2053.52,2054.75,1955.95,1948.09,1916.14,1929.65,432157.8126,411597.7569,184459.82,391189.7317,550825.4883,-0.04543480987620971,-0.004593971738734988,-0.01649581892678172,0.02884724588302107,0.021841664241487608,2072.86,1978.68,1969.59,1937.1,1992.98
2026-03-10T01:08:40,71419.98,68551.04,68200.0,69516.65,71777.0,67744.78,66915.26,65618.49,65821.97,68391.41,22629.88722,12719.54315,21593.63901,28896.7213,32602.57726,-0.012495371731106174,-0.019203897066005712,0.037303550640279494,0.022160194855752047,0.003477266102281001,68114.02,67262.91,65971.2,68432.16,69948.63,2093.33,1996.04,1979.8,2053.52,2088.19,1955.95,1948.09,1916.14,1929.65,1991.0,411597.7569,184459.82,391189.7317,550825.4883,463411.8739,-0.004593971738734988,-0.01649581892678172,0.02884724588302107,0.021841664241487608,0.007591418652498544,1978.68,1969.59,1937.1,1992.98,2036.51
2026-03-11T01:08:40,68551.04,68200.0,69516.65,71777.0,71321.0,66915.26,65618.49,65821.97,68391.41,68977.91,12719.54315,21593.63901,28896.7213,32602.57726,27249.27542,-0.019203897066005712,0.037303550640279494,0.022160194855752047,0.003477266102281001,0.004978924906677155,67262.91,65971.2,68432.16,69948.63,70191.86,1996.04,1979.8,2053.52,2088.19,2085.58,1948.09,1916.14,1929.65,1991.0,2007.17,184459.82,391189.7317,550825.4883,463411.8739,350061.256,-0.01649581892678172,0.02884724588302107,0.021841664241487608,0.007591418652498544,0.010502102857254338,1969.59,1937.1,1992.98,2036.51,2051.97
2026-03-12T01:08:40,68200.0,69516.65,71777.0,71321.0,70800.0,65618.49,65821.97,68391.41,68977.91,69205.91,21593.63901,28896.7213,32602.57726,27249.27542,21997.1605,0.037303550640279494,0.022160194855752047,0.003477266102281001,0.004978924906677155,0.005509677020595349,65971.2,68432.16,69948.63,70191.86,70541.34,1979.8,2053.52,2088.19,2085.58,2095.0,1916.14,1929.65,1991.0,2007.17,2017.59,391189.7317,550825.4883,463411.8739,350061.256,400507.8132,0.02884724588302107,0.021841664241487608,0.007591418652498544,0.010502102857254338,0.009018480651259606,1937.1,1992.98,2036.51,2051.97,2073.52
2026-03-13T01:08:40,69516.65,71777.0,71321.0,70800.0,73913.74,65821.97,68391.41,68977.91,69205.91,70386.01,28896.7213,32602.57726,27249.27542,21997.1605,35996.61678,0.022160194855752047,0.003477266102281001,0.004978924906677155,0.005509677020595349,0.003975045819822319,68432.16,69948.63,70191.86,70541.34,70930.0,2053.52,2088.19,2085.58,2095.0,2209.03,1929.65,1991.0,2007.17,2017.59,2070.12,550825.4883,463411.8739,350061.256,400507.8132,599657.0399,0.021841664241487608,0.007591418652498544,0.010502102857254338,0.009018480651259606,0.001883167162153146,1992.98,2036.51,2051.97,2073.52,2092.22
2026-03-14T01:08:40,71777.0,71321.0,70800.0,73913.74,71307.92,68391.41,68977.91,69205.91,70386.01,70317.0,32602.57726,27249.27542,21997.1605,35996.61678,13017.24737,0.003477266102281001,0.004978924906677155,0.005509677020595349,0.003975045819822319,0.02251433923660296,69948.63,70191.86,70541.34,70930.0,71211.95,2088.19,2085.58,2095.0,2209.03,2106.09,1991.0,2007.17,2017.59,2070.12,2061.6,463411.8739,350061.256,400507.8132,599657.0399,152500.5822,0.007591418652498544,0.010502102857254338,0.009018480651259606,0.001883167162153146,0.039185940004579964,2036.51,2051.97,2073.52,2092.22,2096.16
2026-03-15T01:08:40,71321.0,70800.0,73913.74,71307.92,73199.0,68977.91,69205.91,70386.01,70317.0,70858.82,27249.27542,21997.1605,35996.61678,13017.24737,14037.30704,0.004978924906677155,0.005509677020595349,0.003975045819822319,0.02251433923660296,0.028420286742170908,70191.86,70541.34,70930.0,71211.95,72815.24,2085.58,2095.0,2209.03,2106.09,2202.87,2007.17,2017.59,2070.12,2061.6,2083.35,350061.256,400507.8132,599657.0399,152500.5822,280825.9377,0.010502102857254338,0.009018480651259606,0.001883167162153146,0.039185940004579964,0.08018638387733536,2051.97,2073.52,2092.22,2096.16,2178.3
2026-03-16T01:08:40,70800.0,73913.74,71307.92,73199.0,74909.08,69205.91,70386.01,70317.0,70858.82,72270.41,21997.1605,35996.61678,13017.24737,14037.30704,28409.53019,0.005509677020595349,0.003975045819822319,0.02251433923660296,0.028420286742170908,-0.013024161019872261,70541.34,70930.0,71211.95,72815.24,74884.67,2095.0,2209.03,2106.09,2202.87,2386.02,2017.59,2070.12,2061.6,2083.35,2164.73,400507.8132,599657.0399,152500.5822,280825.9377,845892.7756,0.009018480651259606,0.001883167162153146,0.039185940004579964,0.08018638387733536,-0.015121314763894113,2073.52,2092.22,2096.16,2178.3,2352.97
2026-03-17T01:08:40,73913.74,71307.92,73199.0,74909.08,76000.0,70386.01,70317.0,70858.82,72270.41,73399.19,35996.61678,13017.24737,14037.30704,28409.53019,24521.26636,0.003975045819822319,0.02251433923660296,0.028420286742170908,-0.013024161019872261,-0.036028183710425946,70930.0,71211.95,72815.24,74884.67,73909.36,2209.03,2106.09,2202.87,2386.02,2376.66,2070.12,2061.6,2083.35,2164.73,2294.15,599657.0399,152500.5822,280825.9377,845892.7756,493831.1016,0.001883167162153146,0.039185940004579964,0.08018638387733536,-0.015121314763894113,-0.049193273467133286,2092.22,2096.16,2178.3,2352.97,2317.39
2026-03-18T01:08:40,71307.92,73199.0,74909.08,76000.0,74672.34,70317.0,70858.82,72270.41,73399.19,70500.0,13017.24737,14037.30704,28409.53019,24521.26636,23392.88093,0.02251433923660296,0.028420286742170908,-0.013024161019872261,-0.036028183710425946,-0.018478651735228037,71211.95,72815.24,74884.67,73909.36,71246.54,2106.09,2202.87,2386.02,2376.66,2350.0,2061.6,2083.35,2164.73,2294.15,2153.21,152500.5822,280825.9377,845892.7756,493831.1016,488040.8887,0.039185940004579964,0.08018638387733536,-0.015121314763894113,-0.049193273467133286,-0.029763228479751623,2096.16,2178.3,2352.97,2317.39,2203.39
2026-03-19T01:08:40,73199.0,74909.08,76000.0,74672.34,71613.79,70858.82,72270.41,73399.19,70500.0,68793.35,14037.30704,28409.53019,24521.26636,23392.88093,22364.81819,0.028420286742170908,-0.013024161019872261,-0.036028183710425946,-0.018478651735228037,0.008304447304447246,72815.24,74884.67,73909.36,71246.54,69930.0,2202.87,2386.02,2376.66,2350.0,2233.72,2083.35,2164.73,2294.15,2153.21,2099.38,280825.9377,845892.7756,493831.1016,488040.8887,490791.679,0.08018638387733536,-0.015121314763894113,-0.049193273467133286,-0.029763228479751623,0.0039339323887529086,2178.3,2352.97,2317.39,2203.39,2137.81
2026-03-20T01:08:40,74909.08,76000.0,74672.34,71613.79,71367.0,72270.41,73399.19,70500.0,68793.35,69388.0,28409.53019,24521.26636,23392.88093,22364.81819,18121.16745,-0.013024161019872261,-0.036028183710425946,-0.018478651735228037,0.008304447304447246,-0.02258677509082661,74884.67,73909.36,71246.54,69930.0,70510.73,2386.02,2376.66,2350.0,2233.72,2176.84,2164.73,2294.15,2153.21,2099.38,2116.88,845892.7756,493831.1016,488040.8887,490791.679,300156.1778,-0.015121314763894113,-0.049193273467133286,-0.029763228479751623,0.0039339323887529086,-0.028585140386353642,2352.97,2317.39,2203.39,2137.81,2146.22
2026-03-21T01:08:40,76000.0,74672.34,71613.79,71367.0,71100.94,73399.19,70500.0,68793.35,69388.0,68571.42,24521.26636,23392.88093,22364.81819,18121.16745,13397.1675,-0.036028183710425946,-0.018478651735228037,0.008304447304447246,-0.02258677509082661,-0.015367801675379355,73909.36,71246.54,69930.0,70510.73,68918.12,2376.66,2350.0,2233.72,2176.84,2168.27,2294.15,2153.21,2099.38,2116.88,2070.78,493831.1016,488040.8887,490791.679,300156.1778,132559.4646,-0.049193273467133286,-0.029763228479751623,0.0039339323887529086,-0.028585140386353642,-0.014859439677294037,2317.39,2203.39,2137.81,2146.22,2084.87
2026-03-22T01:08:40,74672.34,71613.79,71367.0,71100.94,69588.79,70500.0,68793.35,69388.0,68571.42,67360.66,23392.88093,22364.81819,18121.16745,13397.1675,14843.78682,-0.018478651735228037,0.008304447304447246,-0.02258677509082661,-0.015367801675379355,0.04490856039729435,71246.54,69930.0,70510.73,68918.12,67859.0,2350.0,2233.72,2176.84,2168.27,2127.21,2153.21,2099.38,2116.88,2070.78,2026.0,488040.8887,490791.679,300156.1778,132559.4646,313070.5572,-0.029763228479751623,0.0039339323887529086,-0.028585140386353642,-0.014859439677294037,0.04778250052339723,2203.39,2137.81,2146.22,2084.87,2053.89
2026-03-23T01:08:40,71613.79,71367.0,71100.94,69588.79,71817.09,68793.35,69388.0,68571.42,67360.66,67445.18,22364.81819,18121.16745,13397.1675,14843.78682,28335.09119,0.008304447304447246,-0.02258677509082661,-0.015367801675379355,0.04490856039729435,-0.0049319913773710556,69930.0,70510.73,68918.12,67859.0,70906.45,2233.72,2176.84,2168.27,2127.21,2198.57,2099.38,2116.88,2070.78,2026.0,2023.04,490791.679,300156.1778,132559.4646,313070.5572,614508.4369,0.0039339323887529086,-0.028585140386353642,-0.014859439677294037,0.04778250052339723,0.0019516456554972829,2137.81,2146.22,2084.87,2053.89,2152.03
2026-03-24T01:08:40,71367.0,71100.94,69588.79,71817.09,71400.0,69388.0,68571.42,67360.66,67445.18,68923.07,18121.16745,13397.1675,14843.78682,28335.09119,20702.42244,-0.02258677509082661,-0.015367801675379355,0.04490856039729435,-0.0049319913773710556,0.011051956198656478,70510.73,68918.12,67859.0,70906.45,70556.74,2176.84,2168.27,2127.21,2198.57,2175.16,2116.88,2070.78,2026.0,2023.04,2103.02,300156.1778,132559.4646,313070.5572,614508.4369,316703.4728,-0.028585140386353642,-0.014859439677294037,0.04778250052339723,0.0019516456554972829,0.005931649221094208,2146.22,2084.87,2053.89,2152.03,2156.23
2026-03-25T01:08:40,71100.94,69588.79,71817.09,71400.0,72026.09,68571.42,67360.66,67445.18,68923.07,70408.0,13397.1675,14843.78682,28335.09119,20702.42244,17719.50066,-0.015367801675379355,0.04490856039729435,-0.0049319913773710556,0.011051956198656478,-0.03527253147861273,68918.12,67859.0,70906.45,70556.74,71336.53,2168.27,2127.21,2198.57,2175.16,2199.02,2070.78,2026.0,2023.04,2103.02,2146.35,132559.4646,313070.5572,614508.4369,316703.4728,275641.5255,-0.014859439677294037,0.04778250052339723,0.0019516456554972829,0.005931649221094208,-0.050064084240809284,2084.87,2053.89,2152.03,2156.23,2169.02
2026-03-26T01:08:40,69588.79,71817.09,71400.0,72026.09,71436.82,67360.66,67445.18,68923.07,70408.0,68153.0,14843.78682,28335.09119,20702.42244,17719.50066,20820.45768,0.04490856039729435,-0.0049319913773710556,0.011051956198656478,-0.03527253147861273,-0.0350627598161066,67859.0,70906.45,70556.74,71336.53,68820.31,2127.21,2198.57,2175.16,2199.02,2172.19,2026.0,2023.04,2103.02,2146.35,2034.54,313070.5572,614508.4369,316703.4728,275641.5255,338010.6238,0.04778250052339723,0.0019516456554972829,0.005931649221094208,-0.050064084240809284,-0.032847512412457515,2053.89,2152.03,2156.23,2169.02,2060.43
2026-03-27T01:08:40,71817.09,71400.0,72026.09,71436.82,69179.05,67445.18,68923.07,70408.0,68153.0,65548.25,28335.09119,20702.42244,17719.50066,20820.45768,28603.69557,-0.0049319913773710556,0.011051956198656478,-0.03527253147861273,-0.0350627598161066,-4.555223463451598E-4,70906.45,70556.74,71336.53,68820.31,66407.28,2198.57,2175.16,2199.02,2172.19,2077.19,2023.04,2103.02,2146.35,2034.54,1970.93,614508.4369,316703.4728,275641.5255,338010.6238,394873.5248,0.0019516456554972829,0.005931649221094208,-0.050064084240809284,-0.032847512412457515,9.986199974909092E-4,2152.03,2156.23,2169.02,2060.43,1992.75
2026-03-28T01:08:40,71400.0,72026.09,71436.82,69179.05,67288.94,68923.07,70408.0,68153.0,65548.25,65932.09,20702.42244,17719.50066,20820.45768,28603.69557,11462.39847,0.011051956198656478,-0.03527253147861273,-0.0350627598161066,-4.555223463451598E-4,-0.005515462201306775,70556.74,71336.53,68820.31,66407.28,66377.03,2175.16,2199.02,2172.19,2077.19,2047.45,2103.02,2146.35,2034.54,1970.93,1983.17,316703.4728,275641.5255,338010.6238,394873.5248,154831.8055,0.005931649221094208,-0.050064084240809284,-0.032847512412457515,9.986199974909092E-4,-0.005063316522454009,2156.23,2169.02,2060.43,1992.75,1994.74
2026-03-29T01:08:40,72026.09,71436.82,69179.05,67288.94,67130.5,70408.0,68153.0,65548.25,65932.09,65000.0,17719.50066,20820.45768,28603.69557,11462.39847,10052.85584,-0.03527253147861273,-0.0350627598161066,-4.555223463451598E-4,-0.005515462201306775,0.011913784580826273,71336.53,68820.31,66407.28,66377.03,66010.93,2199.02,2172.19,2077.19,2047.45,2019.65,2146.35,2034.54,1970.93,1983.17,1938.82,275641.5255,338010.6238,394873.5248,154831.8055,166726.7382,-0.050064084240809284,-0.032847512412457515,9.986199974909092E-4,-0.005063316522454009,0.02108190906159299,2169.02,2060.43,1992.75,1994.74,1984.64
2026-03-30T01:08:40,71436.82,69179.05,67288.94,67130.5,68169.65,68153.0,65548.25,65932.09,65000.0,65800.59,20820.45768,28603.69557,11462.39847,10052.85584,18353.38975,-0.0350627598161066,-4.555223463451598E-4,-0.005515462201306775,0.011913784580826273,0.0222630022708978,68820.31,66407.28,66377.03,66010.93,66797.37,2172.19,2077.19,2047.45,2019.65,2085.0,2034.54,1970.93,1983.17,1938.82,1980.28,338010.6238,394873.5248,154831.8055,166726.7382,338304.4344,-0.032847512412457515,9.986199974909092E-4,-0.005063316522454009,0.02108190906159299,0.03895918045083091,2060.43,1992.75,1994.74,1984.64,2026.48
2026-03-31T01:08:40,69179.05,67288.94,67130.5,68169.65,68589.49,65548.25,65932.09,65000.0,65800.59,65998.05,28603.69557,11462.39847,10052.85584,18353.38975,22105.40662,-4.555223463451598E-4,-0.005515462201306775,0.011913784580826273,0.0222630022708978,-0.0024977857340349914,66407.28,66377.03,66010.93,66797.37,68284.48,2077.19,2047.45,2019.65,2085.0,2124.03,1970.93,1983.17,1938.82,1980.28,2012.64,394873.5248,154831.8055,166726.7382,338304.4344,421897.9023,9.986199974909092E-4,-0.005063316522454009,0.02108190906159299,0.03895918045083091,0.016585685584417472,1992.75,1994.74,1984.64,2026.48,2105.43
2026-04-01T01:08:40,67288.94,67130.5,68169.65,68589.49,69310.0,65932.09,65000.0,65800.59,65998.05,67578.75,11462.39847,10052.85584,18353.38975,22105.40662,19020.1899,-0.005515462201306775,0.011913784580826273,0.0222630022708978,-0.0024977857340349914,-0.017792692007742222,66377.03,66010.93,66797.37,68284.48,68113.92,2047.45,2019.65,2085.0,2124.03,2167.85,1983.17,1938.82,1980.28,2012.64,2082.08,154831.8055,166726.7382,338304.4344,421897.9023,399227.3779,-0.005063316522454009,0.02108190906159299,0.03895918045083091,0.016585685584417472,-0.038862802812624025,1994.74,1984.64,2026.48,2105.43,2140.35
2026-04-02T01:08:40,67130.5,68169.65,68589.49,69310.0,68653.38,65000.0,65800.59,65998.05,67578.75,65712.12,10052.85584,18353.38975,22105.40662,19020.1899,20203.47916,0.011913784580826273,0.0222630022708978,-0.0024977857340349914,-0.017792692007742222,9.313624303252813E-4,66010.93,66797.37,68284.48,68113.92,66901.99,2019.65,2085.0,2124.03,2167.85,2159.37,1938.82,1980.28,2012.64,2082.08,2017.04,166726.7382,338304.4344,421897.9023,399227.3779,346872.8323,0.02108190906159299,0.03895918045083091,0.016585685584417472,-0.038862802812624025,-0.001623589688747233,1984.64,2026.48,2105.43,2140.35,2057.17
2026-04-03T01:08:40,68169.65,68589.49,69310.0,68653.38,67370.42,65800.59,65998.05,67578.75,65712.12,66282.0,18353.38975,22105.40662,19020.1899,20203.47916,11429.13131,0.0222630022708978,-0.0024977857340349914,-0.017792692007742222,9.313624303252813E-4,0.005019390929196532,66797.37,68284.48,68113.92,66901.99,66964.3,2085.0,2124.03,2167.85,2159.37,2081.76,1980.28,2012.64,2082.08,2017.04,2040.66,338304.4344,421897.9023,399227.3779,346872.8323,136266.6393,0.03895918045083091,0.016585685584417472,-0.038862802812624025,-0.001623589688747233,0.005691805066631637,2026.48,2105.43,2140.35,2057.17,2053.83
2026-04-04T01:08:40,68589.49,69310.0,68653.38,67370.42,67562.93,65998.05,67578.75,65712.12,66282.0,66775.91,22105.40662,19020.1899,20203.47916,11429.13131,7373.51613,-0.0024977857340349914,-0.017792692007742222,9.313624303252813E-4,0.005019390929196532,0.025761503420038016,68284.48,68113.92,66901.99,66964.3,67300.42,2124.03,2167.85,2159.37,2081.76,2084.0,2012.64,2082.08,2017.04,2040.66,2044.63,421897.9023,399227.3779,346872.8323,136266.6393,86504.4406,0.016585685584417472,-0.038862802812624025,-0.001623589688747233,0.005691805066631637,0.021616832565165233,2105.43,2140.35,2057.17,2053.83,2065.52
2026-04-05T01:08:40,69310.0,68653.38,67370.42,67562.93,69136.2,67578.75,65712.12,66282.0,66775.91,66611.66,19020.1899,20203.47916,11429.13131,7373.51613,11733.46752,-0.017792692007742222,9.313624303252813E-4,0.005019390929196532,0.025761503420038016,-0.002614936543028244,68113.92,66901.99,66964.3,67300.42,69034.18,2167.85,2159.37,2081.76,2084.0,2123.49,2082.08,2017.04,2040.66,2044.63,2021.5,399227.3779,346872.8323,136266.6393,86504.4406,157353.3199,-0.038862802812624025,-0.001623589688747233,0.005691805066631637,0.021616832565165233,-0.0014264253590943945,2140.35,2057.17,2053.83,2065.52,2110.17
2026-04-06T01:08:40,68653.38,67370.42,67562.93,69136.2,70351.46,65712.12,66282.0,66775.91,66611.66,68300.0,20203.47916,11429.13131,7373.51613,11733.46752,20281.61044,9.313624303252813E-4,0.005019390929196532,0.025761503420038016,-0.002614936543028244,0.044595450699352765,66901.99,66964.3,67300.42,69034.18,68853.66,2159.37,2081.76,2084.0,2123.49,2174.79,2017.04,2040.66,2044.63,2021.5,2087.5,346872.8323,136266.6393,86504.4406,157353.3199,356054.2894,-0.001623589688747233,0.005691805066631637,0.021616832565165233,-0.0014264253590943945,0.06304694470282293,2057.17,2053.83,2065.52,2110.17,2107.16
2026-04-07T01:08:40,67370.42,67562.93,69136.2,70351.46,72761.0,66282.0,66775.91,66611.66,68300.0,67732.01,11429.13131,7373.51613,11733.46752,20281.61044,23750.49661,0.005019390929196532,0.025761503420038016,-0.002614936543028244,0.044595450699352765,-0.01187764010509962,66964.3,67300.42,69034.18,68853.66,71924.22,2081.76,2084.0,2123.49,2174.79,2273.87,2040.66,2044.63,2021.5,2087.5,2060.24,136266.6393,86504.4406,157353.3199,356054.2894,460094.8093,0.005691805066631637,0.021616832565165233,-0.0014264253590943945,0.06304694470282293,-0.02232579318842336,2053.83,2065.52,2110.17,2107.16,2240.01
2026-04-08T01:08:40,67562.93,69136.2,70351.46,72761.0,72857.0,66775.91,66611.66,68300.0,67732.01,70707.23,7373.51613,11733.46752,20281.61044,23750.49661,19802.68627,0.025761503420038016,-0.002614936543028244,0.044595450699352765,-0.01187764010509962,0.010103288409036118,67300.42,69034.18,68853.66,71924.22,71069.93,2084.0,2123.49,2174.79,2273.87,2270.55,2044.63,2021.5,2087.5,2060.24,2179.78,86504.4406,157353.3199,356054.2894,460094.8093,404717.6321,0.021616832565165233,-0.0014264253590943945,0.06304694470282293,-0.02232579318842336,9.132420091315895E-5,2065.52,2110.17,2107.16,2240.01,2190.0
2026-04-09T01:08:40,69136.2,70351.46,72761.0,72857.0,73145.0,66611.66,68300.0,67732.01,70707.23,70466.0,11733.46752,20281.61044,23750.49661,19802.68627,18158.42159,-0.002614936543028244,0.044595450699352765,-0.01187764010509962,0.010103288409036118,0.01636388380950173,69034.18,68853.66,71924.22,71069.93,71787.97,2123.49,2174.79,2273.87,2270.55,2246.0,2021.5,2087.5,2060.24,2179.78,2157.31,157353.3199,356054.2894,460094.8093,404717.6321,275317.9503,-0.0014264253590943945,0.06304694470282293,-0.02232579318842336,9.132420091315895E-5,0.025043375034243615,2110.17,2107.16,2240.01,2190.0,2190.2
2026-04-10T01:08:40,70351.46,72761.0,72857.0,73145.0,73434.0,68300.0,67732.01,70707.23,70466.0,71426.15,20281.61044,23750.49661,19802.68627,18158.42159,17372.63288,0.044595450699352765,-0.01187764010509962,0.010103288409036118,0.01636388380950173,0.001102755243432691,68853.66,71924.22,71069.93,71787.97,72962.7,2174.79,2273.87,2270.55,2246.0,2257.99,2087.5,2060.24,2179.78,2157.31,2176.1,356054.2894,460094.8093,404717.6321,275317.9503,272899.0858,0.06304694470282293,-0.02232579318842336,9.132420091315895E-5,0.025043375034243615,0.017790249660363733,2107.16,2240.01,2190.0,2190.2,2245.05
2026-04-11T01:08:40,72761.0,72857.0,73145.0,73434.0,73790.0,67732.01,70707.23,70466.0,71426.15,72513.09,23750.49661,19802.68627,18158.42159,17372.63288,9070.94374,-0.01187764010509962,0.010103288409036118,0.01636388380950173,0.001102755243432691,-0.031518077804958154,71924.22,71069.93,71787.97,72962.7,73043.16,2273.87,2270.55,2246.0,2257.99,2329.93,2060.24,2179.78,2157.31,2176.1,2229.0,460094.8093,404717.6321,275317.9503,272899.0858,214785.4039,-0.02232579318842336,9.132420091315895E-5,0.025043375034243615,0.017790249660363733,-0.040849194088376624,2240.01,2190.0,2190.2,2245.05,2284.99
2026-04-12T01:08:40,72857.0,73145.0,73434.0,73790.0,73137.24,70707.23,70466.0,71426.15,72513.09,70505.88,19802.68627,18158.42159,17372.63288,9070.94374,13472.46801,0.010103288409036118,0.01636388380950173,0.001102755243432691,-0.031518077804958154,0.0519784995910434,71069.93,71787.97,72962.7,73043.16,70740.98,2270.55,2246.0,2257.99,2329.93,2288.57,2179.78,2157.31,2176.1,2229.0,2175.0,404717.6321,275317.9503,272899.0858,214785.4039,258156.8821,9.132420091315895E-5,0.025043375034243615,0.017790249660363733,-0.040849194088376624,0.08113065498596944,2190.0,2190.2,2245.05,2284.99,2191.65
2026-04-13T01:08:40,73145.0,73434.0,73790.0,73137.24,74900.0,70466.0,71426.15,72513.09,70505.88,70566.99,18158.42159,17372.63288,9070.94374,13472.46801,24230.21625,0.01636388380950173,0.001102755243432691,-0.031518077804958154,0.0519784995910434,-0.0038490692909067055,71787.97,72962.7,73043.16,70740.98,74417.99,2246.0,2257.99,2329.93,2288.57,2394.71,2157.31,2176.1,2229.0,2175.0,2175.68,275317.9503,272899.0858,214785.4039,258156.8821,453870.8292,0.025043375034243615,0.017790249660363733,-0.040849194088376624,0.08113065498596944,-0.019844183906881727,2190.2,2245.05,2284.99,2191.65,2369.46
2026-04-14T01:08:40,73434.0,73790.0,73137.24,74900.0,76038.0,71426.15,72513.09,70505.88,70566.99,73795.47,17372.63288,9070.94374,13472.46801,24230.21625,26532.94456,0.001102755243432691,-0.031518077804958154,0.0519784995910434,-0.0038490692909067055,0.009151838859433025,72962.7,73043.16,70740.98,74417.99,74131.55,2257.99,2329.93,2288.57,2394.71,2415.5,2176.1,2229.0,2175.0,2175.68,2302.9,272899.0858,214785.4039,258156.8821,453870.8292,460107.3841,0.017790249660363733,-0.040849194088376624,0.08113065498596944,-0.019844183906881727,0.01615111692874725,2245.05,2284.99,2191.65,2369.46,2322.44
2026-04-15T01:08:40,73790.0,73137.24,74900.0,76038.0,75425.0,72513.09,70505.88,70566.99,73795.47,73514.0,9070.94374,13472.46801,24230.21625,26532.94456,14425.04167,-0.031518077804958154,0.0519784995910434,-0.0038490692909067055,0.009151838859433025,0.0046023265074622835,73043.16,70740.98,74417.99,74131.55,74809.99,2329.93,2288.57,2394.71,2415.5,2385.61,2229.0,2175.0,2175.68,2302.9,2308.5,214785.4039,258156.8821,453870.8292,460107.3841,268190.6377,-0.040849194088376624,0.08113065498596944,-0.019844183906881727,0.01615111692874725,-0.004991631178626559,2284.99,2191.65,2369.46,2322.44,2359.95
2026-04-16T01:08:40,73137.24,74900.0,76038.0,75425.0,75534.76,70505.88,70566.99,73795.47,73514.0,73309.85,13472.46801,24230.21625,26532.94456,14425.04167,17088.68777,0.0519784995910434,-0.0038490692909067055,0.009151838859433025,0.0046023265074622835,0.025516973149503595,70740.98,74417.99,74131.55,74809.99,75154.29,2288.57,2394.71,2415.5,2385.61,2369.59,2175.0,2175.68,2302.9,2308.5,2285.1,258156.8821,453870.8292,460107.3841,268190.6377,328960.9377,0.08113065498596944,-0.019844183906881727,0.01615111692874725,-0.004991631178626559,0.03016391487839463,2191.65,2369.46,2322.44,2359.95,2348.17
2026-04-17T01:08:40,74900.0,76038.0,75425.0,75534.76,78333.0,70566.99,73795.47,73514.0,73309.85,74529.4,24230.21625,26532.94456,14425.04167,17088.68777,25941.36694,-0.0038490692909067055,0.009151838859433025,0.0046023265074622835,0.025516973149503595,-0.01790844924226704,74417.99,74131.55,74809.99,75154.29,77072.0,2394.71,2415.5,2385.61,2369.59,2464.91,2175.68,2302.9,2308.5,2285.1,2317.43,453870.8292,460107.3841,268190.6377,328960.9377,491731.3615,-0.019844183906881727,0.01615111692874725,-0.004991631178626559,0.03016391487839463,-0.02839189747829675,2369.46,2322.44,2359.95,2348.17,2419.0
2026-04-18T01:08:40,76038.0,75425.0,75534.76,78333.0,77420.08,73795.47,73514.0,73309.85,74529.4,75445.16,26532.94456,14425.04167,17088.68777,25941.36694,9141.84456,0.009151838859433025,0.0046023265074622835,0.025516973149503595,-0.01790844924226704,-0.024969296525804145,74131.55,74809.99,75154.29,77072.0,75691.76,2415.5,2385.61,2369.59,2464.91,2427.64,2302.9,2308.5,2285.1,2317.43,2339.92,460107.3841,268190.6377,328960.9377,491731.3615,221741.3888,0.01615111692874725,-0.004991631178626559,0.03016391487839463,-0.02839189747829675,-0.03703750978590157,2322.44,2359.95,2348.17,2419.0,2350.32
2026-04-19T01:08:40,75425.0,75534.76,78333.0,77420.08,76240.66,73514.0,73309.85,74529.4,75445.16,73762.9,14425.04167,17088.68777,25941.36694,9141.84456,11369.82232,0.0046023265074622835,0.025516973149503595,-0.01790844924226704,-0.024969296525804145,0.027630495141107117,74809.99,75154.29,77072.0,75691.76,73801.79,2385.61,2369.59,2464.91,2427.64,2355.3,2308.5,2285.1,2317.43,2339.92,2252.72,268190.6377,328960.9377,491731.3615,221741.3888,256086.8276,-0.004991631178626559,0.03016391487839463,-0.02839189747829675,-0.03703750978590157,0.022348195310325294,2359.95,2348.17,2419.0,2350.32,2263.27
2026-04-20T01:08:40,75534.76,78333.0,77420.08,76240.66,76558.62,73309.85,74529.4,75445.16,73762.9,73724.31,17088.68777,25941.36694,9141.84456,11369.82232,16993.41034,0.025516973149503595,-0.01790844924226704,-0.024969296525804145,0.027630495141107117,0.006529188643024911,75154.29,77072.0,75691.76,73801.79,75840.97,2369.59,2464.91,2427.64,2355.3,2346.78,2285.1,2317.43,2339.92,2252.72,2259.67,328960.9377,491731.3615,221741.3888,256086.8276,301000.0659,0.03016391487839463,-0.02839189747829675,-0.03703750978590157,0.022348195310325294,0.005743673963307891,2348.17,2419.0,2350.32,2263.27,2313.85
2026-04-21T01:08:40,78333.0,77420.08,76240.66,76558.62,76927.57,74529.4,75445.16,73762.9,73724.31,74821.57,25941.36694,9141.84456,11369.82232,16993.41034,14912.57132,-0.01790844924226704,-0.024969296525804145,0.027630495141107117,0.006529188643024911,0.024131161972407594,77072.0,75691.76,73801.79,75840.97,76336.15,2464.91,2427.64,2355.3,2346.78,2338.75,2317.43,2339.92,2252.72,2259.67,2284.19,491731.3615,221741.3888,256086.8276,301000.0659,226645.977,-0.02839189747829675,-0.03703750978590157,0.022348195310325294,0.005743673963307891,0.02016638448911552,2419.0,2350.32,2263.27,2313.85,2327.14
2026-04-22T01:08:40,77420.08,76240.66,76558.62,76927.57,79472.82,75445.16,73762.9,73724.31,74821.57,76132.95,9141.84456,11369.82232,16993.41034,14912.57132,19737.51225,-0.024969296525804145,0.027630495141107117,0.006529188643024911,0.024131161972407594,0.001013709315240317,75691.76,73801.79,75840.97,76336.15,78178.23,2427.64,2355.3,2346.78,2338.75,2423.75,2339.92,2252.72,2259.67,2284.19,2312.95,221741.3888,256086.8276,301000.0659,226645.977,379707.1259,-0.03703750978590157,0.022348195310325294,0.005743673963307891,0.02016638448911552,-0.018453541807950037,2350.32,2263.27,2313.85,2327.14,2374.07
2026-04-23T01:08:40,76240.66,76558.62,76927.57,79472.82,78662.5,73762.9,73724.31,74821.57,76132.95,76960.0,11369.82232,16993.41034,14912.57132,19737.51225,16970.79501,0.027630495141107117,0.006529188643024911,0.024131161972407594,0.001013709315240317,-0.01048270401755834,73801.79,75840.97,76336.15,78178.23,78257.48,2355.3,2346.78,2338.75,2423.75,2382.0,2252.72,2259.67,2284.19,2312.95,2285.42,256086.8276,301000.0659,226645.977,379707.1259,356645.6923,0.022348195310325294,0.005743673963307891,0.02016638448911552,-0.018453541807950037,-0.006552916841897657,2263.27,2313.85,2327.14,2374.07,2330.26
2026-04-24T01:08:40,76558.62,76927.57,79472.82,78662.5,78581.93,73724.31,74821.57,76132.95,76960.0,77264.08,16993.41034,14912.57132,19737.51225,16970.79501,12675.14315,0.006529188643024911,0.024131161972407594,0.001013709315240317,-0.01048270401755834,0.002426097144870882,75840.97,76336.15,78178.23,78257.48,77437.13,2346.78,2338.75,2423.75,2382.0,2337.5,2259.67,2284.19,2312.95,2285.42,2300.22,301000.0659,226645.977,379707.1259,356645.6923,183887.6181,0.005743673963307891,0.02016638448911552,-0.018453541807950037,-0.006552916841897657,0.0019481725623005795,2313.85,2327.14,2374.07,2330.26,2314.99
2026-04-25T01:08:40,76927.57,79472.82,78662.5,78581.93,77885.35,74821.57,76132.95,76960.0,77264.08,77140.23,14912.57132,19737.51225,16970.79501,12675.14315,5685.1142,0.024131161972407594,0.001013709315240317,-0.01048270401755834,0.002426097144870882,0.013301771336553983,76336.15,78178.23,78257.48,77437.13,77625.0,2338.75,2423.75,2382.0,2337.5,2323.21,2284.19,2312.95,2285.42,2300.22,2300.55,226645.977,379707.1259,356645.6923,183887.6181,68139.2191,0.02016638448911552,-0.018453541807950037,-0.006552916841897657,0.0019481725623005795,0.021530502263418863,2327.14,2374.07,2330.26,2314.99,2319.5
2026-04-26T01:08:40,79472.82,78662.5,78581.93,77885.35,78961.0,76132.95,76960.0,77264.08,77140.23,77326.51,19737.51225,16970.79501,12675.14315,5685.1142,7963.56162,0.001013709315240317,-0.01048270401755834,0.002426097144870882,0.013301771336553983,-0.016352276418474716,78178.23,78257.48,77437.13,77625.0,78657.55,2423.75,2382.0,2337.5,2323.21,2380.0,2312.95,2285.42,2300.22,2300.55,2306.72,379707.1259,356645.6923,183887.6181,68139.2191,154591.6219,-0.018453541807950037,-0.006552916841897657,0.0019481725623005795,0.021530502263418863,-0.027757613613343227,2374.07,2330.26,2314.99,2319.5,2369.44
2026-04-27T01:08:40,78662.5,78581.93,77885.35,78961.0,79485.66,76960.0,77264.08,77140.23,77326.51,76459.64,16970.79501,12675.14315,5685.1142,7963.56162,16046.92418,-0.01048270401755834,0.002426097144870882,0.013301771336553983,-0.016352276418474716,-0.013293685567210212,78257.48,77437.13,77625.0,78657.55,77371.32,2382.0,2337.5,2323.21,2380.0,2404.37,2285.42,2300.22,2300.55,2306.72,2266.09,356645.6923,183887.6181,68139.2191,154591.6219,300363.8586,-0.006552916841897657,0.0019481725623005795,0.021530502263418863,-0.027757613613343227,-0.006185781817708265,2330.26,2314.99,2319.5,2369.44,2303.67
2026-04-28T01:08:40,78581.93,77885.35,78961.0,79485.66,77478.0,77264.08,77140.23,77326.51,76459.64,75666.6,12675.14315,5685.1142,7963.56162,16046.92418,13210.72383,0.002426097144870882,0.013301771336553983,-0.016352276418474716,-0.013293685567210212,-0.0073716214384152426,77437.13,77625.0,78657.55,77371.32,76342.77,2337.5,2323.21,2380.0,2404.37,2310.88,2300.22,2300.55,2306.72,2266.09,2258.24,183887.6181,68139.2191,154591.6219,300363.8586,187932.2201,0.0019481725623005795,0.021530502263418863,-0.027757613613343227,-0.006185781817708265,-0.015951638406233884,2314.99,2319.5,2369.44,2303.67,2289.42
2026-04-29T01:08:40,77885.35,78961.0,79485.66,77478.0,77904.93,77140.23,77326.51,76459.64,75666.6,74937.52,5685.1142,7963.56162,16046.92418,13210.72383,18279.93022,0.013301771336553983,-0.016352276418474716,-0.013293685567210212,-0.0073716214384152426,0.0,77625.0,78657.55,77371.32,76342.77,75780.0,2323.21,2380.0,2404.37,2310.88,2346.95,2300.55,2306.72,2266.09,2258.24,2220.36,68139.2191,154591.6219,300363.8586,187932.2201,355078.1015,0.021530502263418863,-0.027757613613343227,-0.006185781817708265,-0.015951638406233884,0.0,2319.5,2369.44,2303.67,2289.42,2252.9
