date,BTC.high_2,BTC.high_1,BTC.high,BTC.low_2,BTC.low_1,BTC.low,BTC.volume_2,BTC.volume_1,BTC.volume,BTC.return_2,BTC.return_1,BTC.return,BTC.close_2,BTC.close_1,BTC.close,XRP.high_2,XRP.high_1,XRP.high,XRP.low_2,XRP.low_1,XRP.low,XRP.volume_2,XRP.volume_1,XRP.volume,XRP.return_2,XRP.return_1,XRP.return,XRP.close_2,XRP.close_1,XRP.close,SOL.high_2,SOL.high_1,SOL.high,SOL.low_2,SOL.low_1,SOL.low,SOL.volume_2,SOL.volume_1,SOL.volume,SOL.return_2,SOL.return_1,SOL.return,SOL.close_2,SOL.close_1,SOL.close,LTC.high_2,LTC.high_1,LTC.high,LTC.low_2,LTC.low_1,LTC.low,LTC.volume_2,LTC.volume_1,LTC.volume,LTC.return_2,LTC.return_1,LTC.return,LTC.close_2,LTC.close_1,LTC.close,ETH.high_2,ETH.high_1,ETH.high,ETH.low_2,ETH.low_1,ETH.low,ETH.volume_2,ETH.volume_1,ETH.volume,ETH.return_2,ETH.return_1,ETH.return,ETH.close_2,ETH.close_1,ETH.close,target
2025-11-30T12:24:19,93092,91165.65,92000.01,90180.63,90155.47,90336.9,18830.86012,7429.88291,9687.74175,-9.71E-04,-0.004872556,-0.045086211,90890.7,90802.44,90360,2.2752,2.2231,2.215,2.1565,2.1666,2.1524,1.41E+08,5.70E+07,5.25E+07,0.009818766,-0.020855105,-0.058143852,2.1795,2.2009,2.155,143.6,138.1,140.19,136.01,134.76,133.26,3502510.031,1859321.171,2608165.329,-0.010340057,-0.017879479,-0.051093797,137.33,135.91,133.48,86.77,85.73,84.83,83.13,83.14,82.27,366205.629,188495.208,173562.982,-0.003205889,-0.018701608,-0.058630736,84.22,83.95,82.38,3099,3052.64,3053.02,2994.36,2961.91,2975.3,346616.0275,217904.1303,182722.4253,-0.013852828,7.03E-04,-0.064250517,3031.15,2989.16,2991.26,2799.07
2025-12-01T12:24:19,91165.65,92000.01,90417,90155.47,90336.9,83822.76,7429.88291,9687.74175,34509.01227,-0.004872556,-0.045086211,0.0578526,90802.44,90360,86286.01,2.2231,2.215,2.1609,2.1666,2.1524,1.9835,5.70E+07,5.25E+07,1.74E+08,-0.020855105,-0.058143852,0.060846431,2.2009,2.155,2.0297,138.1,140.19,133.74,134.76,133.26,123.11,1859321.171,2608165.329,5007504.057,-0.017879479,-0.051093797,0.094899732,135.91,133.48,126.66,85.73,84.83,82.5,83.14,82.27,74.66,188495.208,173562.982,768955.214,-0.018701608,-0.058630736,0.06756931,83.95,82.38,77.55,3052.64,3053.02,2999.47,2961.91,2975.3,2716.04,217904.1303,182722.4253,849002.9909,7.03E-04,-0.064250517,0.070380519,2989.16,2991.26,2799.07,2996.07
2025-12-02T12:24:19,92000.01,90417,92307.65,90336.9,83822.76,86184.39,9687.74175,34509.01227,28210.22732,-0.045086211,0.0578526,0.023577125,90360,86286.01,91277.88,2.215,2.1609,2.1831,2.1524,1.9835,1.995,5.25E+07,1.74E+08,1.32E+08,-0.058143852,0.060846431,0.020620472,2.155,2.0297,2.1532,140.19,133.74,140.88,133.26,123.11,126.01,2608165.329,5007504.057,5022856.747,-0.051093797,0.094899732,0.043192962,133.48,126.66,138.68,84.83,82.5,83.31,82.27,74.66,77.31,173562.982,768955.214,416570.506,-0.058630736,0.06756931,0.036719411,82.38,77.55,82.79,3053.02,2999.47,3033.76,2975.3,2716.04,2782.19,182722.4253,849002.9909,523707.3586,-0.064250517,0.070380519,0.064180743,2991.26,2799.07,2996.07,3188.36
2025-12-03T12:24:19,90417,92307.65,94150,83822.76,86184.39,90990.23,34509.01227,28210.22732,25712.52585,0.0578526,0.023577125,-0.014469557,86286.01,91277.88,93429.95,2.1609,2.1831,2.219,1.9835,1.995,2.1414,1.74E+08,1.32E+08,1.12E+08,0.060846431,0.020620472,-0.046232253,2.0297,2.1532,2.1976,133.74,140.88,146.08,123.11,126.01,137.76,5007504.057,5022856.747,3954144.805,0.094899732,0.043192962,-0.039123522,126.66,138.68,144.67,82.5,83.31,86.73,74.66,77.31,82.5,768955.214,416570.506,501837.773,0.06756931,0.036719411,-0.026680648,77.55,82.79,85.83,2999.47,3033.76,3214.99,2716.04,2782.19,2985.58,849002.9909,523707.3586,553669.8146,0.070380519,0.064180743,-0.017281612,2799.07,2996.07,3188.36,3133.26
2025-12-04T12:24:19,92307.65,94150,94080,86184.39,90990.23,90889,28210.22732,25712.52585,19803.94059,0.023577125,-0.014469557,-0.02984446,91277.88,93429.95,92078.06,2.1831,2.219,2.2146,1.995,2.1414,2.0691,1.32E+08,1.12E+08,1.01E+08,0.020620472,-0.046232253,-0.029389313,2.1532,2.1976,2.096,140.88,146.08,146.91,126.01,137.76,137.8,5022856.747,3954144.805,2694242.241,0.043192962,-0.039123522,-0.041148119,138.68,144.67,139.01,83.31,86.73,86.77,77.31,82.5,82.16,416570.506,501837.773,457518.638,0.036719411,-0.026680648,-0.037826191,82.79,85.83,83.54,3033.76,3214.99,3240.35,2782.19,2985.58,3066.37,523707.3586,553669.8146,486698.3987,0.064180743,-0.017281612,-0.035579556,2996.07,3188.36,3133.26,3021.78
2025-12-05T12:24:19,94150,94080,92692.36,90990.23,90889,88056,25712.52585,19803.94059,19792.97218,-0.014469557,-0.02984446,-0.001043882,93429.95,92078.06,89330.04,2.219,2.2146,2.113,2.1414,2.0691,2.0125,1.12E+08,1.01E+08,9.53E+07,-0.046232253,-0.029389313,-0.001720409,2.1976,2.096,2.0344,146.08,146.91,140.75,137.76,137.8,130.73,3954144.805,2694242.241,3367359.143,-0.039123522,-0.041148119,-0.008252682,144.67,139.01,133.29,86.73,86.77,84.13,82.5,82.16,79.59,501837.773,457518.638,404693.922,-0.026680648,-0.037826191,0.016173177,85.83,83.54,80.38,3214.99,3240.35,3193.33,2985.58,3066.37,2983.08,553669.8146,486698.3987,530382.8986,-0.017281612,-0.035579556,0.005387553,3188.36,3133.26,3021.78,3038.06
2025-12-06T12:24:19,94080,92692.36,90289.97,90889,88056,88908.01,19803.94059,19792.97218,8409.50016,-0.02984446,-0.001043882,0.012982538,92078.06,89330.04,89236.79,2.2146,2.113,2.0504,2.0691,2.0125,2.0154,1.01E+08,9.53E+07,4.36E+07,-0.029389313,-0.001720409,0.006548821,2.096,2.0344,2.0309,146.91,140.75,134.13,137.8,130.73,131.28,2694242.241,3367359.143,1341595.431,-0.041148119,-0.008252682,3.78E-04,139.01,133.29,132.19,86.77,84.13,82.52,82.16,79.59,79.9,457518.638,404693.922,271214.908,-0.037826191,0.016173177,-0.003060725,83.54,80.38,81.68,3240.35,3193.33,3069,3066.37,2983.08,3012.58,486698.3987,530382.8986,159721.2488,-0.035579556,0.005387553,0.00717234,3133.26,3021.78,3038.06,3059.85
2025-12-07T12:24:19,92692.36,90289.97,91760,88056,88908.01,87719.28,19792.97218,8409.50016,13021.11185,-0.001043882,0.012982538,0.002644274,89330.04,89236.79,90395.31,2.113,2.0504,2.1109,2.0125,2.0154,1.9894,9.53E+07,4.36E+07,8.38E+07,-0.001720409,0.006548821,0.013795128,2.0344,2.0309,2.0442,140.75,134.13,136.35,130.73,131.28,127.7,3367359.143,1341595.431,3131804.491,-0.008252682,3.78E-04,0.007637629,133.29,132.19,132.24,84.13,82.52,83.76,79.59,79.9,79.88,404693.922,271214.908,278926.302,0.016173177,-0.003060725,0.029964387,80.38,81.68,81.43,3193.33,3069,3150,2983.08,3012.58,2907.52,530382.8986,159721.2488,391129.675,0.005387553,0.00717234,0.02101737,3021.78,3038.06,3059.85,3124.16
2025-12-08T12:24:19,90289.97,91760,92287.15,88908.01,87719.28,89612,8409.50016,13021.11185,15793.63887,0.012982538,0.002644274,0.022557234,89236.79,90395.31,90634.34,2.0504,2.1109,2.1239,2.0154,1.9894,2.0319,4.36E+07,8.38E+07,8.80E+07,0.006548821,0.013795128,0.016309593,2.0309,2.0442,2.0724,134.13,136.35,139.36,131.28,127.7,131.52,1341595.431,3131804.491,3245115.426,3.78E-04,0.007637629,0.034746717,132.19,132.24,133.25,82.52,83.76,84.49,79.9,79.88,81.01,271214.908,278926.302,356631.49,-0.003060725,0.029964387,0.023250268,81.68,81.43,83.87,3069,3150,3180.51,3012.58,2907.52,3040.87,159721.2488,391129.675,452820.2207,0.00717234,0.02101737,0.062058281,3038.06,3059.85,3124.16,3318.04
2025-12-09T12:24:19,91760,92287.15,94588.99,87719.28,89612,89500,13021.11185,15793.63887,21240.43014,0.002644274,0.022557234,-0.007158379,90395.31,90634.34,92678.8,2.1109,2.1239,2.178,1.9894,2.0319,2.0419,8.38E+07,8.80E+07,1.14E+08,0.013795128,0.016309593,-0.030576394,2.0442,2.0724,2.1062,136.35,139.36,144.93,127.7,131.52,131.62,3131804.491,3245115.426,4508522.034,0.007637629,0.034746717,-0.011749347,132.24,133.25,137.88,83.76,84.49,87.54,79.88,81.01,82.47,278926.302,356631.49,438493.075,0.029964387,0.023250268,-0.017711489,81.43,83.87,85.82,3150,3180.51,3397.85,2907.52,3040.87,3090.8,391129.675,452820.2207,603859.9458,0.02101737,0.062058281,0.001838435,3059.85,3124.16,3318.04,3324.14
2025-12-10T12:24:19,92287.15,94588.99,94476,89612,89500,91563.15,15793.63887,21240.43014,18998.68083,0.022557234,-0.007158379,0.005412248,90634.34,92678.8,92015.37,2.1239,2.178,2.1108,2.0319,2.0419,2.0346,8.80E+07,1.14E+08,1.25E+08,0.016309593,-0.030576394,-0.003820159,2.0724,2.1062,2.0418,139.36,144.93,142.57,131.52,131.62,135.39,3245115.426,4508522.034,4520230.276,0.034746717,-0.011749347,0.001100837,133.25,137.88,136.26,84.49,87.54,87.09,81.01,82.47,83.74,356631.49,438493.075,343758.859,0.023250268,-0.017711489,-0.016251483,83.87,85.82,84.3,3180.51,3397.85,3447.44,3040.87,3090.8,3288.1,452820.2207,603859.9458,539585.4535,0.062058281,0.001838435,-0.026096975,3124.16,3318.04,3324.14,3237.39
2025-12-11T12:24:19,94588.99,94476,93555,89500,91563.15,89260.63,21240.43014,18998.68083,19972.58758,-0.007158379,0.005412248,-0.024266328,92678.8,92015.37,92513.38,2.178,2.1108,2.057,2.0419,2.0346,1.9767,1.14E+08,1.25E+08,1.25E+08,-0.030576394,-0.003820159,-0.013077679,2.1062,2.0418,2.034,144.93,142.57,137.79,131.62,135.39,129,4508522.034,4520230.276,4377697.036,-0.011749347,0.001100837,-0.030349681,137.88,136.26,136.41,87.54,87.09,84.59,82.47,83.74,80.31,438493.075,343758.859,447190.593,-0.017711489,-0.016251483,-0.011817195,85.82,84.3,82.93,3397.85,3447.44,3327.37,3090.8,3288.1,3145.28,603859.9458,539585.4535,504114.2391,0.001838435,-0.026096975,-0.047115114,3318.04,3324.14,3237.39,3084.86
2025-12-12T12:24:19,94476,93555,92754,91563.15,89260.63,89480,18998.68083,19972.58758,16679.19169,0.005412248,-0.024266328,-3.15E-04,92015.37,92513.38,90268.42,2.1108,2.057,2.0478,2.0346,1.9767,1.9692,1.25E+08,1.25E+08,7.80E+07,-0.003820159,-0.013077679,0.007621799,2.0418,2.034,2.0074,142.57,137.79,140.12,135.39,129,130.35,4520230.276,4377697.036,4005608.262,0.001100837,-0.030349681,0.006577455,136.26,136.41,132.27,87.09,84.59,84.49,83.74,80.31,80.5,343758.859,447190.593,300466.28,-0.016251483,-0.011817195,-0.00585723,84.3,82.93,81.95,3447.44,3327.37,3265.5,3288.1,3145.28,3045.31,539585.4535,504114.2391,435686.4435,-0.026096975,-0.047115114,0.009653599,3324.14,3237.39,3084.86,3114.64
2025-12-13T12:24:19,93555,92754,90634.55,89260.63,89480,89766.39,19972.58758,16679.19169,5895.70788,-0.024266328,-3.15E-04,-0.022914891,92513.38,90268.42,90240.01,2.057,2.0478,2.0482,1.9767,1.9692,2.0068,1.25E+08,7.80E+07,4.42E+07,-0.013077679,0.007621799,-0.021901419,2.034,2.0074,2.0227,137.79,140.12,134.28,129,130.35,131.6,4377697.036,4005608.262,1472483.735,-0.030349681,0.006577455,-0.028090732,136.41,132.27,133.14,84.59,84.49,82.45,80.31,80.5,80.77,447190.593,300466.28,150564.427,-0.011817195,-0.00585723,-0.030808887,82.93,81.95,81.47,3327.37,3265.5,3135.68,3145.28,3045.31,3078.6,504114.2391,435686.4435,136465.7567,-0.047115114,0.009653599,-0.016419233,3237.39,3084.86,3114.64,3063.5
2025-12-14T12:24:19,92754,90634.55,90472.4,89480,89766.39,87577.36,16679.19169,5895.70788,9416.94004,-3.15E-04,-0.022914891,-0.019735139,90268.42,90240.01,88172.17,2.0478,2.0482,2.0306,1.9692,2.0068,1.9527,7.80E+07,4.42E+07,4.51E+07,0.007621799,-0.021901419,-0.040588354,2.0074,2.0227,1.9784,140.12,134.28,133.66,130.35,131.6,127.98,4005608.262,1472483.735,1731614.637,0.006577455,-0.028090732,-0.012287481,132.27,133.14,129.4,84.49,82.45,81.99,80.5,80.77,77.96,300466.28,150564.427,246089.417,-0.00585723,-0.030808887,-0.018363728,81.95,81.47,78.96,3265.5,3135.68,3129.54,3045.31,3078.6,3024.44,435686.4435,136465.7567,279058.3545,0.009653599,-0.016419233,-0.03220173,3084.86,3114.64,3063.5,2964.85
2025-12-15T12:24:19,90634.55,90472.4,90052.64,89766.39,87577.36,85146.64,5895.70788,9416.94004,19778.6919,-0.022914891,-0.019735139,0.016560286,90240.01,88172.17,86432.08,2.0482,2.0306,2.0143,2.0068,1.9527,1.8695,4.42E+07,4.51E+07,1.16E+08,-0.021901419,-0.040588354,0.016648227,2.0227,1.9784,1.8981,134.28,133.66,135.43,131.6,127.98,123.63,1472483.735,1731614.637,3922431,-0.028090732,-0.012287481,0.010484313,133.14,129.4,127.81,82.45,81.99,81.42,80.77,77.96,75.74,150564.427,246089.417,377024.701,-0.030808887,-0.018363728,0.020255451,81.47,78.96,77.51,3135.68,3129.54,3177.5,3078.6,3024.44,2894.57,136465.7567,279058.3545,520509.9555,-0.016419233,-0.03220173,-8.60E-04,3114.64,3063.5,2964.85,2962.3
2025-12-16T12:24:19,90472.4,90052.64,88175.98,87577.36,85146.64,85266,9416.94004,19778.6919,18456.05017,-0.019735139,0.016560286,-0.018439983,88172.17,86432.08,87863.42,2.0306,2.0143,1.9491,1.9527,1.8695,1.852,4.51E+07,1.16E+08,1.01E+08,-0.040588354,0.016648227,-0.034720423,1.9784,1.8981,1.9297,133.66,135.43,130.14,127.98,123.63,124.87,1731614.637,3922431,2884783.998,-0.012287481,0.010484313,-0.045528455,129.4,127.81,129.15,81.99,81.42,79.89,77.96,75.74,76.44,246089.417,377024.701,398870.126,-0.018363728,0.020255451,-0.038821447,78.96,77.51,79.08,3129.54,3177.5,2981.87,3024.44,2894.57,2876,279058.3545,520509.9555,378293.1159,-0.03220173,-8.60E-04,-0.043483104,3063.5,2964.85,2962.3,2833.49
2025-12-17T12:24:19,90052.64,88175.98,90365.85,85146.64,85266,85314,19778.6919,18456.05017,19834.11729,0.016560286,-0.018439983,-0.008427445,86432.08,87863.42,86243.22,2.0143,1.9491,1.9874,1.8695,1.852,1.8474,1.16E+08,1.01E+08,1.12E+08,0.016648227,-0.034720423,-0.029580716,1.8981,1.9297,1.8627,135.43,130.14,133.99,123.63,124.87,121.36,3922431,2884783.998,4525580.216,0.010484313,-0.045528455,-0.029772045,127.81,129.15,123.27,81.42,79.89,81.04,75.74,76.44,75.16,377024.701,398870.126,376262.289,0.020255451,-0.038821447,-0.022628601,77.51,79.08,76.01,3177.5,2981.87,3030.92,2894.57,2876,2791.02,520509.9555,378293.1159,497630.4162,-8.60E-04,-0.043483104,-0.001736375,2964.85,2962.3,2833.49,2828.57
2025-12-18T12:24:19,88175.98,90365.85,89477.61,85266,85314,84450.01,18456.05017,19834.11729,25405.41763,-0.018439983,-0.008427445,0.030643592,87863.42,86243.22,85516.41,1.9491,1.9874,1.9341,1.852,1.8474,1.8,1.01E+08,1.12E+08,1.27E+08,-0.034720423,-0.029580716,0.056207125,1.9297,1.8627,1.8076,130.14,133.99,129.05,124.87,121.36,116.88,2884783.998,4525580.216,4790795.008,-0.045528455,-0.029772045,0.055769231,129.15,123.27,119.6,79.89,81.04,78.56,76.44,75.16,72.64,398870.126,376262.289,475331.443,-0.038821447,-0.022628601,0.043074438,79.08,76.01,74.29,2981.87,3030.92,2997.4,2876,2791.02,2775.19,378293.1159,497630.4162,595253.7997,-0.043483104,-0.001736375,0.053359118,2962.3,2833.49,2828.57,2979.5
2025-12-19T12:24:19,90365.85,89477.61,89399.97,85314,84450.01,85110.24,19834.11729,25405.41763,21256.65004,-0.008427445,0.030643592,0.002541046,86243.22,85516.41,88136.94,1.9874,1.9341,1.9213,1.8474,1.8,1.7711,1.12E+08,1.27E+08,1.45E+08,-0.029580716,0.056207125,0.012727844,1.8627,1.8076,1.9092,133.99,129.05,127.87,121.36,116.88,117.61,4525580.216,4790795.008,4090548.592,-0.029772045,0.055769231,-0.003642987,123.27,119.6,126.27,81.04,78.56,78.02,75.16,72.64,73.56,376262.289,475331.443,362068.467,-0.022628601,0.043074438,0.004516712,76.01,74.29,77.49,3030.92,2997.4,3020,2791.02,2775.19,2808.63,497630.4162,595253.7997,531702.5439,-0.001736375,0.053359118,-5.27E-04,2833.49,2828.57,2979.5,2977.93
2025-12-20T12:24:19,89477.61,89399.97,88573.07,84450.01,85110.24,87795.76,25405.41763,21256.65004,5123.13194,0.030643592,0.002541046,0.00337208,85516.41,88136.94,88360.9,1.9341,1.9213,1.9588,1.8,1.7711,1.8936,1.27E+08,1.45E+08,5.32E+07,0.056207125,0.012727844,-0.005792604,1.8076,1.9092,1.9335,129.05,127.87,126.89,116.88,117.61,125.3,4790795.008,4090548.592,1229353.586,0.055769231,-0.003642987,0.001748669,119.6,126.27,125.81,78.56,78.02,79.41,72.64,73.56,76.43,475331.443,362068.467,157890.421,0.043074438,0.004516712,-0.013489209,74.29,77.49,77.84,2997.4,3020,2994.41,2775.19,2808.63,2964.17,595253.7997,531702.5439,91783.7734,0.053359118,-5.27E-04,0.008089512,2828.57,2979.5,2977.93,3002.02
2025-12-21T12:24:19,89399.97,88573.07,89081.77,85110.24,87795.76,87600.04,21256.65004,5123.13194,7132.87258,0.002541046,0.00337208,-4.29E-04,88136.94,88360.9,88658.86,1.9213,1.9588,1.9498,1.7711,1.8936,1.8948,1.45E+08,5.32E+07,5.30E+07,0.012727844,-0.005792604,-0.009363783,1.9092,1.9335,1.9223,127.87,126.89,126.62,117.61,125.3,123.4,4090548.592,1229353.586,1812103.189,-0.003642987,0.001748669,-7.93E-04,126.27,125.81,126.03,78.02,79.41,78.05,73.56,76.43,75.46,362068.467,157890.421,208349.125,0.004516712,-0.013489209,0.003385858,77.49,77.84,76.79,3020,2994.41,3013.4,2808.63,2964.17,2944,531702.5439,91783.7734,162244.8067,-5.27E-04,0.008089512,0.002488325,2979.5,2977.93,3002.02,3009.49
2025-12-22T12:24:19,88573.07,89081.77,90588.23,87795.76,87600.04,87900,5123.13194,7132.87258,14673.2197,0.00337208,-4.29E-04,-0.012805009,88360.9,88658.86,88620.79,1.9588,1.9498,1.9493,1.8936,1.8948,1.8917,5.32E+07,5.30E+07,8.87E+07,-0.005792604,-0.009363783,-0.016226435,1.9335,1.9223,1.9043,126.89,126.62,128.78,125.3,123.4,124.2,1229353.586,1812103.189,2667589.146,0.001748669,-7.93E-04,-0.015246566,125.81,126.03,125.93,79.41,78.05,79.49,76.43,75.46,76.35,157890.421,208349.125,307831.718,-0.013489209,0.003385858,-5.19E-04,77.84,76.79,77.05,2994.41,3013.4,3077.39,2964.17,2944,2963.43,91783.7734,162244.8067,298443.5633,0.008089512,0.002488325,-0.01477659,2977.93,3002.02,3009.49,2965.02
2025-12-23T12:24:19,89081.77,90588.23,88940,87600.04,87900,86601.9,7132.87258,14673.2197,13910.32904,-4.29E-04,-0.012805009,0.002096907,88658.86,88620.79,87486,1.9498,1.9493,1.91,1.8948,1.8917,1.863,5.30E+07,8.87E+07,7.78E+07,-0.009363783,-0.016226435,-0.005658162,1.9223,1.9043,1.8734,126.62,128.78,126.93,123.4,124.2,122.16,1812103.189,2667589.146,2440030.872,-7.93E-04,-0.015246566,-0.011934521,126.03,125.93,124.01,78.05,79.49,77.96,75.46,76.35,75.53,208349.125,307831.718,260524.06,0.003385858,-5.19E-04,-0.015842098,76.79,77.05,77.01,3013.4,3077.39,3035.79,2944,2963.43,2900.93,162244.8067,298443.5633,386465.747,0.002488325,-0.01477659,-0.005919016,3002.02,3009.49,2965.02,2947.47
2025-12-24T12:24:19,90588.23,88940,88049.89,87900,86601.9,86420,14673.2197,13910.32904,9140.8432,-0.012805009,0.002096907,-0.005066531,88620.79,87486,87669.45,1.9493,1.91,1.8783,1.8917,1.863,1.8372,8.87E+07,7.78E+07,5.99E+07,-0.016226435,-0.005658162,-0.016212154,1.9043,1.8734,1.8628,128.78,126.93,124.3,124.2,122.16,120.63,2667589.146,2440030.872,1605450.498,-0.015246566,-0.011934521,-0.020158329,125.93,124.01,122.53,79.49,77.96,77.42,76.35,75.53,75.22,307831.718,260524.06,266137.657,-5.19E-04,-0.015842098,-0.001055548,77.05,77.01,75.79,3077.39,3035.79,2978.15,2963.43,2900.93,2888.7,298443.5633,386465.747,197035.5598,-0.01477659,-0.005919016,-0.014765205,3009.49,2965.02,2947.47,2903.95
2025-12-25T12:24:19,88940,88049.89,88592.74,86601.9,86420,86934.72,13910.32904,9140.8432,7096.58235,0.002096907,-0.005066531,0.001654222,87486,87669.45,87225.27,1.91,1.8783,1.8892,1.863,1.8372,1.8291,7.78E+07,5.99E+07,4.61E+07,-0.005658162,-0.016212154,0.006056968,1.8734,1.8628,1.8326,126.93,124.3,124.46,122.16,120.63,119.71,2440030.872,1605450.498,1818325.148,-0.011934521,-0.020158329,0.018324171,124.01,122.53,120.06,77.96,77.42,77.57,75.53,75.22,75.36,260524.06,266137.657,204493.057,-0.015842098,-0.001055548,0.015321622,77.01,75.79,75.71,3035.79,2978.15,2971.46,2900.93,2888.7,2891.2,386465.747,197035.5598,188721.2981,-0.005919016,-0.014765205,0.008278379,2965.02,2947.47,2903.95,2927.99
2025-12-26T12:24:19,88049.89,88592.74,89567.75,86420,86934.72,86655.08,9140.8432,7096.58235,18344.61505,-0.005066531,0.001654222,0.005808087,87669.45,87225.27,87369.56,1.8783,1.8892,1.8833,1.8372,1.8291,1.8246,5.99E+07,4.61E+07,7.68E+07,-0.016212154,0.006056968,0.01616315,1.8628,1.8326,1.8437,124.3,124.46,125.14,120.63,119.71,119.24,1605450.498,1818325.148,3326516.562,-0.020158329,0.018324171,0.020202846,122.53,120.06,122.26,77.42,77.57,78,75.22,75.36,75.48,266137.657,204493.057,254509.443,-0.001055548,0.015321622,0.045011058,75.79,75.71,76.87,2978.15,2971.46,2994.38,2888.7,2891.2,2894.26,197035.5598,188721.2981,314830.9989,-0.014765205,0.008278379,0.007192648,2947.47,2903.95,2927.99,2949.05
2025-12-27T12:24:19,88592.74,89567.75,87984,86934.72,86655.08,87253.05,7096.58235,18344.61505,4469.55156,0.001654222,0.005808087,8.61E-04,87225.27,87369.56,87877.01,1.8892,1.8833,1.8788,1.8291,1.8246,1.8417,4.61E+07,7.68E+07,3.12E+07,0.006056968,0.01616315,-0.004323459,1.8326,1.8437,1.8735,124.46,125.14,125.08,119.71,119.24,121.86,1818325.148,3326516.562,1357802.112,0.018324171,0.020202846,0.004329351,120.06,122.26,124.73,77.57,78,80.58,75.36,75.48,76.76,204493.057,254509.443,211258.146,0.015321622,0.045011058,-0.019917839,75.71,76.87,80.33,2971.46,2994.38,2960.89,2891.2,2894.26,2917.13,188721.2981,314830.9989,95040.3956,0.008278379,0.007192648,6.31E-04,2903.95,2927.99,2949.05,2950.91
2025-12-28T12:24:19,89567.75,87984,88088.75,86655.08,87253.05,87435,18344.61505,4469.55156,4446.29285,0.005808087,8.61E-04,-0.008135963,87369.56,87877.01,87952.71,1.8833,1.8788,1.8796,1.8246,1.8417,1.8539,7.68E+07,3.12E+07,2.66E+07,0.01616315,-0.004323459,-0.00782674,1.8437,1.8735,1.8654,125.14,125.08,125.64,119.24,121.86,123.08,3326516.562,1357802.112,1828960.451,0.020202846,0.004329351,-0.015885687,122.26,124.73,125.27,78,80.58,80.58,75.48,76.76,77.87,254509.443,211258.146,219808.346,0.045011058,-0.019917839,-0.005207672,76.87,80.33,78.73,2994.38,2960.89,2961.23,2894.26,2917.13,2924.54,314830.9989,95040.3956,128834.139,0.007192648,6.31E-04,-0.004408809,2927.99,2949.05,2950.91,2937.9
2025-12-29T12:24:19,87984,88088.75,90406.08,87253.05,87435,86806.5,4469.55156,4446.29285,19894.98575,8.61E-04,-0.008135963,0.014309962,87877.01,87952.71,87237.13,1.8788,1.8796,1.918,1.8417,1.8539,1.845,3.12E+07,2.66E+07,7.03E+07,-0.004323459,-0.00782674,0.014480225,1.8735,1.8654,1.8508,125.08,125.64,130.16,121.86,123.08,122.36,1357802.112,1828960.451,4307595.105,0.004329351,-0.015885687,0.014033095,124.73,125.27,123.28,80.58,80.58,80.25,76.76,77.87,76.92,211258.146,219808.346,309985.174,-0.019917839,-0.005207672,0.007277835,80.33,78.73,78.32,2960.89,2961.23,3057.78,2917.13,2924.54,2910.25,95040.3956,128834.139,485959.1824,6.31E-04,-0.004408809,0.012182171,2949.05,2950.91,2937.9,2973.69
2025-12-30T12:24:19,88088.75,90406.08,89400,87435,86806.5,86845.66,4446.29285,19894.98575,13105.91001,-0.008135963,0.014309962,-0.009462229,87952.71,87237.13,88485.49,1.8796,1.918,1.8864,1.8539,1.845,1.8439,2.66E+07,7.03E+07,4.83E+07,-0.00782674,0.014480225,-0.018800597,1.8654,1.8508,1.8776,125.64,130.16,126.52,123.08,122.36,122.58,1828960.451,4307595.105,2480631.516,-0.015885687,0.014033095,-0.00287977,125.27,123.28,125.01,80.58,80.25,79.03,77.87,76.92,77.62,219808.346,309985.174,238627.692,-0.005207672,0.007277835,-0.025858791,78.73,78.32,78.89,2961.23,3057.78,3009.8,2924.54,2910.25,2919.44,128834.139,485959.1824,286583.2879,-0.004408809,0.012182171,-6.89E-04,2950.91,2937.9,2973.69,2971.64
2025-12-31T12:24:19,90406.08,89400,89200,86806.5,86845.66,87250,19894.98575,13105.91001,11558.62047,0.014309962,-0.009462229,0.013586357,87237.13,88485.49,87648.22,1.918,1.8864,1.8839,1.845,1.8439,1.8123,7.03E+07,4.83E+07,5.83E+07,0.014480225,-0.018800597,0.020409271,1.8508,1.8776,1.8423,130.16,126.52,132.75,122.36,122.58,122.99,4307595.105,2480631.516,2941643.658,0.014033095,-0.00287977,0.018050542,123.28,125.01,124.65,80.25,79.03,78.89,76.92,77.62,76.08,309985.174,238627.692,233120.006,0.007277835,-0.025858791,0.040598569,78.32,78.89,76.85,3057.78,3009.8,3028.08,2910.25,2919.44,2958.91,485959.1824,286583.2879,233729.5887,0.012182171,-6.89E-04,0.010953548,2937.9,2973.69,2971.64,3004.19
2026-01-01T12:24:19,89400,89200,88919.45,86845.66,87250,87550.43,13105.91001,11558.62047,6279.57133,-0.009462229,0.013586357,0.01301331,88485.49,87648.22,88839.04,1.8864,1.8839,1.8811,1.8439,1.8123,1.8261,4.83E+07,5.83E+07,4.11E+07,-0.018800597,0.020409271,0.067556785,1.8776,1.8423,1.8799,126.52,132.75,127.25,122.58,122.99,124.15,2480631.516,2941643.658,1733664.978,-0.00287977,0.018050542,0.042474389,125.01,124.65,126.9,79.03,78.89,80.03,77.62,76.08,76.7,238627.692,233120.006,194402.742,-0.025858791,0.040598569,0.024509191,78.89,76.85,79.97,3009.8,3028.08,3010,2919.44,2958.91,2971.15,286583.2879,233729.5887,136088.5207,-6.89E-04,0.010953548,0.040363625,2973.69,2971.64,3004.19,3125.45
2026-01-02T12:24:19,89200,88919.45,90961.81,87250,87550.43,88379.88,11558.62047,6279.57133,17396.97301,0.013586357,0.01301331,0.007032381,87648.22,88839.04,89995.13,1.8839,1.8811,2.0315,1.8123,1.8261,1.8689,5.83E+07,4.11E+07,1.27E+08,0.020409271,0.067556785,0.005630575,1.8423,1.8799,2.0069,132.75,127.25,133.25,122.99,124.15,125.84,2941643.658,1733664.978,2924227.372,0.018050542,0.042474389,0.008163882,124.65,126.9,132.29,78.89,80.03,82.25,76.08,76.7,79.04,233120.006,194402.742,285255.308,0.040598569,0.024509191,0.001830831,76.85,79.97,81.93,3028.08,3010,3150.01,2958.91,2971.15,2992.49,233729.5887,136088.5207,369891.2449,0.010953548,0.040363625,5.31E-04,2971.64,3004.19,3125.45,3127.11
2026-01-03T12:24:19,88919.45,90961.81,90741.16,87550.43,88379.88,89314.01,6279.57133,17396.97301,7057.46716,0.01301331,0.007032381,0.009949683,88839.04,89995.13,90628.01,1.8811,2.0315,2.0561,1.8261,1.8689,1.9844,4.11E+07,1.27E+08,7.44E+07,0.067556785,0.005630575,0.036022198,1.8799,2.0069,2.0182,127.25,133.25,133.99,124.15,125.84,129.6,1733664.978,2924227.372,1520623.499,0.042474389,0.008163882,0.005623454,126.9,132.29,133.37,80.03,82.25,82.82,76.7,79.04,80.77,194402.742,285255.308,249457.667,0.024509191,0.001830831,0.002192982,79.97,81.93,82.08,3010,3150.01,3136.71,2971.15,2992.49,3076,136088.5207,369891.2449,134405.2258,0.040363625,5.31E-04,0.005625002,3004.19,3125.45,3127.11,3144.7
2026-01-04T12:24:19,90961.81,90741.16,91810,88379.88,89314.01,90628,17396.97301,7057.46716,10426.5297,0.007032381,0.009949683,0.025455991,89995.13,90628.01,91529.73,2.0315,2.0561,2.1204,1.8689,1.9844,2.0163,1.27E+08,7.44E+07,1.14E+08,0.005630575,0.036022198,0.122865752,2.0069,2.0182,2.0909,133.25,133.99,135.54,125.84,129.6,133.12,2924227.372,1520623.499,1809269.113,0.008163882,0.005623454,0.028183716,132.29,133.37,134.12,82.25,82.82,83.17,79.04,80.77,81.65,285255.308,249457.667,254059.572,0.001830831,0.002192982,0.014587892,81.93,82.08,82.26,3150.01,3136.71,3167.22,2992.49,3076,3118.75,369891.2449,134405.2258,181576.0686,5.31E-04,0.005625002,0.025531847,3125.45,3127.11,3144.7,3224.99
2026-01-05T12:24:19,90741.16,91810,94789.08,89314.01,90628,91514.81,7057.46716,10426.5297,20673.59584,0.009949683,0.025455991,-0.0011905,90628.01,91529.73,93859.71,2.0561,2.1204,2.3695,1.9844,2.0163,2.0877,7.44E+07,1.14E+08,2.10E+08,0.036022198,0.122865752,-0.018570577,2.0182,2.0909,2.3478,133.99,135.54,139.87,129.6,133.12,133.18,1520623.499,1809269.113,3327567.484,0.005623454,0.028183716,0.023060189,133.37,134.12,137.9,82.82,83.17,84.57,80.77,81.65,81.44,249457.667,254059.572,427913.448,0.002192982,0.014587892,0.005990894,82.08,82.26,83.46,3136.71,3167.22,3265.66,3076,3118.75,3135.02,134405.2258,181576.0686,382446.6618,0.005625002,0.025531847,0.022279139,3127.11,3144.7,3224.99,3296.84
2026-01-06T12:24:19,91810,94789.08,94444.44,90628,91514.81,91262.94,10426.5297,20673.59584,18546.41829,0.025455991,-0.0011905,-0.025427857,91529.73,93859.71,93747.97,2.1204,2.3695,2.4172,2.0163,2.0877,2.2046,1.14E+08,2.10E+08,2.70E+08,0.122865752,-0.018570577,-0.06010763,2.0909,2.3478,2.3042,135.54,139.87,143.48,133.12,133.18,136.19,1809269.113,3327567.484,3771795.117,0.028183716,0.023060189,-0.03324355,134.12,137.9,141.08,83.17,84.57,84.89,81.65,81.44,81.16,254059.572,427913.448,356122.443,0.014587892,0.005990894,-0.026798475,82.26,83.46,83.96,3167.22,3265.66,3308.86,3118.75,3135.02,3183.27,181576.0686,382446.6618,412503.5066,0.025531847,0.022279139,-0.038861455,3144.7,3224.99,3296.84,3168.72
2026-01-07T12:24:19,94789.08,94444.44,93747.97,91514.81,91262.94,90675.52,20673.59584,18546.41829,14276.49025,-0.0011905,-0.025427857,-0.002891396,93859.71,93747.97,91364.16,2.3695,2.4172,2.3205,2.0877,2.2046,2.1517,2.10E+08,2.70E+08,1.16E+08,-0.018570577,-0.06010763,-0.01962414,2.3478,2.3042,2.1657,139.87,143.48,141.4,133.18,136.19,134.41,3327567.484,3771795.117,2321642.178,0.023060189,-0.03324355,0.014517193,137.9,141.08,136.39,84.57,84.89,83.97,81.44,81.16,81,427913.448,356122.443,276546.003,0.005990894,-0.026798475,-0.004895362,83.46,83.96,81.71,3265.66,3308.86,3296.84,3135.02,3183.27,3125.42,382446.6618,412503.5066,321350.1225,0.022279139,-0.038861455,-0.019588351,3224.99,3296.84,3168.72,3106.65
2026-01-08T12:24:19,94444.44,93747.97,91687.99,91262.94,90675.52,89311,18546.41829,14276.49025,16132.79117,-0.025427857,-0.002891396,-0.005035237,93747.97,91364.16,91099.99,2.4172,2.3205,2.1925,2.2046,2.1517,2.0649,2.70E+08,1.16E+08,1.57E+08,-0.06010763,-0.01962414,-0.012905049,2.3042,2.1657,2.1232,143.48,141.4,140.07,136.19,134.41,132.67,3771795.117,2321642.178,3113437.835,-0.03324355,0.014517193,-0.0173448,141.08,136.39,138.37,84.89,83.97,82.3,81.16,81,80,356122.443,276546.003,252290.561,-0.026798475,-0.004895362,0.00221375,83.96,81.71,81.31,3308.86,3296.84,3184.39,3183.27,3125.42,3054.65,412503.5066,321350.1225,343616.1005,-0.038861455,-0.019588351,-0.005874495,3296.84,3168.72,3106.65,3088.4
2026-01-09T12:24:19,93747.97,91687.99,92082.55,90675.52,89311,89694.66,14276.49025,16132.79117,15590.27939,-0.002891396,-0.005035237,-0.001506819,91364.16,91099.99,90641.28,2.3205,2.1925,2.1622,2.1517,2.0649,2.0727,1.16E+08,1.57E+08,1.18E+08,-0.01962414,-0.012905049,-0.002433438,2.1657,2.1232,2.0958,141.4,140.07,141.17,134.41,132.67,134.98,2321642.178,3113437.835,3778547.996,0.014517193,-0.0173448,-9.56E-04,136.39,138.37,135.97,83.97,82.3,82.12,81,80,79.91,276546.003,252290.561,251572.162,-0.004895362,0.00221375,-0.003681433,81.71,81.31,81.49,3296.84,3184.39,3148.41,3125.42,3054.65,3058.69,321350.1225,343616.1005,274587.4533,-0.019588351,-0.005874495,-5.44E-04,3168.72,3106.65,3088.4,3086.72
2026-01-10T12:24:19,91687.99,92082.55,90832,89311,89694.66,90404,16132.79117,15590.27939,3104.11722,-0.005035237,-0.001506819,0.005623465,91099.99,90641.28,90504.7,2.1925,2.1622,2.1106,2.0649,2.0727,2.0806,1.57E+08,1.18E+08,3.16E+07,-0.012905049,-0.002433438,-0.007748601,2.1232,2.0958,2.0907,140.07,141.17,137.05,132.67,134.98,135.37,3113437.835,3778547.996,1000837.004,-0.0173448,-9.56E-04,0.028415783,138.37,135.97,135.84,82.3,82.12,82.42,80,79.91,80.8,252290.561,251572.162,149346.699,0.00221375,-0.003681433,-0.029560291,81.31,81.49,81.19,3184.39,3148.41,3104.12,3054.65,3058.69,3077.99,343616.1005,274587.4533,82341.0546,-0.005874495,-5.44E-04,0.011899362,3106.65,3088.4,3086.72,3123.45
2026-01-11T12:24:19,92082.55,90832,91283.89,89694.66,90404,90236,15590.27939,3104.11722,5477.13594,-0.001506819,0.005623465,0.003104479,90641.28,90504.7,91013.65,2.1622,2.1106,2.11,2.0727,2.0806,2.045,1.18E+08,3.16E+07,5.05E+07,-0.002433438,-0.007748601,-0.009881899,2.0958,2.0907,2.0745,141.17,137.05,141.6,134.98,135.37,135.75,3778547.996,1000837.004,2209913.206,-9.56E-04,0.028415783,-0.003435934,135.97,135.84,139.7,82.12,82.42,81.78,79.91,80.8,78.53,251572.162,149346.699,323460.486,-0.003681433,-0.029560291,-0.033887549,81.49,81.19,78.79,3148.41,3104.12,3147.27,3058.69,3077.99,3084.46,274587.4533,82341.0546,149381.2965,-5.44E-04,0.011899362,-0.008868399,3088.4,3086.72,3123.45,3095.75
2026-01-12T12:24:19,90832,91283.89,92519.95,90404,90236,90128.44,3104.11722,5477.13594,16188.08268,0.005623465,0.003104479,0.045103739,90504.7,91013.65,91296.2,2.1106,2.11,2.1086,2.0806,2.045,2.035,3.16E+07,5.05E+07,1.10E+08,-0.007748601,-0.009881899,0.054284323,2.0907,2.0745,2.054,137.05,141.6,144.4,135.37,135.75,138.34,1000837.004,2209913.206,4160120.091,0.028415783,-0.003435934,0.04518029,135.84,139.7,139.22,82.42,81.78,80.75,80.8,78.53,75.6,149346.699,323460.486,766104.643,-0.029560291,-0.033887549,0.027062533,81.19,78.79,76.12,3104.12,3147.27,3171.49,3077.99,3084.46,3065.55,82341.0546,149381.2965,297373.4681,0.011899362,-0.008868399,0.074318017,3086.72,3123.45,3095.75,3325.82
2026-01-13T12:24:19,91283.89,92519.95,96495,90236,90128.44,91042.66,5477.13594,16188.08268,23021.51482,0.003104479,0.045103739,0.016116922,91013.65,91296.2,95414,2.11,2.1086,2.185,2.045,2.035,2.0474,5.05E+07,1.10E+08,1.13E+08,-0.009881899,0.054284323,-0.012052644,2.0745,2.054,2.1655,141.6,144.4,148.74,135.75,138.34,137.82,2209913.206,4160120.091,4195082.468,-0.003435934,0.04518029,0.008109408,139.7,139.22,145.51,81.78,80.75,78.95,78.53,75.6,75.26,323460.486,766104.643,1092209.996,-0.033887549,0.027062533,-0.019314403,78.79,76.12,78.18,3147.27,3171.49,3367.79,3084.46,3065.55,3091.96,149381.2965,297373.4681,457782.2816,-0.008868399,0.074318017,0.008749722,3123.45,3095.75,3325.82,3354.92
2026-01-14T12:24:19,92519.95,96495,97924.49,90128.44,91042.66,94559.28,16188.08268,23021.51482,22851.89428,0.045103739,0.016116922,-0.013893298,91296.2,95414,96951.78,2.1086,2.185,2.1924,2.035,2.0474,2.1116,1.10E+08,1.13E+08,1.35E+08,0.054284323,-0.012052644,-0.028278957,2.054,2.1655,2.1394,144.4,148.74,148.44,138.34,137.82,143.37,4160120.091,4195082.468,3695077.378,0.04518029,0.008109408,-0.029245347,139.22,145.51,146.69,80.75,78.95,80.97,75.6,75.26,75.8,766104.643,1092209.996,1728520.677,0.027062533,-0.019314403,-0.058171384,76.12,78.18,76.67,3171.49,3367.79,3402.89,3065.55,3091.96,3280.48,297373.4681,457782.2816,503440.0759,0.074318017,0.008749722,-0.010799065,3095.75,3325.82,3354.92,3318.69
2026-01-15T12:24:19,96495,97924.49,97193.34,91042.66,94559.28,95134.48,23021.51482,22851.89428,21725.81369,0.016116922,-0.013893298,-5.63E-04,95414,96951.78,95604.8,2.185,2.1924,2.1434,2.0474,2.1116,2.0532,1.13E+08,1.35E+08,8.96E+07,-0.012052644,-0.028278957,-0.005339362,2.1655,2.1394,2.0789,148.74,148.44,146.73,137.82,143.37,140.9,4195082.468,3695077.378,2462143.139,0.008109408,-0.029245347,0.017485955,145.51,146.69,142.4,78.95,80.97,76.92,75.26,75.8,69.46,1092209.996,1728520.677,1503254.414,-0.019314403,-0.058171384,0.041683977,78.18,76.67,72.21,3367.79,3402.89,3384.19,3091.96,3280.48,3273.72,457782.2816,503440.0759,389993.836,0.008749722,-0.010799065,-0.006752664,3325.82,3354.92,3318.69,3296.28
2026-01-16T12:24:19,97924.49,97193.34,95871.47,94559.28,95134.48,94293.46,22851.89428,21725.81369,11167.7146,-0.013893298,-5.63E-04,-0.004219425,96951.78,95604.8,95550.94,2.1924,2.1434,2.0866,2.1116,2.0532,2.0263,1.35E+08,8.96E+07,6.09E+07,-0.028278957,-0.005339362,-0.002272947,2.1394,2.0789,2.0678,148.44,146.73,145.55,143.37,140.9,140.26,3695077.378,2462143.139,1900879.026,-0.029245347,0.017485955,-0.008075091,146.69,142.4,144.89,80.97,76.92,76.07,75.8,69.46,70.92,1728520.677,1503254.414,846767.044,-0.058171384,0.041683977,-0.003988301,76.67,72.21,75.22,3402.89,3384.19,3326.79,3280.48,3273.72,3253.01,503440.0759,389993.836,223921.7876,-0.010799065,-0.006752664,0.004332156,3354.92,3318.69,3296.28,3310.56
2026-01-17T12:24:19,97193.34,95871.47,95639.45,95134.48,94293.46,95021.67,21725.81369,11167.7146,4280.80137,-5.63E-04,-0.004219425,-0.015498314,95604.8,95550.94,95147.77,2.1434,2.0866,2.0834,2.0532,2.0263,2.0536,8.96E+07,6.09E+07,3.11E+07,-0.005339362,-0.002272947,-0.034753526,2.0789,2.0678,2.0631,146.73,145.55,144.99,140.9,140.26,143.32,2462143.139,1900879.026,835154.761,0.017485955,-0.008075091,-0.040704147,142.4,144.89,143.72,76.92,76.07,75.99,69.46,70.92,73.84,1503254.414,846767.044,327149.181,0.041683977,-0.003988301,-0.035104111,72.21,75.22,74.92,3384.19,3326.79,3330.26,3273.72,3253.01,3283.96,389993.836,223921.7876,124325.0303,-0.006752664,0.004332156,-0.00801375,3318.69,3296.28,3310.56,3284.03
2026-01-18T12:24:19,95871.47,95639.45,95531.12,94293.46,95021.67,93615.4,11167.7146,4280.80137,6895.17819,-0.004219425,-0.015498314,-0.011125281,95550.94,95147.77,93673.14,2.0866,2.0834,2.0679,2.0263,2.0536,1.9861,6.09E+07,3.11E+07,4.65E+07,-0.002272947,-0.034753526,-0.00271166,2.0678,2.0631,1.9914,145.55,144.99,144,140.26,143.32,137.74,1900879.026,835154.761,1877438.698,-0.008075091,-0.040704147,-0.032131718,144.89,143.72,137.87,76.07,75.99,75.9,70.92,73.84,72.1,846767.044,327149.181,377184.548,-0.003988301,-0.035104111,-0.020611426,75.22,74.92,72.29,3326.79,3330.26,3368.82,3253.01,3283.96,3278.86,223921.7876,124325.0303,173354.3026,0.004332156,-0.00801375,-0.02876953,3296.28,3310.56,3284.03,3189.55
2026-01-19T12:24:19,95639.45,95531.12,93673.14,95021.67,93615.4,91910.2,4280.80137,6895.17819,14295.52747,-0.015498314,-0.011125281,-0.04537725,95147.77,93673.14,92631,2.0834,2.0679,2.0299,2.0536,1.9861,1.847,3.11E+07,4.65E+07,1.59E+08,-0.034753526,-0.00271166,-0.048338369,2.0631,1.9914,1.986,144.99,144,137.87,143.32,137.74,130,835154.761,1877438.698,2972524.77,-0.040704147,-0.032131718,-0.057254197,143.72,137.87,133.44,75.99,75.9,72.28,73.84,72.1,65.58,327149.181,377184.548,993480.913,-0.035104111,-0.020611426,-0.051977401,74.92,72.29,70.8,3330.26,3368.82,3284.58,3283.96,3278.86,3165.38,124325.0303,173354.3026,442540.5596,-0.00801375,-0.02876953,-0.0782775,3310.56,3284.03,3189.55,2939.88
2026-01-20T12:24:19,95531.12,93673.14,92870,93615.4,91910.2,87895.98,6895.17819,14295.52747,22007.3261,-0.011125281,-0.04537725,0.011614805,93673.14,92631,88427.66,2.0679,2.0299,1.9909,1.9861,1.847,1.87,4.65E+07,1.59E+08,1.27E+08,-0.00271166,-0.048338369,0.03047619,1.9914,1.986,1.89,144,137.87,134.63,137.74,130,124.68,1877438.698,2972524.77,3532423.88,-0.032131718,-0.057254197,0.02972973,137.87,133.44,125.8,75.9,72.28,71.05,72.1,65.58,65.9,377184.548,993480.913,699879.344,-0.020611426,-0.051977401,0.020262217,72.29,70.8,67.12,3368.82,3284.58,3200.5,3278.86,3165.38,2920,173354.3026,442540.5596,518166.4787,-0.02876953,-0.0782775,0.014418956,3284.03,3189.55,2939.88,2982.27
2026-01-21T12:24:19,93673.14,92870,90574,91910.2,87895.98,87263.53,14295.52747,22007.3261,20617.50372,-0.04537725,0.011614805,0.001173107,92631,88427.66,89454.73,2.0299,1.9909,1.9907,1.847,1.87,1.8712,1.59E+08,1.27E+08,1.48E+08,-0.048338369,0.03047619,-0.012322859,1.986,1.89,1.9476,137.87,134.63,132.17,130,124.68,125.26,2972524.77,3532423.88,3161736.36,-0.057254197,0.02972973,-0.008259997,133.44,125.8,129.54,72.28,71.05,69.71,65.58,65.9,66.03,993480.913,699879.344,677970.362,-0.051977401,0.020262217,-0.004234813,70.8,67.12,68.48,3284.58,3200.5,3069.07,3165.38,2920,2866.11,442540.5596,518166.4787,577800.2481,-0.0782775,0.014418956,-0.009918619,3189.55,2939.88,2982.27,2952.69
2026-01-22T12:24:19,92870,90574,90359.99,87895.98,87263.53,88515.37,22007.3261,20617.50372,10825.50492,0.011614805,0.001173107,4.53E-04,88427.66,89454.73,89559.67,1.9909,1.9907,1.9679,1.87,1.8712,1.9016,1.27E+08,1.48E+08,6.16E+07,0.03047619,-0.012322859,-0.002079434,1.89,1.9476,1.9236,134.63,132.17,130.94,124.68,125.26,126.73,3532423.88,3161736.36,1811586.462,0.02972973,-0.008259997,-0.008095275,125.8,129.54,128.47,71.05,69.71,69.65,65.9,66.03,67.06,699879.344,677970.362,400973.972,0.020262217,-0.004234813,-0.001759789,67.12,68.48,68.19,3200.5,3069.07,3038.33,2920,2866.11,2906.02,518166.4787,577800.2481,291660.7349,0.014418956,-0.009918619,0.001259868,2939.88,2982.27,2952.69,2956.41
2026-01-23T12:24:19,90574,90359.99,91224.99,87263.53,88515.37,88578.36,20617.50372,10825.50492,13918.48919,0.001173107,4.53E-04,-0.004184363,89454.73,89559.67,89600.26,1.9907,1.9679,1.9656,1.8712,1.9016,1.8873,1.48E+08,6.16E+07,7.61E+07,-0.012322859,-0.002079434,-0.002760992,1.9476,1.9236,1.9196,132.17,130.94,130.2,125.26,126.73,125.28,3161736.36,1811586.462,2044063.077,-0.008259997,-0.008095275,-0.001726438,129.54,128.47,127.43,69.71,69.65,69.6,66.03,67.06,66.98,677970.362,400973.972,391555.321,-0.004234813,-0.001759789,0.001762891,68.48,68.19,68.07,3069.07,3038.33,3019.26,2866.11,2906.02,2892.4,577800.2481,291660.7349,318415.3317,-0.009918619,0.001259868,-0.001079011,2982.27,2952.69,2956.41,2953.22
2026-01-24T12:24:19,90359.99,91224.99,89957.39,88515.37,88578.36,89162.08,10825.50492,13918.48919,4226.56737,4.53E-04,-0.004184363,-0.028635139,89559.67,89600.26,89225.34,1.9679,1.9656,1.9276,1.9016,1.8873,1.91,6.16E+07,7.61E+07,2.72E+07,-0.002079434,-0.002760992,-0.041111633,1.9236,1.9196,1.9143,130.94,130.2,128.12,126.73,125.28,126.64,1811586.462,2044063.077,807419.995,-0.008095275,-0.001726438,-0.065718104,128.47,127.43,127.21,69.65,69.6,68.98,67.06,66.98,67.75,400973.972,391555.321,180394.712,-0.001759789,0.001762891,-0.013051767,68.19,68.07,68.19,3038.33,3019.26,2970.41,2906.02,2892.4,2943.84,291660.7349,318415.3317,92082.9039,0.001259868,-0.001079011,-0.046163171,2952.69,2956.41,2953.22,2816.89
2026-01-25T12:24:19,91224.99,89957.39,89319.13,88578.36,89162.08,86074.72,13918.48919,4226.56737,14426.22019,-0.004184363,-0.028635139,0.019345945,89600.26,89225.34,86670.36,1.9656,1.9276,1.9168,1.8873,1.91,1.8111,7.61E+07,2.72E+07,9.15E+07,-0.002760992,-0.041111633,0.037317498,1.9196,1.9143,1.8356,130.2,128.12,127.46,125.28,126.64,117.15,2044063.077,807419.995,4540879.449,-0.001726438,-0.065718104,0.045351283,127.43,127.21,118.85,69.6,68.98,70.36,66.98,67.75,65.23,391555.321,180394.712,627760.546,0.001762891,-0.013051767,0.035958395,68.07,68.19,67.3,3019.26,2970.41,2960.29,2892.4,2943.84,2787,318415.3317,92082.9039,380186.5326,-0.001079011,-0.046163171,0.040278463,2956.41,2953.22,2816.89,2930.35
2026-01-26T12:24:19,89957.39,89319.13,88860,89162.08,86074.72,86509.63,4226.56737,14426.22019,17766.51453,-0.028635139,0.019345945,0.010220145,89225.34,86670.36,88347.08,1.9276,1.9168,1.946,1.91,1.8111,1.8331,2.72E+07,9.15E+07,1.04E+08,-0.041111633,0.037317498,0.006144635,1.9143,1.8356,1.9041,128.12,127.46,125.6,126.64,117.15,118.53,807419.995,4540879.449,2355751.363,-0.065718104,0.045351283,0.023744366,127.21,118.85,124.24,68.98,70.36,70.11,67.75,65.23,66.97,180394.712,627760.546,427828.099,-0.013051767,0.035958395,0.004446357,68.19,67.3,69.72,2970.41,2960.29,2951.21,2943.84,2787,2812.37,92082.9039,380186.5326,485169.3372,-0.046163171,0.040278463,0.032903919,2953.22,2816.89,2930.35,3026.77
2026-01-27T12:24:19,89319.13,88860,89523.16,86074.72,86509.63,87304.33,14426.22019,17766.51453,13125.40425,0.019345945,0.010220145,5.60E-04,86670.36,88347.08,89250,1.9168,1.946,1.9295,1.8111,1.8331,1.8741,9.15E+07,1.04E+08,6.46E+07,0.037317498,0.006144635,-0.002453283,1.8356,1.9041,1.9158,127.46,125.6,127.84,117.15,118.53,123.12,4540879.449,2355751.363,2036509.042,0.045351283,0.023744366,-0.014466546,118.85,124.24,127.19,70.36,70.11,70.49,65.23,66.97,68.64,627760.546,427828.099,325716.599,0.035958395,0.004446357,-0.008710553,67.3,69.72,70.03,2960.29,2951.21,3035.08,2787,2812.37,2899.77,380186.5326,485169.3372,478792.3988,0.040278463,0.032903919,-0.005282859,2816.89,2930.35,3026.77,3010.78
2026-01-28T12:24:19,88860,89523.16,90600,86509.63,87304.33,88833.65,17766.51453,13125.40425,14332.18502,0.010220145,5.60E-04,-0.052069771,88347.08,89250,89299.99,1.946,1.9295,1.9427,1.8331,1.8741,1.8944,1.04E+08,6.46E+07,6.74E+07,0.006144635,-0.002453283,-0.054157292,1.9041,1.9158,1.9111,125.6,127.84,128.34,118.53,123.12,124.78,2355751.363,2036509.042,1997863.528,0.023744366,-0.014466546,-0.060071799,124.24,127.19,125.35,70.11,70.49,70.31,66.97,68.64,68.42,427828.099,325716.599,301017.18,0.004446357,-0.008710553,-0.045808124,69.72,70.03,69.42,2951.21,3035.08,3045.78,2812.37,2899.77,2983.67,485169.3372,478792.3988,296607.6549,0.032903919,-0.005282859,-0.062505397,2930.35,3026.77,3010.78,2822.59
2026-01-29T12:24:19,89523.16,90600,89348,87304.33,88833.65,83383.33,13125.40425,14332.18502,30431.38201,5.60E-04,-0.052069771,-0.004603299,89250,89299.99,84650.16,1.9295,1.9427,1.9134,1.8741,1.8944,1.778,6.46E+07,6.74E+07,1.49E+08,-0.002453283,-0.054157292,-0.040053109,1.9158,1.9111,1.8076,127.84,128.34,125.51,123.12,124.78,115.39,2036509.042,1997863.528,3730613.473,-0.014466546,-0.060071799,-0.00195213,127.19,125.35,117.82,70.49,70.31,69.55,68.64,68.42,64.43,325716.599,301017.18,474641.116,-0.008710553,-0.045808124,-0.011624396,70.03,69.42,66.24,3035.08,3045.78,3013.5,2899.77,2983.67,2754.53,478792.3988,296607.6549,561288.5979,-0.005282859,-0.062505397,-0.040817122,3026.77,3010.78,2822.59,2707.38
2026-01-30T12:24:19,90600,89348,84735.75,88833.65,83383.33,81118,14332.18502,30431.38201,35195.84793,-0.052069771,-0.004603299,-0.06550401,89299.99,84650.16,84260.49,1.9427,1.9134,1.8131,1.8944,1.778,1.7107,6.74E+07,1.49E+08,2.30E+08,-0.054157292,-0.040053109,-0.050714615,1.9111,1.8076,1.7352,128.34,125.51,119.12,124.78,115.39,112.14,1997863.528,3730613.473,4761006.742,-0.060071799,-0.00195213,-0.102134535,125.35,117.82,117.59,70.31,69.55,66.47,68.42,64.43,62.71,301017.18,474641.116,686027.282,-0.045808124,-0.011624396,-0.090728578,69.42,66.24,65.47,3045.78,3013.5,2828.65,2983.67,2754.53,2636.01,296607.6549,561288.5979,793279.6252,-0.062505397,-0.040817122,-0.094345825,3010.78,2822.59,2707.38,2451.95
2026-01-31T12:24:19,89348,84735.75,84270.02,83383.33,81118,75719.9,30431.38201,35195.84793,39491.89133,-0.004603299,-0.06550401,-0.022515309,84650.16,84260.49,78741.09,1.9134,1.8131,1.7547,1.778,1.7107,1.5028,1.49E+08,2.30E+08,3.32E+08,-0.040053109,-0.050714615,-0.034239922,1.8076,1.7352,1.6472,125.51,119.12,118.85,115.39,112.14,96.4,3730613.473,4761006.742,8567398.326,-0.00195213,-0.102134535,-0.045368441,117.82,117.59,105.58,69.55,66.47,65.5,64.43,62.71,55,474641.116,686027.282,1322363.304,-0.011624396,-0.090728578,-0.017470183,66.24,65.47,59.53,3013.5,2828.65,2714.64,2754.53,2636.01,2250,561288.5979,793279.6252,1113097.713,-0.040817122,-0.094345825,-0.074145068,2822.59,2707.38,2451.95,2270.15
2026-02-01T12:24:19,84735.75,84270.02,79424,81118,75719.9,75700,35195.84793,39491.89133,25395.48168,-0.06550401,-0.022515309,0.023001704,84260.49,78741.09,76968.21,1.8131,1.7547,1.6805,1.7107,1.5028,1.5526,2.30E+08,3.32E+08,1.82E+08,-0.050714615,-0.034239922,0.018229821,1.7352,1.6472,1.5908,119.12,118.85,106.69,112.14,96.4,98.02,4761006.742,8567398.326,4204256.051,-0.102134535,-0.045368441,0.037305288,117.59,105.58,100.79,66.47,65.5,59.92,62.71,55,57.16,686027.282,1322363.304,614483.462,-0.090728578,-0.017470183,0.026158318,65.47,59.53,58.49,2828.65,2714.64,2475.98,2636.01,2250,2222,793279.6252,1113097.713,1026573.947,-0.094345825,-0.074145068,0.033861199,2707.38,2451.95,2270.15,2347.02
2026-02-02T12:24:19,84270.02,79424,79360,75719.9,75700,74604,39491.89133,25395.48168,42273.59016,-0.022515309,0.023001704,-0.037699421,78741.09,76968.21,78738.61,1.7547,1.6805,1.6571,1.5028,1.5526,1.5307,3.32E+08,1.82E+08,2.18E+08,-0.034239922,0.018229821,-0.025126559,1.6472,1.5908,1.6198,118.85,106.69,106.12,96.4,98.02,95.95,8567398.326,4204256.051,5574032.681,-0.045368441,0.037305288,-0.063701578,105.58,100.79,104.55,65.5,59.92,61.17,55,57.16,56.51,1322363.304,614483.462,649668.505,-0.017470183,0.026158318,-0.008997001,59.53,58.49,60.02,2714.64,2475.98,2396.62,2250,2222,2157.14,1113097.713,1026573.947,1248535.211,-0.074145068,0.033861199,-0.048273981,2451.95,2270.15,2347.02,2233.72
2026-02-03T12:24:19,79424,79360,79186.81,75700,74604,72945.5,25395.48168,42273.59016,39120.10889,0.023001704,-0.037699421,-0.034372084,76968.21,78738.61,75770.21,1.6805,1.6571,1.6339,1.5526,1.5307,1.5274,1.82E+08,2.18E+08,1.91E+08,0.018229821,-0.025126559,-0.042492559,1.5908,1.6198,1.5791,106.69,106.12,105.1,98.02,95.95,96.64,4204256.051,5574032.681,4514018.115,0.037305288,-0.063701578,-0.058943712,100.79,104.55,97.89,59.92,61.17,61.38,57.16,56.51,56.87,614483.462,649668.505,607480.409,0.026158318,-0.008997001,-0.009919301,58.49,60.02,59.48,2475.98,2396.62,2359.88,2222,2157.14,2110,1026573.947,1248535.211,1321099.387,0.033861199,-0.048273981,-0.038259048,2270.15,2347.02,2233.72,2148.26
2026-02-04T12:24:19,79360,79186.81,76971.52,74604,72945.5,71888,42273.59016,39120.10889,38375.36,-0.037699421,-0.034372084,-0.140174314,78738.61,75770.21,73165.83,1.6571,1.6339,1.6122,1.5307,1.5274,1.4948,2.18E+08,1.91E+08,1.94E+08,-0.025126559,-0.042492559,-0.196693122,1.6198,1.5791,1.512,106.12,105.1,99.67,95.95,96.64,89.3,5574032.681,4514018.115,6251459.371,-0.063701578,-0.058943712,-0.149478941,104.55,97.89,92.12,61.17,61.38,60.99,56.51,56.87,57.07,649668.505,607480.409,610711.727,-0.008997001,-0.009919301,-0.137544575,60.02,59.48,58.89,2396.62,2359.88,2295.74,2157.14,2110,2076.68,1248535.211,1321099.387,1264743.43,-0.048273981,-0.038259048,-0.149623416,2347.02,2233.72,2148.26,1826.83
2026-02-05T12:24:19,79186.81,76971.52,73341.18,72945.5,71888,62345,39120.10889,38375.36,106298.829,-0.034372084,-0.140174314,0.121926833,75770.21,73165.83,62909.86,1.6339,1.6122,1.5154,1.5274,1.4948,1.1371,1.91E+08,1.94E+08,7.44E+08,-0.042492559,-0.196693122,0.210110324,1.5791,1.512,1.2146,105.1,99.67,93.43,96.64,89.3,77.6,4514018.115,6251459.371,1.02E+07,-0.058943712,-0.149478941,0.116273133,97.89,92.12,78.35,61.38,60.99,59.49,56.87,57.07,50.18,607480.409,610711.727,1590945.035,-0.009919301,-0.137544575,0.083284111,59.48,58.89,50.79,2359.88,2295.74,2173.77,2110,2076.68,1818.18,1321099.387,1264743.43,1952286.695,-0.038259048,-0.149623416,0.129486597,2233.72,2148.26,1826.83,2063.38
2026-02-06T12:24:19,76971.52,73341.18,71751.33,71888,62345,60000,38375.36,106298.829,92539.21531,-0.140174314,0.121926833,-0.018289533,73165.83,62909.86,70580.26,1.6122,1.5154,1.5442,1.4948,1.1371,1.1172,1.94E+08,7.44E+08,7.08E+08,-0.196693122,0.210110324,-0.03177303,1.512,1.2146,1.4698,99.67,93.43,89.84,89.3,77.6,67.5,6251459.371,1.02E+07,1.18E+07,-0.149478941,0.116273133,0.001486394,92.12,78.35,87.46,60.99,59.49,56.47,57.07,50.18,45.07,610711.727,1590945.035,1678612.362,-0.137544575,0.083284111,0.003089786,58.89,50.79,55.02,2295.74,2173.77,2093.94,2076.68,1818.18,1747.8,1264743.43,1952286.695,2102311.557,-0.149623416,0.129486597,0.011486008,2148.26,1826.83,2063.38,2087.08
2026-02-07T12:24:19,73341.18,71751.33,71690.07,62345,60000,67300,106298.829,92539.21531,44255.48036,0.121926833,-0.018289533,0.015023947,62909.86,70580.26,69289.38,1.5154,1.5442,1.4879,1.1371,1.1172,1.3858,7.44E+08,7.08E+08,2.74E+08,0.210110324,-0.03177303,0.005410723,1.2146,1.4698,1.4231,93.43,89.84,89.2,77.6,67.5,84.16,1.02E+07,1.18E+07,4486649.48,0.116273133,0.001486394,-0.006850097,78.35,87.46,87.59,59.49,56.47,56,50.18,45.07,52.86,1590945.035,1678612.362,807072.496,0.083284111,0.003089786,-0.011958688,50.79,55.02,55.19,2173.77,2093.94,2121.7,1818.18,1747.8,1994.57,1952286.695,2102311.557,1142616.449,0.129486597,0.011486008,0.001274508,1826.83,2063.38,2087.08,2089.74
2026-02-08T12:24:19,71751.33,71690.07,72271.41,60000,67300,68888,92539.21531,44255.48036,21420.53168,-0.018289533,0.015023947,-0.002735376,70580.26,69289.38,70330.38,1.5442,1.4879,1.4703,1.1172,1.3858,1.4099,7.08E+08,2.74E+08,1.26E+08,-0.03177303,0.005410723,0.00433324,1.4698,1.4231,1.4308,89.84,89.2,89.08,67.5,84.16,85.77,1.18E+07,4486649.48,2534998.683,0.001486394,-0.006850097,-0.002529026,87.46,87.59,86.99,56.47,56,55.88,45.07,52.86,53.65,1678612.362,807072.496,374171.837,0.003089786,-0.011958688,-0.001467082,55.02,55.19,54.53,2093.94,2121.7,2152.03,1747.8,1994.57,2064.1,2102311.557,1142616.449,482837.2515,0.011486008,0.001274508,0.007311914,2063.38,2087.08,2089.74,2105.02
2026-02-09T12:24:19,71690.07,72271.41,71453.53,67300,68888,68308,44255.48036,21420.53168,29152.72842,0.015023947,-0.002735376,-0.018487981,69289.38,70330.38,70138,1.4879,1.4703,1.4642,1.3858,1.4099,1.3728,2.74E+08,1.26E+08,1.69E+08,0.005410723,0.00433324,-0.025817676,1.4231,1.4308,1.437,89.2,89.08,88.69,84.16,85.77,82.86,4486649.48,2534998.683,3667652.416,-0.006850097,-0.002529026,-0.043563444,87.59,86.99,86.77,56,55.88,55.13,52.86,53.65,52.36,807072.496,374171.837,393768.113,-0.011958688,-0.001467082,-0.019651056,55.19,54.53,54.45,2121.7,2152.03,2147.73,1994.57,2064.1,2008.62,1142616.449,482837.2515,625378.5569,0.001274508,0.007311914,-0.039120768,2087.08,2089.74,2105.02,2022.67
2026-02-10T12:24:19,72271.41,71453.53,70527.59,68888,68308,67800,21420.53168,29152.72842,20373.77072,-0.002735376,-0.018487981,-0.025548185,70330.38,70138,68841.29,1.4703,1.4642,1.4532,1.4099,1.3728,1.3916,1.26E+08,1.69E+08,1.13E+08,0.00433324,-0.025817676,-0.021572969,1.4308,1.437,1.3999,89.08,88.69,87.49,85.77,82.86,81.91,2534998.683,3667652.416,2975212.105,-0.002529026,-0.043563444,-0.044463188,86.99,86.77,82.99,55.88,55.13,54.68,53.65,52.36,52.84,374171.837,393768.113,289989.059,-0.001467082,-0.019651056,-0.019857625,54.53,54.45,53.38,2152.03,2147.73,2124.71,2064.1,2008.62,1989.38,482837.2515,625378.5569,574321.6908,0.007311914,-0.039120768,-0.040288332,2089.74,2105.02,2022.67,1941.18
2026-02-11T12:24:19,71453.53,70527.59,69292.88,68308,67800,65756,29152.72842,20373.77072,28718.24602,-0.018487981,-0.025548185,-0.012079898,70138,68841.29,67082.52,1.4642,1.4532,1.4205,1.3728,1.3916,1.3421,1.69E+08,1.13E+08,1.73E+08,-0.025817676,-0.021572969,-0.004526539,1.437,1.3999,1.3697,88.69,87.49,84.39,82.86,81.91,78.04,3667652.416,2975212.105,3814913.32,-0.043563444,-0.044463188,-0.011349306,86.77,82.99,79.3,55.13,54.68,53.71,52.36,52.84,51,393768.113,289989.059,428953.94,-0.019651056,-0.019857625,0.015863914,54.45,53.38,52.32,2147.73,2124.71,2032.31,2008.62,1989.38,1903.19,625378.5569,574321.6908,529655.8177,-0.039120768,-0.040288332,0.003436054,2105.02,2022.67,1941.18,1947.85
2026-02-12T12:24:19,70527.59,69292.88,68410.52,67800,65756,65118,20373.77072,28718.24602,24271.74283,-0.025548185,-0.012079898,0.038957378,68841.29,67082.52,66272.17,1.4532,1.4205,1.4082,1.3916,1.3421,1.3461,1.13E+08,1.73E+08,1.17E+08,-0.021572969,-0.004526539,0.031976531,1.3999,1.3697,1.3635,87.49,84.39,82.25,81.91,78.04,76.6,2975212.105,3814913.32,3196230.117,-0.044463188,-0.011349306,0.075637755,82.99,79.3,78.4,54.68,53.71,53.81,52.84,51,51.51,289989.059,428953.94,340264.81,-0.019857625,0.015863914,0.03537159,53.38,52.32,53.15,2124.71,2032.31,2001.42,1989.38,1903.19,1897.24,574321.6908,529655.8177,427567.1469,-0.040288332,0.003436054,0.051785302,2022.67,1941.18,1947.85,2048.72
2026-02-13T12:24:19,69292.88,68410.52,69482.97,65756,65118,65872.46,28718.24602,24271.74283,20244.54955,-0.012079898,0.038957378,0.014073119,67082.52,66272.17,68853.96,1.4205,1.4082,1.4285,1.3421,1.3461,1.3485,1.73E+08,1.17E+08,1.25E+08,-0.004526539,0.031976531,0.072702722,1.3697,1.3635,1.4071,84.39,82.25,85.63,78.04,76.6,77.53,3814913.32,3196230.117,3370390.272,-0.011349306,0.075637755,0.044230997,79.3,78.4,84.33,53.71,53.81,55.7,51,51.51,52.36,428953.94,340264.81,376571.893,0.015863914,0.03537159,0.01744503,52.32,53.15,55.03,2032.31,2001.42,2073.68,1903.19,1897.24,1924.72,529655.8177,427567.1469,425649.7698,0.003436054,0.051785302,0.018484712,1941.18,1947.85,2048.72,2086.59
2026-02-14T12:24:19,68410.52,69482.97,70560.01,65118,65872.46,68730.13,24271.74283,20244.54955,18114.78393,0.038957378,0.014073119,-0.014184018,66272.17,68853.96,69822.95,1.4082,1.4285,1.5138,1.3461,1.3485,1.4051,1.17E+08,1.25E+08,1.13E+08,0.031976531,0.072702722,-0.022591758,1.3635,1.4071,1.5094,82.25,85.63,88.9,76.6,77.53,84.21,3196230.117,3370390.272,2698607.215,0.075637755,0.044230997,-0.021576198,78.4,84.33,88.06,53.81,55.7,56.66,51.51,52.36,54.88,340264.81,376571.893,322012.369,0.03537159,0.01744503,-0.016252902,53.15,55.03,55.99,2001.42,2073.68,2107.67,1897.24,1924.72,2042.37,427567.1469,425649.7698,220677.2355,0.051785302,0.018484712,-0.057514893,1947.85,2048.72,2086.59,1966.58
2026-02-15T12:24:19,69482.97,70560.01,70983,65872.46,68730.13,68000,20244.54955,18114.78393,22290.05208,0.014073119,-0.014184018,8.70E-04,68853.96,69822.95,68832.58,1.4285,1.5138,1.6714,1.3485,1.4051,1.445,1.25E+08,1.13E+08,2.99E+08,0.072702722,-0.022591758,0.008337287,1.4071,1.5094,1.4753,85.63,88.9,91.26,77.53,84.21,84.89,3370390.272,2698607.215,3929085.4,0.044230997,-0.021576198,0.003365831,84.33,88.06,86.16,55.7,56.66,56.68,52.36,54.88,54.18,376571.893,322012.369,375205.526,0.01744503,-0.016252902,9.08E-04,55.03,55.99,55.08,2073.68,2107.67,2103.32,1924.72,2042.37,1928.88,425649.7698,220677.2355,834778.0952,0.018484712,-0.057514893,0.016144779,2048.72,2086.59,1966.58,1998.33
2026-02-16T12:24:19,70560.01,70983,70126.67,68730.13,68000,67294.11,18114.78393,22290.05208,15515.76534,-0.014184018,8.70E-04,-0.02016056,69822.95,68832.58,68892.43,1.5138,1.6714,1.5171,1.4051,1.445,1.4485,1.13E+08,2.99E+08,1.45E+08,-0.022591758,0.008337287,-0.008940575,1.5094,1.4753,1.4876,88.9,91.26,86.93,84.21,84.89,82.55,2698607.215,3929085.4,3559751.811,-0.021576198,0.003365831,-0.015847311,88.06,86.16,86.45,56.66,56.68,55.65,54.88,54.18,53.33,322012.369,375205.526,393363.556,-0.016252902,9.08E-04,-0.021222565,55.99,55.08,55.13,2107.67,2103.32,2023.51,2042.37,1928.88,1937.24,220677.2355,834778.0952,351347.9433,-0.057514893,0.016144779,-0.003337787,2086.59,1966.58,1998.33,1991.66
2026-02-17T12:24:19,70983,70126.67,69241.5,68000,67294.11,66621.06,22290.05208,15515.76534,16489.06921,8.70E-04,-0.02016056,-0.015443935,68832.58,68892.43,67503.52,1.6714,1.5171,1.495,1.445,1.4485,1.4268,2.99E+08,1.45E+08,9.88E+07,0.008337287,-0.008940575,-0.035542291,1.4753,1.4876,1.4743,91.26,86.93,87.69,84.89,82.55,82.92,3929085.4,3559751.811,2774655.865,0.003365831,-0.015847311,-0.040785143,86.16,86.45,85.08,56.68,55.65,55.85,54.18,53.33,53.17,375205.526,393363.556,357538.905,9.08E-04,-0.021222565,-0.011860638,55.08,55.13,53.96,2103.32,2023.51,2015.33,1928.88,1937.24,1941.66,834778.0952,351347.9433,406246.9427,0.016144779,-0.003337787,-0.017949851,1966.58,1998.33,1991.66,1955.91
2026-02-18T12:24:19,70126.67,69241.5,68476.22,67294.11,66621.06,65870,15515.76534,16489.06921,15492.43839,-0.02016056,-0.015443935,0.008166143,68892.43,67503.52,66461,1.5171,1.495,1.4943,1.4485,1.4268,1.4102,1.45E+08,9.88E+07,8.58E+07,-0.008940575,-0.035542291,-0.010619594,1.4876,1.4743,1.4219,86.93,87.69,86.09,82.55,82.92,80.48,3559751.811,2774655.865,3137603.97,-0.015847311,-0.040785143,0.010905526,86.45,85.08,81.61,55.65,55.85,54.93,53.33,53.17,52.95,393363.556,357538.905,260302.801,-0.021222565,-0.011860638,-0.011627907,55.13,53.96,53.32,2023.51,2015.33,2039.05,1937.24,1941.66,1923.78,351347.9433,406246.9427,393639.0086,-0.003337787,-0.017949851,-0.003491981,1998.33,1991.66,1955.91,1949.08
2026-02-19T12:24:19,69241.5,68476.22,67320,66621.06,65870,65631.83,16489.06921,15492.43839,14542.26988,-0.015443935,0.008166143,0.015167514,67503.52,66461,67003.73,1.495,1.4943,1.4381,1.4268,1.4102,1.382,9.88E+07,8.58E+07,1.08E+08,-0.035542291,-0.010619594,0.015922661,1.4743,1.4219,1.4068,87.69,86.09,82.67,82.92,80.48,79.61,2774655.865,3137603.97,2848277.49,-0.040785143,0.010905526,0.02630303,85.08,81.61,82.5,55.85,54.93,53.73,53.17,52.95,51.42,357538.905,260302.801,266659.855,-0.011860638,-0.011627907,0.047248577,53.96,53.32,52.7,2015.33,2039.05,1987.55,1941.66,1923.78,1907,406246.9427,393639.0086,300257.0733,-0.017949851,-0.003491981,0.010158639,1991.66,1955.91,1949.08,1968.88
2026-02-20T12:24:19,68476.22,67320,68318.39,65870,65631.83,66280.2,15492.43839,14542.26988,35351.87091,0.008166143,0.015167514,-6.48E-04,66461,67003.73,68020.01,1.4943,1.4381,1.4389,1.4102,1.382,1.3775,8.58E+07,1.08E+08,1.24E+08,-0.010619594,0.015922661,8.40E-04,1.4219,1.4068,1.4292,86.09,82.67,85.49,80.48,79.61,81.77,3137603.97,2848277.49,3754556.759,0.010905526,0.02630303,0.005905279,81.61,82.5,84.67,54.93,53.73,55.47,52.95,51.42,52.66,260302.801,266659.855,463361.849,-0.011627907,0.047248577,-0.005254575,53.32,52.7,55.19,2039.05,1987.55,1981.18,1923.78,1907,1922.97,393639.0086,300257.0733,386253.5557,-0.003491981,0.010158639,0.002270326,1955.91,1949.08,1968.88,1973.35
2026-02-21T12:24:19,67320,68318.39,68698.7,65631.83,66280.2,67534.69,14542.26988,35351.87091,8032.84131,0.015167514,-6.48E-04,-0.004891879,67003.73,68020.01,67975.93,1.4381,1.4389,1.4642,1.382,1.3775,1.4198,1.08E+08,1.24E+08,5.40E+07,0.015922661,8.40E-04,-0.026006711,1.4068,1.4292,1.4304,82.67,85.49,86.72,79.61,81.77,83.97,2848277.49,3754556.759,1780748.862,0.02630303,0.005905279,-0.027944112,82.5,84.67,85.17,53.73,55.47,56.01,51.42,52.66,54.82,266659.855,463361.849,242511.391,0.047248577,-0.005254575,-0.025865209,52.7,55.19,54.9,1987.55,1981.18,1995.56,1907,1922.97,1955.62,300257.0733,386253.5557,179173.8456,0.010158639,0.002270326,-0.007869866,1949.08,1968.88,1973.35,1957.82
2026-02-22T12:24:19,68318.39,68698.7,68245,66280.2,67534.69,67190,35351.87091,8032.84131,8175.13484,-6.48E-04,-0.004891879,-0.044163658,68020.01,67975.93,67643.4,1.4389,1.4642,1.4338,1.3775,1.4198,1.38,1.24E+08,5.40E+07,6.12E+07,8.40E-04,-0.026006711,-0.029715762,1.4292,1.4304,1.3932,85.49,86.72,85.6,81.77,83.97,82.48,3754556.759,1780748.862,1798852.596,0.005905279,-0.027944112,-0.059065104,84.67,85.17,82.79,55.47,56.01,54.92,52.66,54.82,52.94,463361.849,242511.391,231209.383,-0.005254575,-0.025865209,-0.039827973,55.19,54.9,53.48,1981.18,1995.56,1983.13,1922.97,1955.62,1935,386253.5557,179173.8456,155325.6482,0.002270326,-0.007869866,-0.051853592,1968.88,1973.35,1957.82,1856.3
2026-02-23T12:24:19,68698.7,68245,67684.86,67534.69,67190,63888.79,8032.84131,8175.13484,33075.90923,-0.004891879,-0.044163658,-0.009246935,67975.93,67643.4,64656.02,1.4642,1.4338,1.4248,1.4198,1.38,1.3301,5.40E+07,6.12E+07,1.89E+08,-0.026006711,-0.029715762,-0.002663116,1.4304,1.3932,1.3518,86.72,85.6,82.85,83.97,82.48,77.15,1780748.862,1798852.596,5163373.383,-0.027944112,-0.059065104,0.013992298,85.17,82.79,77.9,56.01,54.92,53.55,54.82,52.94,50.72,242511.391,231209.383,349970.204,-0.025865209,-0.039827973,-0.003894839,54.9,53.48,51.35,1995.56,1983.13,1958.33,1955.62,1935,1837.13,179173.8456,155325.6482,547359.4869,-0.007869866,-0.051853592,-0.002348758,1973.35,1957.82,1856.3,1851.94
2026-02-24T12:24:19,68245,67684.86,65026.75,67190,63888.79,62510.28,8175.13484,33075.90923,23102.83622,-0.044163658,-0.009246935,0.06134879,67643.4,64656.02,64058.15,1.4338,1.4248,1.3676,1.38,1.3301,1.3124,6.12E+07,1.89E+08,1.39E+08,-0.029715762,-0.002663116,0.063566236,1.3932,1.3518,1.3482,85.6,82.85,79.62,82.48,77.15,75.63,1798852.596,5163373.383,3592828.376,-0.059065104,0.013992298,0.114824661,82.79,77.9,78.99,54.92,53.55,51.9,52.94,50.72,50.18,231209.383,349970.204,376143.687,-0.039827973,-0.003894839,0.109677419,53.48,51.35,51.15,1983.13,1958.33,1869.58,1935,1837.13,1800,155325.6482,547359.4869,438064.0284,-0.051853592,-0.002348758,0.110986317,1957.82,1856.3,1851.94,2057.48
2026-02-25T12:24:19,67684.86,65026.75,69988.83,63888.79,62510.28,63913.27,33075.90923,23102.83622,30749.99259,-0.009246935,0.06134879,-0.007396301,64656.02,64058.15,67988.04,1.4248,1.3676,1.4935,1.3301,1.3124,1.3404,1.89E+08,1.39E+08,2.45E+08,-0.002663116,0.063566236,-0.02175884,1.3518,1.3482,1.4339,82.85,79.62,92.1,77.15,75.63,78.73,5163373.383,3592828.376,5632749.415,0.013992298,0.114824661,-0.024415171,77.9,78.99,88.06,53.55,51.9,59,50.72,50.18,51.03,349970.204,376143.687,683585.789,-0.003894839,0.109677419,-0.020084567,51.35,51.15,56.76,1958.33,1869.58,2148.39,1837.13,1800,1846.74,547359.4869,438064.0284,682979.4378,-0.002348758,0.110986317,-0.014483737,1856.3,1851.94,2057.48,2027.68
2026-02-26T12:24:19,65026.75,69988.83,68860,62510.28,63913.27,66500,23102.83622,30749.99259,20737.77792,0.06134879,-0.007396301,-0.023902729,64058.15,67988.04,67485.18,1.3676,1.4935,1.4691,1.3124,1.3404,1.3827,1.39E+08,2.45E+08,1.61E+08,0.063566236,-0.02175884,-0.033150353,1.3482,1.4339,1.4027,79.62,92.1,89.27,75.63,78.73,84.34,3592828.376,5632749.415,3356890.979,0.114824661,-0.024415171,-0.047258759,78.99,88.06,85.91,51.9,59,57.09,50.18,51.03,54.42,376143.687,683585.789,339639.683,0.109677419,-0.020084567,-0.019057893,51.15,56.76,55.62,1869.58,2148.39,2083.33,1800,1846.74,1975.35,438064.0284,682979.4378,439783.3566,0.110986317,-0.014483737,-0.04825219,1851.94,2057.48,2027.68,1929.84
2026-02-27T12:24:19,69988.83,68860,68216.8,63913.27,66500,64914.46,30749.99259,20737.77792,21228.58424,-0.007396301,-0.023902729,0.016716637,67988.04,67485.18,65872.1,1.4935,1.4691,1.4262,1.3404,1.3827,1.3386,2.45E+08,1.61E+08,1.65E+08,-0.02175884,-0.033150353,0.014747087,1.4339,1.4027,1.3562,92.1,89.27,88.29,78.73,84.34,80.32,5632749.415,3356890.979,3370499.359,-0.024415171,-0.047258759,0.030543677,88.06,85.91,81.85,59,57.09,56.39,51.03,54.42,53.42,683585.789,339639.683,305470.267,-0.020084567,-0.019057893,-0.002932551,56.76,55.62,54.56,2148.39,2083.33,2063.52,1846.74,1975.35,1887,682979.4378,439783.3566,428687.234,-0.014483737,-0.04825219,0.01796522,2057.48,2027.68,1929.84,1964.51
2026-02-28T12:24:19,68860,68216.8,67760,66500,64914.46,63030,20737.77792,21228.58424,22548.71649,-0.023902729,0.016716637,-0.017869669,67485.18,65872.1,66973.26,1.4691,1.4262,1.3931,1.3827,1.3386,1.27,1.61E+08,1.65E+08,2.30E+08,-0.033150353,0.014747087,-0.017293998,1.4027,1.3562,1.3762,89.27,88.29,85.65,84.34,80.32,77.12,3356890.979,3370499.359,4737699.879,-0.047258759,0.030543677,-0.008891523,85.91,81.85,84.35,57.09,56.39,54.96,54.42,53.42,51.47,339639.683,305470.267,383397.838,-0.019057893,-0.002932551,-0.021323529,55.62,54.56,54.4,2083.33,2063.52,1984.99,1975.35,1887,1835.36,439783.3566,428687.234,461680.9835,-0.04825219,0.01796522,-0.012624013,2027.68,1929.84,1964.51,1939.71
2026-03-01T12:24:19,68216.8,67760,68199.99,64914.46,63030,65056,21228.58424,22548.71649,23201.85859,0.016716637,-0.017869669,0.046423744,65872.1,66973.26,65776.47,1.4262,1.3931,1.4333,1.3386,1.27,1.3369,1.65E+08,2.30E+08,1.78E+08,0.014747087,-0.017293998,0.027802425,1.3562,1.3762,1.3524,88.29,85.65,88.9,80.32,77.12,81.69,3370499.359,4737699.879,4435194.222,0.030543677,-0.008891523,0.036363636,81.85,84.35,83.6,56.39,54.96,55.53,53.42,51.47,52.47,305470.267,383397.838,299256.409,-0.002932551,-0.021323529,0.025732532,54.56,54.4,53.24,2063.52,1984.99,2054.8,1887,1835.36,1907.41,428687.234,461680.9835,529196.8464,0.01796522,-0.012624013,0.045182012,1929.84,1964.51,1939.71,2027.35
2026-03-02T12:24:19,67760,68199.99,70096,63030,65056,65259.21,22548.71649,23201.85859,32010.38431,-0.017869669,0.046423744,-0.007148911,66973.26,65776.47,68830.06,1.3931,1.4333,1.423,1.27,1.3369,1.3341,2.30E+08,1.78E+08,1.67E+08,-0.017293998,0.027802425,-0.021079137,1.3762,1.3524,1.39,85.65,88.9,90.29,77.12,81.69,82.37,4737699.879,4435194.222,5123433.26,-0.008891523,0.036363636,0.003808864,84.35,83.6,86.64,54.96,55.53,55.72,51.47,52.47,52.95,383397.838,299256.409,462228.194,-0.021323529,0.025732532,0.00274675,54.4,53.24,54.61,1984.99,2054.8,2090,1835.36,1907.41,1920,461680.9835,529196.8464,577406.3749,-0.012624013,0.045182012,-0.021974499,1964.51,1939.71,2027.35,1982.8
2026-03-03T12:24:19,68199.99,70096,69258.08,65056,65259.21,66158,23201.85859,32010.38431,24972.2418,0.046423744,-0.007148911,0.063343528,65776.47,68830.06,68338,1.4333,1.423,1.3953,1.3369,1.3341,1.3366,1.78E+08,1.67E+08,1.36E+08,0.027802425,-0.021079137,0.051591093,1.3524,1.39,1.3607,88.9,90.29,87.46,81.69,82.37,82.5,4435194.222,5123433.26,4136742.745,0.036363636,0.003808864,0.044613085,83.6,86.64,86.97,55.53,55.72,55.26,52.47,52.95,53.02,299256.409,462228.194,439975.97,0.025732532,0.00274675,0.036705625,53.24,54.61,54.76,2054.8,2090,2041.48,1907.41,1920,1929.56,529196.8464,577406.3749,509329.8534,0.045182012,-0.021974499,0.072866653,1939.71,2027.35,1982.8,2127.28
2026-03-04T12:24:19,70096,69258.08,74050,65259.21,66158,67400,32010.38431,24972.2418,44919.0761,-0.007148911,0.063343528,-0.02444102,68830.06,68338,72666.77,1.423,1.3953,1.4732,1.3341,1.3366,1.3452,1.67E+08,1.36E+08,2.38E+08,-0.021079137,0.051591093,-0.019009015,1.39,1.3607,1.4309,90.29,87.46,94.05,82.37,82.5,84.78,5123433.26,4136742.745,6329931.383,0.003808864,0.044613085,-0.022894882,86.64,86.97,90.85,55.72,55.26,57.66,52.95,53.02,54.3,462228.194,439975.97,528737.562,0.00274675,0.036705625,-0.023075568,54.61,54.76,56.77,2090,2041.48,2199,1920,1929.56,1945.08,577406.3749,509329.8534,737644.8152,-0.021974499,0.072866653,-0.025581964,2027.35,1982.8,2127.28,2072.86
2026-03-05T12:24:19,69258.08,74050,73558.15,66158,67400,70645.47,24972.2418,44919.0761,26590.51253,0.063343528,-0.02444102,-0.039168737,68338,72666.77,70890.72,1.3953,1.4732,1.4525,1.3366,1.3452,1.396,1.36E+08,2.38E+08,1.18E+08,0.051591093,-0.019009015,-0.028781079,1.3607,1.4309,1.4037,87.46,94.05,92.96,82.5,84.78,87.91,4136742.745,6329931.383,3753710.608,0.044613085,-0.022894882,-0.045848823,86.97,90.85,88.77,55.26,57.66,57.27,53.02,54.3,55.03,439975.97,528737.562,390267.224,0.036705625,-0.023075568,-0.029751172,54.76,56.77,55.46,2041.48,2199,2163.66,1929.56,1945.08,2054.75,509329.8534,737644.8152,432157.8126,0.072866653,-0.025581964,-0.04543481,1982.8,2127.28,2072.86,1978.68
2026-03-06T12:24:19,74050,73558.15,71419.98,67400,70645.47,67744.78,44919.0761,26590.51253,22629.88722,-0.02444102,-0.039168737,-0.012495372,72666.77,70890.72,68114.02,1.4732,1.4525,1.4148,1.3452,1.396,1.346,2.38E+08,1.18E+08,1.14E+08,-0.019009015,-0.028781079,-0.004841194,1.4309,1.4037,1.3633,94.05,92.96,89.31,84.78,87.91,83.64,6329931.383,3753710.608,3135324.642,-0.022894882,-0.045848823,-0.017473436,90.85,88.77,84.7,57.66,57.27,55.89,54.3,55.03,53.12,528737.562,390267.224,299754.686,-0.023075568,-0.029751172,-0.004274298,56.77,55.46,53.81,2199,2163.66,2093.33,1945.08,2054.75,1955.95,737644.8152,432157.8126,411597.7569,-0.025581964,-0.04543481,-0.004593972,2127.28,2072.86,1978.68,1969.59
2026-03-07T12:24:19,73558.15,71419.98,68551.04,70645.47,67744.78,66915.26,26590.51253,22629.88722,12719.54315,-0.039168737,-0.012495372,-0.019203897,70890.72,68114.02,67262.91,1.4525,1.4148,1.3749,1.396,1.346,1.3468,1.18E+08,1.14E+08,4.78E+07,-0.028781079,-0.004841194,-0.01230928,1.4037,1.3633,1.3567,92.96,89.31,85.07,87.91,83.64,82.28,3753710.608,3135324.642,1465281.721,-0.045848823,-0.017473436,-0.019586638,88.77,84.7,83.22,57.27,55.89,54.29,55.03,53.12,53.21,390267.224,299754.686,262288.031,-0.029751172,-0.004274298,-0.018477044,55.46,53.81,53.58,2163.66,2093.33,1996.04,2054.75,1955.95,1948.09,432157.8126,411597.7569,184459.82,-0.04543481,-0.004593972,-0.016495819,2072.86,1978.68,1969.59,1937.1
2026-03-08T12:24:19,71419.98,68551.04,68200,67744.78,66915.26,65618.49,22629.88722,12719.54315,21593.63901,-0.012495372,-0.019203897,0.037303551,68114.02,67262.91,65971.2,1.4148,1.3749,1.3712,1.346,1.3468,1.3218,1.14E+08,4.78E+07,7.98E+07,-0.004841194,-0.01230928,0.017238806,1.3633,1.3567,1.34,89.31,85.07,84.13,83.64,82.28,80.26,3135324.642,1465281.721,2102965.687,-0.017473436,-0.019586638,0.041304081,84.7,83.22,81.59,55.89,54.29,53.94,53.12,53.21,51.88,299754.686,262288.031,398559.551,-0.004274298,-0.018477044,0.022437726,53.81,53.58,52.59,2093.33,1996.04,1979.8,1955.95,1948.09,1916.14,411597.7569,184459.82,391189.7317,-0.004593972,-0.016495819,0.028847246,1978.68,1969.59,1937.1,1992.98
2026-03-09T12:24:19,68551.04,68200,69516.65,66915.26,65618.49,65821.97,12719.54315,21593.63901,28896.7213,-0.019203897,0.037303551,0.022160195,67262.91,65971.2,68432.16,1.3749,1.3712,1.3841,1.3468,1.3218,1.333,4.78E+07,7.98E+07,1.30E+08,-0.01230928,0.017238806,0.017020028,1.3567,1.34,1.3631,85.07,84.13,87.06,82.28,80.26,81.54,1465281.721,2102965.687,3594057.289,-0.019586638,0.041304081,0.010828625,83.22,81.59,84.96,54.29,53.94,54.75,53.21,51.88,52.5,262288.031,398559.551,327230.42,-0.018477044,0.022437726,0.001859773,53.58,52.59,53.77,1996.04,1979.8,2053.52,1948.09,1916.14,1929.65,184459.82,391189.7317,550825.4883,-0.016495819,0.028847246,0.021841664,1969.59,1937.1,1992.98,2036.51
2026-03-10T12:24:19,68200,69516.65,71777,65618.49,65821.97,68391.41,21593.63901,28896.7213,32602.57726,0.037303551,0.022160195,0.003477266,65971.2,68432.16,69948.63,1.3712,1.3841,1.4427,1.3218,1.333,1.3605,7.98E+07,1.30E+08,1.76E+08,0.017238806,0.017020028,-0.001154151,1.34,1.3631,1.3863,84.13,87.06,88.8,80.26,81.54,84.83,2102965.687,3594057.289,3643895.134,0.041304081,0.010828625,0.008150908,81.59,84.96,85.88,53.94,54.75,55,51.88,52.5,53.43,398559.551,327230.42,348345.87,0.022437726,0.001859773,0.017263783,52.59,53.77,53.87,1979.8,2053.52,2088.19,1916.14,1929.65,1991,391189.7317,550825.4883,463411.8739,0.028847246,0.021841664,0.007591419,1937.1,1992.98,2036.51,2051.97
2026-03-11T12:24:19,69516.65,71777,71321,65821.97,68391.41,68977.91,28896.7213,32602.57726,27249.27542,0.022160195,0.003477266,0.004978925,68432.16,69948.63,70191.86,1.3841,1.4427,1.4112,1.333,1.3605,1.3706,1.30E+08,1.76E+08,1.11E+08,0.017020028,-0.001154151,-7.22E-05,1.3631,1.3863,1.3847,87.06,88.8,88.09,81.54,84.83,84.36,3594057.289,3643895.134,3182175.739,0.010828625,0.008150908,0.003003003,84.96,85.88,86.58,54.75,55,55.28,52.5,53.43,53.54,327230.42,348345.87,272644.402,0.001859773,0.017263783,-0.004379562,53.77,53.87,54.8,2053.52,2088.19,2085.58,1929.65,1991,2007.17,550825.4883,463411.8739,350061.256,0.021841664,0.007591419,0.010502103,1992.98,2036.51,2051.97,2073.52
2026-03-12T12:24:19,71777,71321,70800,68391.41,68977.91,69205.91,32602.57726,27249.27542,21997.1605,0.003477266,0.004978925,0.005509677,69948.63,70191.86,70541.34,1.4427,1.4112,1.3936,1.3605,1.3706,1.365,1.76E+08,1.11E+08,8.97E+07,-0.001154151,-7.22E-05,0.010327893,1.3863,1.3847,1.3846,88.8,88.09,87.69,84.83,84.36,84.72,3643895.134,3182175.739,2913681.148,0.008150908,0.003003003,0.015430677,85.88,86.58,86.84,55,55.28,55,53.43,53.54,53.8,348345.87,272644.402,271228.185,0.017263783,-0.004379562,0.01356305,53.87,54.8,54.56,2088.19,2085.58,2095,1991,2007.17,2017.59,463411.8739,350061.256,400507.8132,0.007591419,0.010502103,0.009018481,2036.51,2051.97,2073.52,2092.22
2026-03-13T12:24:19,71321,70800,73913.74,68977.91,69205.91,70386.01,27249.27542,21997.1605,35996.61678,0.004978925,0.005509677,0.003975046,70191.86,70541.34,70930,1.4112,1.3936,1.4528,1.3706,1.365,1.3831,1.11E+08,8.97E+07,2.03E+08,-7.22E-05,0.010327893,0.005289871,1.3847,1.3846,1.3989,88.09,87.69,92.98,84.36,84.72,86.71,3182175.739,2913681.148,4940378.617,0.003003003,0.015430677,-0.001701066,86.58,86.84,88.18,55.28,55,56.71,53.54,53.8,54.47,272644.402,271228.185,337868.652,-0.004379562,0.01356305,-0.005786618,54.8,54.56,55.3,2085.58,2095,2209.03,2007.17,2017.59,2070.12,350061.256,400507.8132,599657.0399,0.010502103,0.009018481,0.001883167,2051.97,2073.52,2092.22,2096.16
2026-03-14T12:24:19,70800,73913.74,71307.92,69205.91,70386.01,70317,21997.1605,35996.61678,13017.24737,0.005509677,0.003975046,0.022514339,70541.34,70930,71211.95,1.3936,1.4528,1.4084,1.365,1.3831,1.3834,8.97E+07,2.03E+08,5.82E+07,0.010327893,0.005289871,0.030150039,1.3846,1.3989,1.4063,87.69,92.98,88.71,84.72,86.71,86.51,2913681.148,4940378.617,1498143.039,0.015430677,-0.001701066,0.048506191,86.84,88.18,88.03,55,56.71,55.84,53.8,54.47,54.37,271228.185,337868.652,225515.431,0.01356305,-0.005786618,0.023463077,54.56,55.3,54.98,2095,2209.03,2106.09,2017.59,2070.12,2061.6,400507.8132,599657.0399,152500.5822,0.009018481,0.001883167,0.03918594,2073.52,2092.22,2096.16,2178.3
2026-03-15T12:24:19,73913.74,71307.92,73199,70386.01,70317,70858.82,35996.61678,13017.24737,14037.30704,0.003975046,0.022514339,0.028420287,70930,71211.95,72815.24,1.4528,1.4084,1.4649,1.3831,1.3834,1.4021,2.03E+08,5.82E+07,9.74E+07,0.005289871,0.030150039,0.065092842,1.3989,1.4063,1.4487,92.98,88.71,93.23,86.71,86.51,87.36,4940378.617,1498143.039,2614547.105,-0.001701066,0.048506191,0.042253521,88.18,88.03,92.3,56.71,55.84,56.41,54.47,54.37,54.69,337868.652,225515.431,247015.19,-0.005786618,0.023463077,0.043184645,55.3,54.98,56.27,2209.03,2106.09,2202.87,2070.12,2061.6,2083.35,599657.0399,152500.5822,280825.9377,0.001883167,0.03918594,0.080186384,2092.22,2096.16,2178.3,2352.97
2026-03-16T12:24:19,71307.92,73199,74909.08,70317,70858.82,72270.41,13017.24737,14037.30704,28409.53019,0.022514339,0.028420287,-0.013024161,71211.95,72815.24,74884.67,1.4084,1.4649,1.5522,1.3834,1.4021,1.4357,5.82E+07,9.74E+07,2.19E+08,0.030150039,0.065092842,-0.016072586,1.4063,1.4487,1.543,88.71,93.23,97.68,86.51,87.36,91.18,1498143.039,2614547.105,5621650.621,0.048506191,0.042253521,-0.016424116,88.03,92.3,96.2,55.84,56.41,59.23,54.37,54.69,55.82,225515.431,247015.19,587196.808,0.023463077,0.043184645,-0.010391823,54.98,56.27,58.7,2106.09,2202.87,2386.02,2061.6,2083.35,2164.73,152500.5822,280825.9377,845892.7756,0.03918594,0.080186384,-0.015121315,2096.16,2178.3,2352.97,2317.39
2026-03-17T12:24:19,73199,74909.08,76000,70858.82,72270.41,73399.19,14037.30704,28409.53019,24521.26636,0.028420287,-0.013024161,-0.036028184,72815.24,74884.67,73909.36,1.4649,1.5522,1.607,1.4021,1.4357,1.4941,9.74E+07,2.19E+08,2.33E+08,0.065092842,-0.016072586,-0.035239099,1.4487,1.543,1.5182,93.23,97.68,96.95,87.36,91.18,93.15,2614547.105,5621650.621,2833557.586,0.042253521,-0.016424116,-0.047981399,92.3,96.2,94.62,56.41,59.23,59.26,54.69,55.82,57.31,247015.19,587196.808,402802.673,0.043184645,-0.010391823,-0.03460148,56.27,58.7,58.09,2202.87,2386.02,2376.66,2083.35,2164.73,2294.15,280825.9377,845892.7756,493831.1016,0.080186384,-0.015121315,-0.049193273,2178.3,2352.97,2317.39,2203.39
2026-03-18T12:24:19,74909.08,76000,74672.34,72270.41,73399.19,70500,28409.53019,24521.26636,23392.88093,-0.013024161,-0.036028184,-0.018478652,74884.67,73909.36,71246.54,1.5522,1.607,1.5414,1.4357,1.4941,1.4359,2.19E+08,2.33E+08,1.40E+08,-0.016072586,-0.035239099,-0.011743019,1.543,1.5182,1.4647,97.68,96.95,95.65,91.18,93.15,88.55,5621650.621,2833557.586,3293861.558,-0.016424116,-0.047981399,-0.01321048,96.2,94.62,90.08,59.23,59.26,58.56,55.82,57.31,55.3,587196.808,402802.673,355225.613,-0.010391823,-0.03460148,-0.009629101,58.7,58.09,56.08,2386.02,2376.66,2350,2164.73,2294.15,2153.21,845892.7756,493831.1016,488040.8887,-0.015121315,-0.049193273,-0.029763228,2352.97,2317.39,2203.39,2137.81
2026-03-19T12:24:19,76000,74672.34,71613.79,73399.19,70500,68793.35,24521.26636,23392.88093,22364.81819,-0.036028184,-0.018478652,0.008304447,73909.36,71246.54,69930,1.607,1.5414,1.4817,1.4941,1.4359,1.4219,2.33E+08,1.40E+08,1.19E+08,-0.035239099,-0.011743019,-0.001588946,1.5182,1.4647,1.4475,96.95,95.65,91.41,93.15,88.55,87,2833557.586,3293861.558,2609542.924,-0.047981399,-0.01321048,0.010687366,94.62,90.08,88.89,59.26,58.56,56.35,57.31,55.3,54.59,402802.673,355225.613,266053.615,-0.03460148,-0.009629101,0.011343176,58.09,56.08,55.54,2376.66,2350,2233.72,2294.15,2153.21,2099.38,493831.1016,488040.8887,490791.679,-0.049193273,-0.029763228,0.003933932,2317.39,2203.39,2137.81,2146.22
2026-03-20T12:24:19,74672.34,71613.79,71367,70500,68793.35,69388,23392.88093,22364.81819,18121.16745,-0.018478652,0.008304447,-0.022586775,71246.54,69930,70510.73,1.5414,1.4817,1.4665,1.4359,1.4219,1.4248,1.40E+08,1.19E+08,8.80E+07,-0.011743019,-0.001588946,-0.025325215,1.4647,1.4475,1.4452,95.65,91.41,90.45,88.55,87,88.13,3293861.558,2609542.924,2201411.538,-0.01321048,0.010687366,-0.025378451,90.08,88.89,89.84,58.56,56.35,56.47,55.3,54.59,55.17,355225.613,266053.615,221084.585,-0.009629101,0.011343176,-0.024212213,56.08,55.54,56.17,2350,2233.72,2176.84,2153.21,2099.38,2116.88,488040.8887,490791.679,300156.1778,-0.029763228,0.003933932,-0.02858514,2203.39,2137.81,2146.22,2084.87
2026-03-21T12:24:19,71613.79,71367,71100.94,68793.35,69388,68571.42,22364.81819,18121.16745,13397.1675,0.008304447,-0.022586775,-0.015367802,69930,70510.73,68918.12,1.4817,1.4665,1.453,1.4219,1.4248,1.4003,1.19E+08,8.80E+07,5.71E+07,-0.001588946,-0.025325215,-0.016896209,1.4475,1.4452,1.4086,91.41,90.45,90.81,87,88.13,87.14,2609542.924,2201411.538,1241845.225,0.010687366,-0.025378451,-0.015532206,88.89,89.84,87.56,56.35,56.47,56.59,54.59,55.17,54.42,266053.615,221084.585,194699.709,0.011343176,-0.024212213,-0.0237183,55.54,56.17,54.81,2233.72,2176.84,2168.27,2099.38,2116.88,2070.78,490791.679,300156.1778,132559.4646,0.003933932,-0.02858514,-0.01485944,2137.81,2146.22,2084.87,2053.89
2026-03-22T12:24:19,71367,71100.94,69588.79,69388,68571.42,67360.66,18121.16745,13397.1675,14843.78682,-0.022586775,-0.015367802,0.04490856,70510.73,68918.12,67859,1.4665,1.453,1.4263,1.4248,1.4003,1.3712,8.80E+07,5.71E+07,7.72E+07,-0.025325215,-0.016896209,0.034300982,1.4452,1.4086,1.3848,90.45,90.81,89.2,88.13,87.14,85.14,2201411.538,1241845.225,2138087.131,-0.025378451,-0.015532206,0.060672854,89.84,87.56,86.2,56.47,56.59,55.05,55.17,54.42,53.03,221084.585,194699.709,303410.591,-0.024212213,-0.0237183,0.041300691,56.17,54.81,53.51,2176.84,2168.27,2127.21,2116.88,2070.78,2026,300156.1778,132559.4646,313070.5572,-0.02858514,-0.01485944,0.047782501,2146.22,2084.87,2053.89,2152.03
2026-03-23T12:24:19,71100.94,69588.79,71817.09,68571.42,67360.66,67445.18,13397.1675,14843.78682,28335.09119,-0.015367802,0.04490856,-0.004931991,68918.12,67859,70906.45,1.453,1.4263,1.4661,1.4003,1.3712,1.3618,5.71E+07,7.72E+07,1.70E+08,-0.016896209,0.034300982,-0.011380297,1.4086,1.3848,1.4323,90.81,89.2,92.26,87.14,85.14,85.11,1241845.225,2138087.131,4561706.388,-0.015532206,0.060672854,-0.006890517,87.56,86.2,91.43,56.59,55.05,56.16,54.42,53.03,53.27,194699.709,303410.591,361341.093,-0.0237183,0.041300691,0.011844939,54.81,53.51,55.72,2168.27,2127.21,2198.57,2070.78,2026,2023.04,132559.4646,313070.5572,614508.4369,-0.01485944,0.047782501,0.001951646,2084.87,2053.89,2152.03,2156.23
2026-03-24T12:24:19,69588.79,71817.09,71400,67360.66,67445.18,68923.07,14843.78682,28335.09119,20702.42244,0.04490856,-0.004931991,0.011051956,67859,70906.45,70556.74,1.4263,1.4661,1.435,1.3712,1.3618,1.3835,7.72E+07,1.70E+08,1.03E+08,0.034300982,-0.011380297,-0.001059322,1.3848,1.4323,1.416,89.2,92.26,92.22,85.14,85.11,88.42,2138087.131,4561706.388,3086042.526,0.060672854,-0.006890517,0.009911894,86.2,91.43,90.8,55.05,56.16,56.5,53.03,53.27,55.05,303410.591,361341.093,251140.031,0.041300691,0.011844939,0.004788932,53.51,55.72,56.38,2127.21,2198.57,2175.16,2026,2023.04,2103.02,313070.5572,614508.4369,316703.4728,0.047782501,0.001951646,0.005931649,2053.89,2152.03,2156.23,2169.02
2026-03-25T12:24:19,71817.09,71400,72026.09,67445.18,68923.07,70408,28335.09119,20702.42244,17719.50066,-0.004931991,0.011051956,-0.035272531,70906.45,70556.74,71336.53,1.4661,1.435,1.4379,1.3618,1.3835,1.4019,1.70E+08,1.03E+08,9.70E+07,-0.011380297,-0.001059322,-0.037893248,1.4323,1.416,1.4145,92.26,92.22,93.47,85.11,88.42,90.71,4561706.388,3086042.526,2652534.798,-0.006890517,0.009911894,-0.056379498,91.43,90.8,91.7,56.16,56.5,56.8,53.27,55.05,55.79,361341.093,251140.031,308934.412,0.011844939,0.004788932,-0.036363636,55.72,56.38,56.65,2198.57,2175.16,2199.02,2023.04,2103.02,2146.35,614508.4369,316703.4728,275641.5255,0.001951646,0.005931649,-0.050064084,2152.03,2156.23,2169.02,2060.43
2026-03-26T12:24:19,71400,72026.09,71436.82,68923.07,70408,68153,20702.42244,17719.50066,20820.45768,0.011051956,-0.035272531,-0.03506276,70556.74,71336.53,68820.31,1.435,1.4379,1.4165,1.3835,1.4019,1.336,1.03E+08,9.70E+07,1.31E+08,-0.001059322,-0.037893248,-0.025865236,1.416,1.4145,1.3609,92.22,93.47,91.98,88.42,90.71,85.45,3086042.526,2652534.798,3566192.736,0.009911894,-0.056379498,-0.039523865,90.8,91.7,86.53,56.5,56.8,56.67,55.05,55.79,54.23,251140.031,308934.412,382513.198,0.004788932,-0.036363636,-0.015936985,56.38,56.65,54.59,2175.16,2199.02,2172.19,2103.02,2146.35,2034.54,316703.4728,275641.5255,338010.6238,0.005931649,-0.050064084,-0.032847512,2156.23,2169.02,2060.43,1992.75
2026-03-27T12:24:19,72026.09,71436.82,69179.05,70408,68153,65548.25,17719.50066,20820.45768,28603.69557,-0.035272531,-0.03506276,-4.56E-04,71336.53,68820.31,66407.28,1.4379,1.4165,1.3726,1.4019,1.336,1.3184,9.70E+07,1.31E+08,1.19E+08,-0.037893248,-0.025865236,0.00573282,1.4145,1.3609,1.3257,93.47,91.98,87.04,90.71,85.45,81.86,2652534.798,3566192.736,2840562.07,-0.056379498,-0.039523865,-0.012272891,91.7,86.53,83.11,56.8,56.67,55.18,55.79,54.23,53.29,308934.412,382513.198,262999.776,-0.036363636,-0.015936985,0.002419955,56.65,54.59,53.72,2199.02,2172.19,2077.19,2146.35,2034.54,1970.93,275641.5255,338010.6238,394873.5248,-0.050064084,-0.032847512,9.99E-04,2169.02,2060.43,1992.75,1994.74
2026-03-28T12:24:19,71436.82,69179.05,67288.94,68153,65548.25,65932.09,20820.45768,28603.69557,11462.39847,-0.03506276,-4.56E-04,-0.005515462,68820.31,66407.28,66377.03,1.4165,1.3726,1.3582,1.336,1.3184,1.3191,1.31E+08,1.19E+08,5.37E+07,-0.025865236,0.00573282,-0.004125103,1.3609,1.3257,1.3333,91.98,87.04,84.29,85.45,81.86,81.69,3566192.736,2840562.07,1667010.099,-0.039523865,-0.012272891,-0.007918139,86.53,83.11,82.09,56.67,55.18,54.93,54.23,53.29,53.26,382513.198,262999.776,269897.849,-0.015936985,0.002419955,-0.009842154,54.59,53.72,53.85,2172.19,2077.19,2047.45,2034.54,1970.93,1983.17,338010.6238,394873.5248,154831.8055,-0.032847512,9.99E-04,-0.005063317,2060.43,1992.75,1994.74,1984.64
2026-03-29T12:24:19,69179.05,67288.94,67130.5,65548.25,65932.09,65000,28603.69557,11462.39847,10052.85584,-4.56E-04,-0.005515462,0.011913785,66407.28,66377.03,66010.93,1.3726,1.3582,1.3433,1.3184,1.3191,1.2954,1.19E+08,5.37E+07,6.13E+07,0.00573282,-0.004125103,-0.002711252,1.3257,1.3333,1.3278,87.04,84.29,83.24,81.86,81.69,78.96,2840562.07,1667010.099,1624673.475,-0.012272891,-0.007918139,0.013506876,83.11,82.09,81.44,55.18,54.93,54.39,53.29,53.26,52.22,262999.776,269897.849,181661.454,0.002419955,-0.009842154,3.75E-04,53.72,53.85,53.32,2077.19,2047.45,2019.65,1970.93,1983.17,1938.82,394873.5248,154831.8055,166726.7382,9.99E-04,-0.005063317,0.021081909,1992.75,1994.74,1984.64,2026.48
2026-03-30T12:24:19,67288.94,67130.5,68169.65,65932.09,65000,65800.59,11462.39847,10052.85584,18353.38975,-0.005515462,0.011913785,0.022263002,66377.03,66010.93,66797.37,1.3582,1.3433,1.3669,1.3191,1.2954,1.3166,5.37E+07,6.13E+07,1.00E+08,-0.004125103,-0.002711252,0.012762423,1.3333,1.3278,1.3242,84.29,83.24,84.99,81.69,78.96,81.15,1667010.099,1624673.475,3025854.687,-0.007918139,0.013506876,0.007996123,82.09,81.44,82.54,54.93,54.39,54.41,53.26,52.22,52.96,269897.849,181661.454,414289.211,-0.009842154,3.75E-04,0.01143607,53.85,53.32,53.34,2047.45,2019.65,2085,1983.17,1938.82,1980.28,154831.8055,166726.7382,338304.4344,-0.005063317,0.021081909,0.03895918,1994.74,1984.64,2026.48,2105.43
2026-03-31T12:24:19,67130.5,68169.65,68589.49,65000,65800.59,65998.05,10052.85584,18353.38975,22105.40662,0.011913785,0.022263002,-0.002497786,66010.93,66797.37,68284.48,1.3433,1.3669,1.3503,1.2954,1.3166,1.3038,6.13E+07,1.00E+08,1.01E+08,-0.002711252,0.012762423,0.004995899,1.3278,1.3242,1.3411,83.24,84.99,84.62,78.96,81.15,80.08,1624673.475,3025854.687,4272567.426,0.013506876,0.007996123,-0.024278846,81.44,82.54,83.2,54.39,54.41,54.29,52.22,52.96,53.13,181661.454,414289.211,332765.311,3.75E-04,0.01143607,-0.002409639,53.32,53.34,53.95,2019.65,2085,2124.03,1938.82,1980.28,2012.64,166726.7382,338304.4344,421897.9023,0.021081909,0.03895918,0.016585686,1984.64,2026.48,2105.43,2140.35
