date,BTC.open_5,BTC.open_4,BTC.open_3,BTC.open_2,BTC.open_1,BTC.open,BTC.high_5,BTC.high_4,BTC.high_3,BTC.high_2,BTC.high_1,BTC.high,BTC.low_5,BTC.low_4,BTC.low_3,BTC.low_2,BTC.low_1,BTC.low,BTC.volume_5,BTC.volume_4,BTC.volume_3,BTC.volume_2,BTC.volume_1,BTC.quoteAssetVolume_5,BTC.quoteAssetVolume_4,BTC.quoteAssetVolume_3,BTC.quoteAssetVolume_2,BTC.quoteAssetVolume_1,BTC.numberOfTrades_5,BTC.numberOfTrades_4,BTC.numberOfTrades_3,BTC.numberOfTrades_2,BTC.numberOfTrades_1,BTC.takerBuyBaseAssetVolume_5,BTC.takerBuyBaseAssetVolume_4,BTC.takerBuyBaseAssetVolume_3,BTC.takerBuyBaseAssetVolume_2,BTC.takerBuyBaseAssetVolume_1,BTC.takerBuyQuoteAssetVolume_5,BTC.takerBuyQuoteAssetVolume_4,BTC.takerBuyQuoteAssetVolume_3,BTC.takerBuyQuoteAssetVolume_2,BTC.takerBuyQuoteAssetVolume_1,BTC.return_5,BTC.return_4,BTC.return_3,BTC.return_2,BTC.return_1,BTC.close_5,BTC.close_4,BTC.close_3,BTC.close_2,BTC.close_1,XRP.open_5,XRP.open_4,XRP.open_3,XRP.open_2,XRP.open_1,XRP.open,XRP.high_5,XRP.high_4,XRP.high_3,XRP.high_2,XRP.high_1,XRP.high,XRP.low_5,XRP.low_4,XRP.low_3,XRP.low_2,XRP.low_1,XRP.low,XRP.volume_5,XRP.volume_4,XRP.volume_3,XRP.volume_2,XRP.volume_1,XRP.quoteAssetVolume_5,XRP.quoteAssetVolume_4,XRP.quoteAssetVolume_3,XRP.quoteAssetVolume_2,XRP.quoteAssetVolume_1,XRP.numberOfTrades_5,XRP.numberOfTrades_4,XRP.numberOfTrades_3,XRP.numberOfTrades_2,XRP.numberOfTrades_1,XRP.takerBuyBaseAssetVolume_5,XRP.takerBuyBaseAssetVolume_4,XRP.takerBuyBaseAssetVolume_3,XRP.takerBuyBaseAssetVolume_2,XRP.takerBuyBaseAssetVolume_1,XRP.takerBuyQuoteAssetVolume_5,XRP.takerBuyQuoteAssetVolume_4,XRP.takerBuyQuoteAssetVolume_3,XRP.takerBuyQuoteAssetVolume_2,XRP.takerBuyQuoteAssetVolume_1,XRP.return_5,XRP.return_4,XRP.return_3,XRP.return_2,XRP.return_1,XRP.close_5,XRP.close_4,XRP.close_3,XRP.close_2,XRP.close_1,SOL.open_5,SOL.open_4,SOL.open_3,SOL.open_2,SOL.open_1,SOL.open,SOL.high_5,SOL.high_4,SOL.high_3,SOL.high_2,SOL.high_1,SOL.high,SOL.low_5,SOL.low_4,SOL.low_3,SOL.low_2,SOL.low_1,SOL.low,SOL.volume_5,SOL.volume_4,SOL.volume_3,SOL.volume_2,SOL.volume_1,SOL.quoteAssetVolume_5,SOL.quoteAssetVolume_4,SOL.quoteAssetVolume_3,SOL.quoteAssetVolume_2,SOL.quoteAssetVolume_1,SOL.numberOfTrades_5,SOL.numberOfTrades_4,SOL.numberOfTrades_3,SOL.numberOfTrades_2,SOL.numberOfTrades_1,SOL.takerBuyBaseAssetVolume_5,SOL.takerBuyBaseAssetVolume_4,SOL.takerBuyBaseAssetVolume_3,SOL.takerBuyBaseAssetVolume_2,SOL.takerBuyBaseAssetVolume_1,SOL.takerBuyQuoteAssetVolume_5,SOL.takerBuyQuoteAssetVolume_4,SOL.takerBuyQuoteAssetVolume_3,SOL.takerBuyQuoteAssetVolume_2,SOL.takerBuyQuoteAssetVolume_1,SOL.return_5,SOL.return_4,SOL.return_3,SOL.return_2,SOL.return_1,SOL.close_5,SOL.close_4,SOL.close_3,SOL.close_2,SOL.close_1,LTC.open_5,LTC.open_4,LTC.open_3,LTC.open_2,LTC.open_1,LTC.open,LTC.high_5,LTC.high_4,LTC.high_3,LTC.high_2,LTC.high_1,LTC.high,LTC.low_5,LTC.low_4,LTC.low_3,LTC.low_2,LTC.low_1,LTC.low,LTC.volume_5,LTC.volume_4,LTC.volume_3,LTC.volume_2,LTC.volume_1,LTC.quoteAssetVolume_5,LTC.quoteAssetVolume_4,LTC.quoteAssetVolume_3,LTC.quoteAssetVolume_2,LTC.quoteAssetVolume_1,LTC.numberOfTrades_5,LTC.numberOfTrades_4,LTC.numberOfTrades_3,LTC.numberOfTrades_2,LTC.numberOfTrades_1,LTC.takerBuyBaseAssetVolume_5,LTC.takerBuyBaseAssetVolume_4,LTC.takerBuyBaseAssetVolume_3,LTC.takerBuyBaseAssetVolume_2,LTC.takerBuyBaseAssetVolume_1,LTC.takerBuyQuoteAssetVolume_5,LTC.takerBuyQuoteAssetVolume_4,LTC.takerBuyQuoteAssetVolume_3,LTC.takerBuyQuoteAssetVolume_2,LTC.takerBuyQuoteAssetVolume_1,LTC.return_5,LTC.return_4,LTC.return_3,LTC.return_2,LTC.return_1,LTC.close_5,LTC.close_4,LTC.close_3,LTC.close_2,LTC.close_1,ETH.open_5,ETH.open_4,ETH.open_3,ETH.open_2,ETH.open_1,ETH.open,ETH.high_5,ETH.high_4,ETH.high_3,ETH.high_2,ETH.high_1,ETH.high,ETH.low_5,ETH.low_4,ETH.low_3,ETH.low_2,ETH.low_1,ETH.low,ETH.volume_5,ETH.volume_4,ETH.volume_3,ETH.volume_2,ETH.volume_1,ETH.quoteAssetVolume_5,ETH.quoteAssetVolume_4,ETH.quoteAssetVolume_3,ETH.quoteAssetVolume_2,ETH.quoteAssetVolume_1,ETH.numberOfTrades_5,ETH.numberOfTrades_4,ETH.numberOfTrades_3,ETH.numberOfTrades_2,ETH.numberOfTrades_1,ETH.takerBuyBaseAssetVolume_5,ETH.takerBuyBaseAssetVolume_4,ETH.takerBuyBaseAssetVolume_3,ETH.takerBuyBaseAssetVolume_2,ETH.takerBuyBaseAssetVolume_1,ETH.takerBuyQuoteAssetVolume_5,ETH.takerBuyQuoteAssetVolume_4,ETH.takerBuyQuoteAssetVolume_3,ETH.takerBuyQuoteAssetVolume_2,ETH.takerBuyQuoteAssetVolume_1,ETH.return_5,ETH.return_4,ETH.return_3,ETH.return_2,ETH.return_1,ETH.close_5,ETH.close_4,ETH.close_3,ETH.close_2,ETH.close_1,ETH.close,ETH.low,ETH.high
2026-05-01T00:00:00,77625,78657.55,77371.32,76342.78,75780,76346.58,78961,79485.66,77478,77904.93,76669.14,78914.12,77326.51,76459.64,75666.6,74937.52,75323.65,76320.42,7963.56162,16046.92418,13210.72383,18279.93022,10381.81607,6.219919734848E8,1.2478335500841923E9,1.0104126735550212E9,1.3997358583455281E9,7.90584591689154E8,1476971,2982889,2352446,3032890,2569480,3981.86566,7712.53219,6518.95469,9680.02112,5585.19124,3.111495946071661E8,6.001224225927734E8,4.986814161989518E8,7.412797415187618E8,4.253113832018324E8,0.013301771336553983,-0.016352276,-0.013293686,-0.007371621,0.007476511,78657.55,77371.32,76342.77,75780,76346.57,1.4238,1.4308,1.4008,1.3806,1.3692,1.368,1.4366,1.4466,1.4009,1.4067,1.3847,1.3999,1.418,1.3836,1.3677,1.3458,1.3591,1.3649,3.00243677E7,7.31552981E7,5.32342454E7,7.41948798E7,5.11103891E7,4.283707914942E7,1.0318723314259E8,7.365757496158E7,1.0203283977557E8,7.004633572061E7,230769,464442,320064,474018,365359,1.45979017E7,3.63680113E7,2.36852956E7,3.74034161E7,2.15463669E7,2.082838532123E7,5.12886545149E7,3.275863694567E7,5.146028974986E7,2.953079016271E7,0.004846186,-0.020968757,-0.014421361,-0.008257878,-8.76E-04,1.4307,1.4007,1.3805,1.3691,1.3679,86.19,86.93,84.82,84.06,83.05,83.09,87.32,88.08,84.93,85.56,84.01,84.86,85.84,83.63,82.98,81.4,82.16,83.08,1453501.452,3009101.691,1664394.443,2576063.596,1372591.611,1.2572737039517E8,2.5801918738674E8,1.3951526233159E8,2.1570289297072E8,1.1414709921202E8,380657,737519,397883,581305,481530,735165.507,1583431.358,903890.968,1182001.869,735437.679,6.359274368955E7,1.3590045508456E8,7.577549532337E7,9.89226583919E7,6.116991008091E7,0.008702715,-0.024272403,-0.008960151,-0.01213419,6.021194605009291E-4,86.93,84.82,84.06,83.04,83.09,56.05,56.28,55.56,55.7,55.32,55.19,56.48,56.8,55.79,57.71,55.99,56.03,55.75,54.95,54.67,54.35,54.93,54.9,151412.239,255326.831,182047.015,407969.758,195777.274,8498403.832,1.420708716275E7,1.005428930903E7,2.282182726244E7,1.086825184975E7,74315,122144,84905,188804,106126,74747.712,122908.03,83481.022,191589.136,90877.519,4196298.51,6839081.344,4612752.254,1.072260931626E7,5046319.637,0.004103479,-0.012615494,0.002519345,-0.007000539,-0.002349964,56.28,55.57,55.71,55.32,55.19,2319.49,2369.45,2303.66,2289.42,2252.9,2257.51,2380,2404.37,2310.88,2346.95,2279,2325.28,2306.72,2266.09,2258.24,2220.36,2231.64,2257.21,154591.6219,300363.8586,187932.2201,355078.1015,167194.2776,3.63039217940693E8,6.97653543100754E8,4.29094630508975E8,8.11555243527633E8,3.77557889671635E8,1508570,3192282,2346992,3588292,2649837,76876.1717,143798.2975,94578.0797,178999.8027,83993.1124,1.80579327354915E8,3.34290742028397E8,2.15948355744806E8,4.09301744342773E8,1.89738754617926E8,0.021530502263418863,-0.027757614,-0.006185782,-0.015951638,0.002046251,2369.44,2303.67,2289.42,2252.9,2257.51,2295.63,2257.21,2325.28
2026-05-02T00:00:00,78657.55,77371.32,76342.78,75780,76346.58,78231.13,79485.66,77478,77904.93,76669.14,78914.12,79199.48,76459.64,75666.6,74937.52,75323.65,76320.42,78040,16046.92418,13210.72383,18279.93022,10381.81607,17315.46502,1.2478335500841923E9,1.0104126735550212E9,1.3997358583455281E9,7.90584591689154E8,1.3478378359195642E9,2982889,2352446,3032890,2569480,2388458,7712.53219,6518.95469,9680.02112,5585.19124,8322.98012,6.001224225927734E8,4.986814161989518E8,7.412797415187618E8,4.253113832018324E8,6.478495778083475E8,-0.016352276,-0.013293686,-0.007371621,0.007476511,0.024684278547156702,77371.32,76342.77,75780,76346.57,78231.13,1.4308,1.4008,1.3806,1.3692,1.368,1.3858,1.4466,1.4009,1.4067,1.3847,1.3999,1.4003,1.3836,1.3677,1.3458,1.3591,1.3649,1.3812,7.31552981E7,5.32342454E7,7.41948798E7,5.11103891E7,6.0188179E7,1.0318723314259E8,7.365757496158E7,1.0203283977557E8,7.004633572061E7,8.319035048346E7,464442,320064,474018,365359,318307,3.63680113E7,2.36852956E7,3.74034161E7,2.15463669E7,2.74325365E7,5.12886545149E7,3.275863694567E7,5.146028974986E7,2.953079016271E7,3.789702625267E7,-0.020968757,-0.014421361,-0.008257878,-8.76E-04,0.013085751882447568,1.4007,1.3805,1.3691,1.3679,1.3858,86.93,84.82,84.06,83.05,83.09,83.76,88.08,84.93,85.56,84.01,84.86,84.97,83.63,82.98,81.4,82.16,83.08,83.44,3009101.691,1664394.443,2576063.596,1372591.611,1798067.959,2.5801918738674E8,1.3951526233159E8,2.1570289297072E8,1.1414709921202E8,1.5107355334307E8,737519,397883,581305,481530,432422,1583431.358,903890.968,1182001.869,735437.679,922837.681,1.3590045508456E8,7.577549532337E7,9.89226583919E7,6.116991008091E7,7.755309522007E7,-0.024272403,-0.008960151,-0.01213419,6.021194605009291E-4,0.008063546,84.82,84.06,83.04,83.09,83.76,56.28,55.56,55.7,55.32,55.19,55.4,56.8,55.79,57.71,55.99,56.03,55.71,54.95,54.67,54.35,54.93,54.9,55.05,255326.831,182047.015,407969.758,195777.274,249857.345,1.420708716275E7,1.005428930903E7,2.282182726244E7,1.086825184975E7,1.386897585344E7,122144,84905,188804,106126,108255,122908.03,83481.022,191589.136,90877.519,125614.962,6839081.344,4612752.254,1.072260931626E7,5046319.637,6974959.422,-0.012615494,0.002519345,-0.007000539,-0.002349964,0.003805037,55.57,55.71,55.32,55.19,55.4,2369.45,2303.66,2289.42,2252.9,2257.51,2295.63,2404.37,2310.88,2346.95,2279,2325.28,2343.6,2266.09,2258.24,2220.36,2231.64,2257.21,2292.91,300363.8586,187932.2201,355078.1015,167194.2776,191082.555,6.97653543100754E8,4.29094630508975E8,8.11555243527633E8,3.77557889671635E8,4.38751255827916E8,3192282,2346992,3588292,2649837,1805481,143798.2975,94578.0797,178999.8027,83993.1124,89533.7329,3.34290742028397E8,2.15948355744806E8,4.09301744342773E8,1.89738754617926E8,2.05580455528971E8,-0.027757614,-0.006185782,-0.015951638,0.002046251,0.016885860970715472,2303.67,2289.42,2252.9,2257.51,2295.63,2316.97,2292.91,2343.6
2026-05-03T00:00:00,77371.32,76342.78,75780,76346.58,78231.13,78686.84,77478,77904.93,76669.14,78914.12,79199.48,79447,75666.6,74937.52,75323.65,76320.42,78040,78084.08,13210.72383,18279.93022,10381.81607,17315.46502,6150.87642,1.0104126735550212E9,1.3997358583455281E9,7.90584591689154E8,1.3478378359195642E9,4.822383894494098E8,2352446,3032890,2569480,2388458,936143,6518.95469,9680.02112,5585.19124,8322.98012,3297.03958,4.986814161989518E8,7.412797415187618E8,4.253113832018324E8,6.478495778083475E8,2.58534491673966E8,-0.013293686,-0.007371621,0.007476511,0.024684278547156702,0.005825303,76342.77,75780,76346.57,78231.13,78686.85,1.4008,1.3806,1.3692,1.368,1.3858,1.3936,1.4009,1.4067,1.3847,1.3999,1.4003,1.4042,1.3677,1.3458,1.3591,1.3649,1.3812,1.3814,5.32342454E7,7.41948798E7,5.11103891E7,6.0188179E7,3.30302641E7,7.365757496158E7,1.0203283977557E8,7.004633572061E7,8.319035048346E7,4.59064881872E7,320064,474018,365359,318307,196148,2.36852956E7,3.74034161E7,2.15463669E7,2.74325365E7,1.61731518E7,3.275863694567E7,5.146028974986E7,2.953079016271E7,3.789702625267E7,2.247835284782E7,-0.014421361,-0.008257878,-8.76E-04,0.013085751882447568,0.005700678,1.3805,1.3691,1.3679,1.3858,1.3937,84.82,84.06,83.05,83.09,83.76,84.26,84.93,85.56,84.01,84.86,84.97,84.97,82.98,81.4,82.16,83.08,83.44,83.58,1664394.443,2576063.596,1372591.611,1798067.959,1027759.499,1.3951526233159E8,2.1570289297072E8,1.1414709921202E8,1.5107355334307E8,8.637142597718E7,397883,581305,481530,432422,283023,903890.968,1182001.869,735437.679,922837.681,522602.118,7.577549532337E7,9.89226583919E7,6.116991008091E7,7.755309522007E7,4.392447885107E7,-0.008960151,-0.01213419,6.021194605009291E-4,0.008063546,0.005969436,84.06,83.04,83.09,83.76,84.26,55.56,55.7,55.32,55.19,55.4,55.39,55.79,57.71,55.99,56.03,55.71,55.76,54.67,54.35,54.93,54.9,55.05,54.84,182047.015,407969.758,195777.274,249857.345,166093.453,1.005428930903E7,2.282182726244E7,1.086825184975E7,1.386897585344E7,9186449.952,84905,188804,106126,108255,72397,83481.022,191589.136,90877.519,125614.962,77576.386,4612752.254,1.072260931626E7,5046319.637,6974959.422,4290060.157,0.002519345,-0.007000539,-0.002349964,0.003805037,-1.81E-04,55.71,55.32,55.19,55.4,55.39,2303.66,2289.42,2252.9,2257.51,2295.63,2316.97,2310.88,2346.95,2279,2325.28,2343.6,2356.92,2258.24,2220.36,2231.64,2257.21,2292.91,2297.59,187932.2201,355078.1015,167194.2776,191082.555,85588.4724,4.29094630508975E8,8.11555243527633E8,3.77557889671635E8,4.38751255827916E8,1.97914496937889E8,2346992,3588292,2649837,1805481,870699,94578.0797,178999.8027,83993.1124,89533.7329,45662.7959,2.15948355744806E8,4.09301744342773E8,1.89738754617926E8,2.05580455528971E8,1.0564997974995E8,-0.006185782,-0.015951638,0.002046251,0.016885860970715472,0.009295923,2289.42,2252.9,2257.51,2295.63,2316.97,2322.65,2297.59,2356.92
2026-05-04T00:00:00,76342.78,75780,76346.58,78231.13,78686.84,78568.58,77904.93,76669.14,78914.12,79199.48,79447,80776.99,74937.52,75323.65,76320.42,78040,78084.08,78202,18279.93022,10381.81607,17315.46502,6150.87642,7425.7929,1.3997358583455281E9,7.90584591689154E8,1.3478378359195642E9,4.822383894494098E8,5.842943304516286E8,3032890,2569480,2388458,936143,1352474,9680.02112,5585.19124,8322.98012,3297.03958,3464.91412,7.412797415187618E8,4.253113832018324E8,6.478495778083475E8,2.58534491673966E8,2.72683292169375E8,-0.007371621,0.007476511,0.024684278547156702,0.005825303,-0.001503174,75780,76346.57,78231.13,78686.85,78568.57,1.3806,1.3692,1.368,1.3858,1.3936,1.3879,1.4067,1.3847,1.3999,1.4003,1.4042,1.4209,1.3458,1.3591,1.3649,1.3812,1.3814,1.3829,7.41948798E7,5.11103891E7,6.0188179E7,3.30302641E7,2.92468368E7,1.0203283977557E8,7.004633572061E7,8.319035048346E7,4.59064881872E7,4.070448657748E7,474018,365359,318307,196148,202324,3.74034161E7,2.15463669E7,2.74325365E7,1.61731518E7,1.31260069E7,5.146028974986E7,2.953079016271E7,3.789702625267E7,2.247835284782E7,1.826934981566E7,-0.008257878,-8.76E-04,0.013085751882447568,0.005700678,-0.004089833,1.3691,1.3679,1.3858,1.3937,1.388,84.06,83.05,83.09,83.76,84.26,83.91,85.56,84.01,84.86,84.97,84.97,85.9,81.4,82.16,83.08,83.44,83.58,83.23,2576063.596,1372591.611,1798067.959,1027759.499,1268647.522,2.1570289297072E8,1.1414709921202E8,1.5107355334307E8,8.637142597718E7,1.067408591955E8,581305,481530,432422,283023,341393,1182001.869,735437.679,922837.681,522602.118,646891.275,9.89226583919E7,6.116991008091E7,7.755309522007E7,4.392447885107E7,5.442598283368E7,-0.01213419,6.021194605009291E-4,0.008063546,0.005969436,-0.00415381,83.04,83.09,83.76,84.26,83.91,55.7,55.32,55.19,55.4,55.39,55.3,57.71,55.99,56.03,55.71,55.76,56.43,54.35,54.93,54.9,55.05,54.84,54.9,407969.758,195777.274,249857.345,166093.453,155415.526,2.282182726244E7,1.086825184975E7,1.386897585344E7,9186449.952,8580792.595,188804,106126,108255,72397,78735,191589.136,90877.519,125614.962,77576.386,72037.356,1.072260931626E7,5046319.637,6974959.422,4290060.157,3978569.283,-0.007000539,-0.002349964,0.003805037,-1.81E-04,-0.00180538,55.32,55.19,55.4,55.39,55.29,2289.42,2252.9,2257.51,2295.63,2316.97,2322.65,2346.95,2279,2325.28,2343.6,2356.92,2398.93,2220.36,2231.64,2257.21,2292.91,2297.59,2309.24,355078.1015,167194.2776,191082.555,85588.4724,151074.4342,8.11555243527633E8,3.77557889671635E8,4.38751255827916E8,1.97914496937889E8,3.51370000018079E8,3588292,2649837,1805481,870699,1374290,178999.8027,83993.1124,89533.7329,45662.7959,74492.1738,4.09301744342773E8,1.89738754617926E8,2.05580455528971E8,1.0564997974995E8,1.73304008274475E8,-0.015951638,0.002046251,0.016885860970715472,0.009295923,0.002451478,2252.9,2257.51,2295.63,2316.97,2322.65,2347.16,2309.24,2398.93
2026-05-05T00:00:00,75780,76346.58,78231.13,78686.84,78568.58,79861.01,76669.14,78914.12,79199.48,79447,80776.99,81791.48,75323.65,76320.42,78040,78084.08,78202,79808.72,10381.81607,17315.46502,6150.87642,7425.7929,26042.96135,7.90584591689154E8,1.3478378359195642E9,4.822383894494098E8,5.842943304516286E8,2.074174850511439E9,2569480,2388458,936143,1352474,3734604,5585.19124,8322.98012,3297.03958,3464.91412,13351.64548,4.253113832018324E8,6.478495778083475E8,2.58534491673966E8,2.72683292169375E8,1.0630548618782552E9,0.007476511,0.024684278547156702,0.005825303,-0.001503174,0.016449834838536424,76346.57,78231.13,78686.85,78568.57,79861.01,1.3692,1.368,1.3858,1.3936,1.3879,1.3919,1.3847,1.3999,1.4003,1.4042,1.4209,1.4222,1.3591,1.3649,1.3812,1.3814,1.3829,1.3904,5.11103891E7,6.0188179E7,3.30302641E7,2.92468368E7,8.32006647E7,7.004633572061E7,8.319035048346E7,4.59064881872E7,4.070448657748E7,1.166774756981E8,365359,318307,196148,202324,630159,2.15463669E7,2.74325365E7,1.61731518E7,1.31260069E7,4.03850177E7,2.953079016271E7,3.789702625267E7,2.247835284782E7,1.826934981566E7,5.66211804784E7,-8.76E-04,0.013085751882447568,0.005700678,-0.004089833,0.002737752,1.3679,1.3858,1.3937,1.388,1.3918,83.05,83.09,83.76,84.26,83.91,84.11,84.01,84.86,84.97,84.97,85.9,86.98,82.16,83.08,83.44,83.58,83.23,84.04,1372591.611,1798067.959,1027759.499,1268647.522,3469307.218,1.1414709921202E8,1.5107355334307E8,8.637142597718E7,1.067408591955E8,2.9356107529853E8,481530,432422,283023,341393,757940,735437.679,922837.681,522602.118,646891.275,1688378.768,6.116991008091E7,7.755309522007E7,4.392447885107E7,5.442598283368E7,1.4285744940493E8,6.021194605009291E-4,0.008063546,0.005969436,-0.00415381,0.002264331,83.09,83.76,84.26,83.91,84.1,55.32,55.19,55.4,55.39,55.3,54.96,55.99,56.03,55.71,55.76,56.43,56.61,54.93,54.9,55.05,54.84,54.9,54.76,195777.274,249857.345,166093.453,155415.526,427752.647,1.086825184975E7,1.386897585344E7,9186449.952,8580792.595,2.372876241774E7,106126,108255,72397,78735,158136,90877.519,125614.962,77576.386,72037.356,205289.652,5046319.637,6974959.422,4290060.157,3978569.283,1.139416978997E7,-0.002349964,0.003805037,-1.81E-04,-0.00180538,-0.00596853,55.19,55.4,55.39,55.29,54.96,2252.9,2257.51,2295.63,2316.97,2322.65,2347.17,2279,2325.28,2343.6,2356.92,2398.93,2399.5,2231.64,2257.21,2292.91,2297.59,2309.24,2344.93,167194.2776,191082.555,85588.4724,151074.4342,453020.7985,3.77557889671635E8,4.38751255827916E8,1.97914496937889E8,3.51370000018079E8,1.067990750066591E9,2649837,1805481,870699,1374290,4137093,83993.1124,89533.7329,45662.7959,74492.1738,220556.484,1.89738754617926E8,2.05580455528971E8,1.0564997974995E8,1.73304008274475E8,5.19975851029142E8,0.002046251,0.016885860970715472,0.009295923,0.002451478,0.010552601554259041,2257.51,2295.63,2316.97,2322.65,2347.16,2360.77,2344.93,2399.5
2026-05-06T00:00:00,76346.58,78231.13,78686.84,78568.58,79861.01,80905.53,78914.12,79199.48,79447,80776.99,81791.48,82850,76320.42,78040,78084.08,78202,79808.72,80731.14,17315.46502,6150.87642,7425.7929,26042.96135,16947.17995,1.3478378359195642E9,4.822383894494098E8,5.842943304516286E8,2.074174850511439E9,1.374319029230936E9,2388458,936143,1352474,3734604,2490930,8322.98012,3297.03958,3464.91412,13351.64548,8628.14977,6.478495778083475E8,2.58534491673966E8,2.72683292169375E8,1.0630548618782552E9,6.998497889064542E8,0.024684278547156702,0.005825303,-0.001503174,0.016449834838536424,0.013079098298406311,78231.13,78686.85,78568.57,79861.01,80905.52,1.368,1.3858,1.3936,1.3879,1.3919,1.4126,1.3999,1.4003,1.4042,1.4209,1.4222,1.4573,1.3649,1.3812,1.3814,1.3829,1.3904,1.4073,6.0188179E7,3.30302641E7,2.92468368E7,8.32006647E7,6.75758182E7,8.319035048346E7,4.59064881872E7,4.070448657748E7,1.166774756981E8,9.524753043709E7,318307,196148,202324,630159,396613,2.74325365E7,1.61731518E7,1.31260069E7,4.03850177E7,3.19653794E7,3.789702625267E7,2.247835284782E7,1.826934981566E7,5.66211804784E7,4.505280669488E7,0.013085751882447568,0.005700678,-0.004089833,0.002737752,0.014944675959189649,1.3858,1.3937,1.388,1.3918,1.4126,83.09,83.76,84.26,83.91,84.11,86.29,84.86,84.97,84.97,85.9,86.98,90.03,83.08,83.44,83.58,83.23,84.04,86.1,1798067.959,1027759.499,1268647.522,3469307.218,2478888.126,1.5107355334307E8,8.637142597718E7,1.067408591955E8,2.9356107529853E8,2.1190851033936E8,432422,283023,341393,757940,520564,922837.681,522602.118,646891.275,1688378.768,1301281.257,7.755309522007E7,4.392447885107E7,5.442598283368E7,1.4285744940493E8,1.1123772722947E8,0.008063546,0.005969436,-0.00415381,0.002264331,0.026040428061831298,83.76,84.26,83.91,84.1,86.29,55.19,55.4,55.39,55.3,54.96,56.34,56.03,55.71,55.76,56.43,56.61,57.93,54.9,55.05,54.84,54.9,54.76,56.08,249857.345,166093.453,155415.526,427752.647,348454.566,1.386897585344E7,9186449.952,8580792.595,2.372876241774E7,1.938673105185E7,108255,72397,78735,158136,114282,125614.962,77576.386,72037.356,205289.652,168851.227,6974959.422,4290060.157,3978569.283,1.139416978997E7,9399012.826,0.003805037,-1.81E-04,-0.00180538,-0.00596853,0.02510917,55.4,55.39,55.29,54.96,56.34,2257.51,2295.63,2316.97,2322.65,2347.17,2360.76,2325.28,2343.6,2356.92,2398.93,2399.5,2423.74,2257.21,2292.91,2297.59,2309.24,2344.93,2338,191082.555,85588.4724,151074.4342,453020.7985,286636.7312,4.38751255827916E8,1.97914496937889E8,3.51370000018079E8,1.067990750066591E9,6.81480549110581E8,1805481,870699,1374290,4137093,2512190,89533.7329,45662.7959,74492.1738,220556.484,139328.0697,2.05580455528971E8,1.0564997974995E8,1.73304008274475E8,5.19975851029142E8,3.31307244778156E8,0.016885860970715472,0.009295923,0.002451478,0.010552601554259041,0.005798497,2295.63,2316.97,2322.65,2347.16,2360.77,2350.84,2338,2423.74
2026-05-07T00:00:00,78231.13,78686.84,78568.58,79861.01,80905.53,81447.01,79199.48,79447,80776.99,81791.48,82850,81708.32,78040,78084.08,78202,79808.72,80731.14,79500,6150.87642,7425.7929,26042.96135,16947.17995,18798.77396,4.822383894494098E8,5.842943304516286E8,2.074174850511439E9,1.374319029230936E9,1.5356506247612484E9,936143,1352474,3734604,2490930,2794707,3297.03958,3464.91412,13351.64548,8628.14977,9976.68805,2.58534491673966E8,2.72683292169375E8,1.0630548618782552E9,6.998497889064542E8,8.150090742302135E8,0.005825303,-0.001503174,0.016449834838536424,0.013079098298406311,0.006692868,78686.85,78568.57,79861.01,80905.52,81447.01,1.3858,1.3936,1.3879,1.3919,1.4126,1.4249,1.4003,1.4042,1.4209,1.4222,1.4573,1.4258,1.3812,1.3814,1.3829,1.3904,1.4073,1.3802,3.30302641E7,2.92468368E7,8.32006647E7,6.75758182E7,9.71952649E7,4.59064881872E7,4.070448657748E7,1.166774756981E8,9.524753043709E7,1.3909210868515E8,196148,202324,630159,396613,608640,1.61731518E7,1.31260069E7,4.03850177E7,3.19653794E7,4.59721467E7,2.247835284782E7,1.826934981566E7,5.66211804784E7,4.505280669488E7,6.576845115444E7,0.005700678,-0.004089833,0.002737752,0.014944675959189649,0.008707348,1.3937,1.388,1.3918,1.4126,1.4249,83.76,84.26,83.91,84.11,86.29,89.16,84.97,84.97,85.9,86.98,90.03,90.44,83.44,83.58,83.23,84.04,86.1,87.63,1027759.499,1268647.522,3469307.218,2478888.126,3483256.03,8.637142597718E7,1.067408591955E8,2.9356107529853E8,2.1190851033936E8,3.0815176387133E8,283023,341393,757940,520564,799669,522602.118,646891.275,1688378.768,1301281.257,1830232.233,4.392447885107E7,5.442598283368E7,1.4285744940493E8,1.1123772722947E8,1.6186990797423E8,0.005969436,-0.00415381,0.002264331,0.026040428061831298,0.033259937,84.26,83.91,84.1,86.29,89.16,55.4,55.39,55.3,54.96,56.34,56.74,55.71,55.76,56.43,56.61,57.93,57.4,55.05,54.84,54.9,54.76,56.08,56.05,166093.453,155415.526,427752.647,348454.566,382538.839,9186449.952,8580792.595,2.372876241774E7,1.938673105185E7,2.182855325E7,72397,78735,158136,114282,164697,77576.386,72037.356,205289.652,168851.227,180533.283,4290060.157,3978569.283,1.139416978997E7,9399012.826,1.030561968925E7,-1.81E-04,-0.00180538,-0.00596853,0.02510917,0.006922258,55.39,55.29,54.96,56.34,56.73,2295.63,2316.97,2322.65,2347.17,2360.76,2350.84,2343.6,2356.92,2398.93,2399.5,2423.74,2352.3,2292.91,2297.59,2309.24,2344.93,2338,2280.1,85588.4724,151074.4342,453020.7985,286636.7312,420667.3161,1.97914496937889E8,3.51370000018079E8,1.067990750066591E9,6.81480549110581E8,9.99441628415373E8,870699,1374290,4137093,2512190,3062625,45662.7959,74492.1738,220556.484,139328.0697,193007.5534,1.0564997974995E8,1.73304008274475E8,5.19975851029142E8,3.31307244778156E8,4.59022962968137E8,0.009295923,0.002451478,0.010552601554259041,0.005798497,-0.004206255,2316.97,2322.65,2347.16,2360.77,2350.84,2291.06,2280.1,2352.3
2026-05-08T00:00:00,78686.84,78568.58,79861.01,80905.53,81447.01,80006,79447,80776.99,81791.48,82850,81708.32,80500,78084.08,78202,79808.72,80731.14,79500,79181.48,7425.7929,26042.96135,16947.17995,18798.77396,16154.80338,5.842943304516286E8,2.074174850511439E9,1.374319029230936E9,1.5356506247612484E9,1.3007663821023338E9,1352474,3734604,2490930,2794707,2540329,3464.91412,13351.64548,8628.14977,9976.68805,7625.14879,2.72683292169375E8,1.0630548618782552E9,6.998497889064542E8,8.150090742302135E8,6.142187587473308E8,-0.001503174,0.016449834838536424,0.013079098298406311,0.006692868,-0.017692608,78568.57,79861.01,80905.52,81447.01,80006,1.3936,1.3879,1.3919,1.4126,1.4249,1.3869,1.4042,1.4209,1.4222,1.4573,1.4258,1.427,1.3814,1.3829,1.3904,1.4073,1.3802,1.3778,2.92468368E7,8.32006647E7,6.75758182E7,9.71952649E7,8.28303865E7,4.070448657748E7,1.166774756981E8,9.524753043709E7,1.3909210868515E8,1.16191193146E8,202324,630159,396613,608640,481543,1.31260069E7,4.03850177E7,3.19653794E7,4.59721467E7,4.24387354E7,1.826934981566E7,5.66211804784E7,4.505280669488E7,6.576845115444E7,5.953950546713E7,-0.004089833,0.002737752,0.014944675959189649,0.008707348,-0.026668538,1.388,1.3918,1.4126,1.4249,1.3869,84.26,83.91,84.11,86.29,89.16,88.43,84.97,85.9,86.98,90.03,90.44,92.8,83.58,83.23,84.04,86.1,87.63,87.6,1268647.522,3469307.218,2478888.126,3483256.03,2892180.501,1.067408591955E8,2.9356107529853E8,2.1190851033936E8,3.0815176387133E8,2.5679828569353E8,341393,757940,520564,799669,829550,646891.275,1688378.768,1301281.257,1830232.233,1461747.651,5.442598283368E7,1.4285744940493E8,1.1123772722947E8,1.6186990797423E8,1.2990166986081E8,-0.00415381,0.002264331,0.026040428061831298,0.033259937,-0.008299686,83.91,84.1,86.29,89.16,88.42,55.39,55.3,54.96,56.34,56.74,56.43,55.76,56.43,56.61,57.93,57.4,58.99,54.84,54.9,54.76,56.08,56.05,56.06,155415.526,427752.647,348454.566,382538.839,307147.728,8580792.595,2.372876241774E7,1.938673105185E7,2.182855325E7,1.740067956658E7,78735,158136,114282,164697,148023,72037.356,205289.652,168851.227,180533.283,129627.414,3978569.283,1.139416978997E7,9399012.826,1.030561968925E7,7345745.699,-0.00180538,-0.00596853,0.02510917,0.006922258,-0.005464481,55.29,54.96,56.34,56.73,56.42,2316.97,2322.65,2347.17,2360.76,2350.84,2291.06,2356.92,2398.93,2399.5,2423.74,2352.3,2321.22,2297.59,2309.24,2344.93,2338,2280.1,2265.61,151074.4342,453020.7985,286636.7312,420667.3161,469521.9378,3.51370000018079E8,1.067990750066591E9,6.81480549110581E8,9.99441628415373E8,1.084720938606199E9,1374290,4137093,2512190,3062625,3191083,74492.1738,220556.484,139328.0697,193007.5534,177521.5123,1.73304008274475E8,5.19975851029142E8,3.31307244778156E8,4.59022962968137E8,4.10305896179507E8,0.002451478,0.010552601554259041,0.005798497,-0.004206255,-0.025429208,2322.65,2347.16,2360.77,2350.84,2291.06,2307.06,2265.61,2321.22
2026-05-09T00:00:00,78568.58,79861.01,80905.53,81447.01,80006,80193.18,80776.99,81791.48,82850,81708.32,80500,81080,78202,79808.72,80731.14,79500,79181.48,80129.85,26042.96135,16947.17995,18798.77396,16154.80338,16001.31009,2.074174850511439E9,1.374319029230936E9,1.5356506247612484E9,1.3007663821023338E9,1.2785660454172618E9,3734604,2490930,2794707,2540329,2265372,13351.64548,8628.14977,9976.68805,7625.14879,8328.38654,1.0630548618782552E9,6.998497889064542E8,8.150090742302135E8,6.142187587473308E8,6.65600036192464E8,0.016449834838536424,0.013079098298406311,0.006692868,-0.017692608,0.00233945,79861.01,80905.52,81447.01,80006,80193.17,1.3879,1.3919,1.4126,1.4249,1.3869,1.4182,1.4209,1.4222,1.4573,1.4258,1.427,1.435,1.3829,1.3904,1.4073,1.3802,1.3778,1.4113,8.32006647E7,6.75758182E7,9.71952649E7,8.28303865E7,6.65212034E7,1.166774756981E8,9.524753043709E7,1.3909210868515E8,1.16191193146E8,9.304773786844E7,630159,396613,608640,481543,366289,4.03850177E7,3.19653794E7,4.59721467E7,4.24387354E7,3.13968883E7,5.66211804784E7,4.505280669488E7,6.576845115444E7,5.953950546713E7,4.387825310117E7,0.002737752,0.014944675959189649,0.008707348,-0.026668538,0.022568318,1.3918,1.4126,1.4249,1.3869,1.4182,83.91,84.11,86.29,89.16,88.43,92.02,85.9,86.98,90.03,90.44,92.8,94.17,83.23,84.04,86.1,87.63,87.6,91.85,3469307.218,2478888.126,3483256.03,2892180.501,2644434.859,2.9356107529853E8,2.1190851033936E8,3.0815176387133E8,2.5679828569353E8,2.3771021022825E8,757940,520564,799669,829550,780119,1688378.768,1301281.257,1830232.233,1461747.651,1419124.709,1.4285744940493E8,1.1123772722947E8,1.6186990797423E8,1.2990166986081E8,1.2771028138425E8,0.002264331,0.026040428061831298,0.033259937,-0.008299686,0.040601674,84.1,86.29,89.16,88.42,92.01,55.3,54.96,56.34,56.74,56.43,58.32,56.43,56.61,57.93,57.4,58.99,59.14,54.9,54.76,56.08,56.05,56.06,57.62,427752.647,348454.566,382538.839,307147.728,336466.293,2.372876241774E7,1.938673105185E7,2.182855325E7,1.740067956658E7,1.934518086227E7,158136,114282,164697,148023,156984,205289.652,168851.227,180533.283,129627.414,162958.694,1.139416978997E7,9399012.826,1.030561968925E7,7345745.699,9373436.283,-0.00596853,0.02510917,0.006922258,-0.005464481,0.033676001,54.96,56.34,56.73,56.42,58.32,2322.65,2347.17,2360.76,2350.84,2291.06,2307.07,2398.93,2399.5,2423.74,2352.3,2321.22,2338.37,2309.24,2344.93,2338,2280.1,2265.61,2300,453020.7985,286636.7312,420667.3161,469521.9378,421035.1582,1.067990750066591E9,6.81480549110581E8,9.99441628415373E8,1.084720938606199E9,9.64540001642085E8,4137093,2512190,3062625,3191083,2568056,220556.484,139328.0697,193007.5534,177521.5123,164773.9995,5.19975851029142E8,3.31307244778156E8,4.59022962968137E8,4.10305896179507E8,3.7728768273126E8,0.010552601554259041,0.005798497,-0.004206255,-0.025429208,0.006983667,2347.16,2360.77,2350.84,2291.06,2307.06,2326.44,2300,2338.37
2026-05-10T00:00:00,79861.01,80905.53,81447.01,80006,80193.18,80678.41,81791.48,82850,81708.32,80500,81080,82479.32,79808.72,80731.14,79500,79181.48,80129.85,80279.77,16947.17995,18798.77396,16154.80338,16001.31009,7548.42177,1.374319029230936E9,1.5356506247612484E9,1.3007663821023338E9,1.2785660454172618E9,6.075962259864202E8,2490930,2794707,2540329,2265372,1002373,8628.14977,9976.68805,7625.14879,8328.38654,4032.72566,6.998497889064542E8,8.150090742302135E8,6.142187587473308E8,6.65600036192464E8,3.245545403255052E8,0.013079098298406311,0.006692868,-0.017692608,0.00233945,0.006050765,80905.52,81447.01,80006,80193.17,80678.4,1.3919,1.4126,1.4249,1.3869,1.4182,1.4205,1.4222,1.4573,1.4258,1.427,1.435,1.5082,1.3904,1.4073,1.3802,1.3778,1.4113,1.4119,6.75758182E7,9.71952649E7,8.28303865E7,6.65212034E7,5.77925613E7,9.524753043709E7,1.3909210868515E8,1.16191193146E8,9.304773786844E7,8.229024574632E7,396613,608640,481543,366289,259660,3.19653794E7,4.59721467E7,4.24387354E7,3.13968883E7,2.70783543E7,4.505280669488E7,6.576845115444E7,5.953950546713E7,4.387825310117E7,3.856780993107E7,0.014944675959189649,0.008707348,-0.026668538,0.022568318,0.001621774,1.4126,1.4249,1.3869,1.4182,1.4205,84.11,86.29,89.16,88.43,92.02,93.12,86.98,90.03,90.44,92.8,94.17,97,84.04,86.1,87.63,87.6,91.85,92.6,2478888.126,3483256.03,2892180.501,2644434.859,1974272.696,2.1190851033936E8,3.0815176387133E8,2.5679828569353E8,2.3771021022825E8,1.8427333488941E8,520564,799669,829550,780119,591555,1301281.257,1830232.233,1461747.651,1419124.709,1057722.996,1.1123772722947E8,1.6186990797423E8,1.2990166986081E8,1.2771028138425E8,9.873117910481E7,0.026040428061831298,0.033259937,-0.008299686,0.040601674,0.01217259,86.29,89.16,88.42,92.01,93.13,54.96,56.34,56.74,56.43,58.32,57.99,56.61,57.93,57.4,58.99,59.14,60.61,54.76,56.08,56.05,56.06,57.62,57.66,348454.566,382538.839,307147.728,336466.293,242074.69,1.938673105185E7,2.182855325E7,1.740067956658E7,1.934518086227E7,1.413241059393E7,114282,164697,148023,156984,115995,168851.227,180533.283,129627.414,162958.694,120797.038,9399012.826,1.030561968925E7,7345745.699,9373436.283,7052028.086,0.02510917,0.006922258,-0.005464481,0.033676001,-0.005486968,56.34,56.73,56.42,58.32,58,2347.17,2360.76,2350.84,2291.06,2307.07,2326.43,2399.5,2423.74,2352.3,2321.22,2338.37,2382.53,2344.93,2338,2280.1,2265.61,2300,2311.83,286636.7312,420667.3161,469521.9378,421035.1582,230431.157,6.81480549110581E8,9.99441628415373E8,1.084720938606199E9,9.64540001642085E8,5.34441724095869E8,2512190,3062625,3191083,2568056,1248625,139328.0697,193007.5534,177521.5123,164773.9995,90960.5803,3.31307244778156E8,4.59022962968137E8,4.10305896179507E8,3.7728768273126E8,2.10978434967519E8,0.005798497,-0.004206255,-0.025429208,0.006983667,0.008400302,2360.77,2350.84,2291.06,2307.06,2326.44,2371.27,2311.83,2382.53
2026-05-11T00:00:00,80905.53,81447.01,80006,80193.18,80678.41,82210.07,82850,81708.32,80500,81080,82479.32,82380,80731.14,79500,79181.48,80129.85,80279.77,80462.97,18798.77396,16154.80338,16001.31009,7548.42177,12034.31882,1.5356506247612484E9,1.3007663821023338E9,1.2785660454172618E9,6.075962259864202E8,9.772237142634745E8,2794707,2540329,2265372,1002373,1801608,9976.68805,7625.14879,8328.38654,4032.72566,6395.8966,8.150090742302135E8,6.142187587473308E8,6.65600036192464E8,3.245545403255052E8,5.195051915151365E8,0.006692868,-0.017692608,0.00233945,0.006050765,0.018984883190544345,81447.01,80006,80193.17,80678.4,82210.07,1.4126,1.4249,1.3869,1.4182,1.4205,1.4735,1.4573,1.4258,1.427,1.435,1.5082,1.4886,1.4073,1.3802,1.3778,1.4113,1.4119,1.4399,9.71952649E7,8.28303865E7,6.65212034E7,5.77925613E7,1.560953122E8,1.3909210868515E8,1.16191193146E8,9.304773786844E7,8.229024574632E7,2.2819205853491E8,608640,481543,366289,259660,935415,4.59721467E7,4.24387354E7,3.13968883E7,2.70783543E7,8.136678E7,6.576845115444E7,5.953950546713E7,4.387825310117E7,3.856780993107E7,1.1887131359358E8,0.008707348,-0.026668538,0.022568318,0.001621774,0.037240408,1.4249,1.3869,1.4182,1.4205,1.4734,86.29,89.16,88.43,92.02,93.12,96.46,90.03,90.44,92.8,94.17,97,98.41,86.1,87.63,87.6,91.85,92.6,94.3,3483256.03,2892180.501,2644434.859,1974272.696,2559168.995,3.0815176387133E8,2.5679828569353E8,2.3771021022825E8,1.8427333488941E8,2.4218057308509E8,799669,829550,780119,591555,795120,1830232.233,1461747.651,1419124.709,1057722.996,1379810.128,1.6186990797423E8,1.2990166986081E8,1.2771028138425E8,9.873117910481E7,1.3064852328676E8,0.033259937,-0.008299686,0.040601674,0.01217259,0.035863846,89.16,88.42,92.01,93.13,96.47,56.34,56.74,56.43,58.32,57.99,60.42,57.93,57.4,58.99,59.14,60.61,60.59,56.08,56.05,56.06,57.62,57.66,58.06,382538.839,307147.728,336466.293,242074.69,343635.287,2.182855325E7,1.740067956658E7,1.934518086227E7,1.413241059393E7,2.031192165216E7,164697,148023,156984,115995,182187,180533.283,129627.414,162958.694,120797.038,175245.893,1.030561968925E7,7345745.699,9373436.283,7052028.086,1.036720464003E7,0.006922258,-0.005464481,0.033676001,-0.005486968,0.041896552,56.73,56.42,58.32,58,60.43,2360.76,2350.84,2291.06,2307.07,2326.43,2371.26,2423.74,2352.3,2321.22,2338.37,2382.53,2374.92,2338,2280.1,2265.61,2300,2311.83,2304,420667.3161,469521.9378,421035.1582,230431.157,398122.8623,9.99441628415373E8,1.084720938606199E9,9.64540001642085E8,5.34441724095869E8,9.33278254427879E8,3062625,3191083,2568056,1248625,2272749,193007.5534,177521.5123,164773.9995,90960.5803,219121.332,4.59022962968137E8,4.10305896179507E8,3.7728768273126E8,2.10978434967519E8,5.14296301197561E8,-0.004206255,-0.025429208,0.006983667,0.008400302,0.019269785595158236,2350.84,2291.06,2307.06,2326.44,2371.27,2339.87,2304,2374.92
2026-05-12T00:00:00,81447.01,80006,80193.18,80678.41,82210.07,81745.66,81708.32,80500,81080,82479.32,82380,81788,79500,79181.48,80129.85,80279.77,80462.97,79843.59,16154.80338,16001.31009,7548.42177,12034.31882,12951.76056,1.3007663821023338E9,1.2785660454172618E9,6.075962259864202E8,9.772237142634745E8,1.0531936708757555E9,2540329,2265372,1002373,1801608,2576396,7625.14879,8328.38654,4032.72566,6395.8966,6132.37349,6.142187587473308E8,6.65600036192464E8,3.245545403255052E8,5.195051915151365E8,4.988609194964037E8,-0.017692608,0.00233945,0.006050765,0.018984883190544345,-0.005649186,80006,80193.17,80678.4,82210.07,81745.65,1.4249,1.3869,1.4182,1.4205,1.4735,1.4777,1.4258,1.427,1.435,1.5082,1.4886,1.4848,1.3802,1.3778,1.4113,1.4119,1.4399,1.4183,8.28303865E7,6.65212034E7,5.77925613E7,1.560953122E8,1.184232765E8,1.16191193146E8,9.304773786844E7,8.229024574632E7,2.2819205853491E8,1.7318303655107E8,481543,366289,259660,935415,690868,4.24387354E7,3.13968883E7,2.70783543E7,8.136678E7,5.63196443E7,5.953950546713E7,4.387825310117E7,3.856780993107E7,1.1887131359358E8,8.234501980534E7,-0.026668538,0.022568318,0.001621774,0.037240408,0.00285055,1.3869,1.4182,1.4205,1.4734,1.4776,89.16,88.43,92.02,93.12,96.46,97.37,90.44,92.8,94.17,97,98.41,97.68,87.63,87.6,91.85,92.6,94.3,93.55,2892180.501,2644434.859,1974272.696,2559168.995,3078049.965,2.5679828569353E8,2.3771021022825E8,1.8427333488941E8,2.4218057308509E8,2.9569938212628E8,829550,780119,591555,795120,1005178,1461747.651,1419124.709,1057722.996,1379810.128,1578859.571,1.2990166986081E8,1.2771028138425E8,9.873117910481E7,1.3064852328676E8,1.5179276620544E8,-0.008299686,0.040601674,0.01217259,0.035863846,0.009329325,88.42,92.01,93.13,96.47,97.37,56.74,56.43,58.32,57.99,60.42,58.51,57.4,58.99,59.14,60.61,60.59,58.68,56.05,56.06,57.62,57.66,58.06,57.05,307147.728,336466.293,242074.69,343635.287,329617.12,1.740067956658E7,1.934518086227E7,1.413241059393E7,2.031192165216E7,1.939258975127E7,148023,156984,115995,182187,189558,129627.414,162958.694,120797.038,175245.893,161317.661,7345745.699,9373436.283,7052028.086,1.036720464003E7,9490819.275,-0.005464481,0.033676001,-0.005486968,0.041896552,-0.031606818,56.42,58.32,58,60.43,58.52,2350.84,2291.06,2307.07,2326.43,2371.26,2339.88,2352.3,2321.22,2338.37,2382.53,2374.92,2340.85,2280.1,2265.61,2300,2311.83,2304,2256.27,469521.9378,421035.1582,230431.157,398122.8623,236962.0552,1.084720938606199E9,9.64540001642085E8,5.34441724095869E8,9.33278254427879E8,5.53428064252923E8,3191083,2568056,1248625,2272749,2594593,177521.5123,164773.9995,90960.5803,219121.332,103490.2032,4.10305896179507E8,3.7728768273126E8,2.10978434967519E8,5.14296301197561E8,2.41738239910142E8,-0.025429208,0.006983667,0.008400302,0.019269785595158236,-0.013241849,2291.06,2307.06,2326.44,2371.27,2339.87,2274.96,2256.27,2340.85
2026-05-13T00:00:00,80006,80193.18,80678.41,82210.07,81745.66,80504.47,80500,81080,82479.32,82380,81788,81324.64,79181.48,80129.85,80279.77,80462.97,79843.59,78754.65,16001.31009,7548.42177,12034.31882,12951.76056,12386.25676,1.2785660454172618E9,6.075962259864202E8,9.772237142634745E8,1.0531936708757555E9,1.000180167440677E9,2265372,1002373,1801608,2576396,2345137,8328.38654,4032.72566,6395.8966,6132.37349,5716.20385,6.65600036192464E8,3.245545403255052E8,5.195051915151365E8,4.988609194964037E8,4.617398400868008E8,0.00233945,0.006050765,0.018984883190544345,-0.005649186,-0.015183438,80193.17,80678.4,82210.07,81745.65,80504.47,1.3869,1.4182,1.4205,1.4735,1.4777,1.437,1.427,1.435,1.5082,1.4886,1.4848,1.4693,1.3778,1.4113,1.4119,1.4399,1.4183,1.4112,6.65212034E7,5.77925613E7,1.560953122E8,1.184232765E8,1.055540135E8,9.304773786844E7,8.229024574632E7,2.2819205853491E8,1.7318303655107E8,1.5291708475215E8,366289,259660,935415,690868,606755,3.13968883E7,2.70783543E7,8.136678E7,5.63196443E7,5.16700863E7,4.387825310117E7,3.856780993107E7,1.1887131359358E8,8.234501980534E7,7.488187698958E7,0.022568318,0.001621774,0.037240408,0.00285055,-0.02747699,1.4182,1.4205,1.4734,1.4776,1.437,88.43,92.02,93.12,96.46,97.37,94.28,92.8,94.17,97,98.41,97.68,95.99,87.6,91.85,92.6,94.3,93.55,90.27,2644434.859,1974272.696,2559168.995,3078049.965,2810037.359,2.3771021022825E8,1.8427333488941E8,2.4218057308509E8,2.9569938212628E8,2.67797491336E8,780119,591555,795120,1005178,755594,1419124.709,1057722.996,1379810.128,1578859.571,1361994.023,1.2771028138425E8,9.873117910481E7,1.3064852328676E8,1.5179276620544E8,1.2983381953637E8,0.040601674,0.01217259,0.035863846,0.009329325,-0.031734621,92.01,93.13,96.47,97.37,94.28,56.43,58.32,57.99,60.42,58.51,58.11,58.99,59.14,60.61,60.59,58.68,58.97,56.06,57.62,57.66,58.06,57.05,56.28,336466.293,242074.69,343635.287,329617.12,304201.854,1.934518086227E7,1.413241059393E7,2.031192165216E7,1.939258975127E7,1.759773327429E7,156984,115995,182187,189558,163282,162958.694,120797.038,175245.893,161317.661,142986.328,9373436.283,7052028.086,1.036720464003E7,9490819.275,8272260.564,0.033676001,-0.005486968,0.041896552,-0.031606818,-0.00683527,58.32,58,60.43,58.52,58.12,2291.06,2307.07,2326.43,2371.26,2339.88,2274.97,2321.22,2338.37,2382.53,2374.92,2340.85,2323.36,2265.61,2300,2311.83,2304,2256.27,2234.13,421035.1582,230431.157,398122.8623,236962.0552,252981.1082,9.64540001642085E8,5.34441724095869E8,9.33278254427879E8,5.53428064252923E8,5.79204959797464E8,2568056,1248625,2272749,2594593,2520381,164773.9995,90960.5803,219121.332,103490.2032,112560.2947,3.7728768273126E8,2.10978434967519E8,5.14296301197561E8,2.41738239910142E8,2.57748542882055E8,0.006983667,0.008400302,0.019269785595158236,-0.013241849,-0.027740857,2307.06,2326.44,2371.27,2339.87,2274.96,2258.65,2234.13,2323.36
2026-05-14T00:00:00,80193.18,80678.41,82210.07,81745.66,80504.47,79313.61,81080,82479.32,82380,81788,81324.64,82048.13,80129.85,80279.77,80462.97,79843.59,78754.65,78922,7548.42177,12034.31882,12951.76056,12386.25676,14810.05643,6.075962259864202E8,9.772237142634745E8,1.0531936708757555E9,1.000180167440677E9,1.1849298428688235E9,1002373,1801608,2576396,2345137,2350570,4032.72566,6395.8966,6132.37349,5716.20385,7161.64182,3.245545403255052E8,5.195051915151365E8,4.988609194964037E8,4.617398400868008E8,5.73129996834195E8,0.006050765,0.018984883190544345,-0.005649186,-0.015183438,-0.014792471,80678.4,82210.07,81745.65,80504.47,79313.61,1.4182,1.4205,1.4735,1.4777,1.437,1.4272,1.435,1.5082,1.4886,1.4848,1.4693,1.5496,1.4113,1.4119,1.4399,1.4183,1.4112,1.4208,5.77925613E7,1.560953122E8,1.184232765E8,1.055540135E8,1.257173671E8,8.229024574632E7,2.2819205853491E8,1.7318303655107E8,1.5291708475215E8,1.8086254561828E8,259660,935415,690868,606755,614824,2.70783543E7,8.136678E7,5.63196443E7,5.16700863E7,6.15299867E7,3.856780993107E7,1.1887131359358E8,8.234501980534E7,7.488187698958E7,8.857453354953E7,0.001621774,0.037240408,0.00285055,-0.02747699,-0.006750174,1.4205,1.4734,1.4776,1.437,1.4273,92.02,93.12,96.46,97.37,94.28,91.17,94.17,97,98.41,97.68,95.99,93.68,91.85,92.6,94.3,93.55,90.27,89.82,1974272.696,2559168.995,3078049.965,2810037.359,3192571.802,1.8427333488941E8,2.4218057308509E8,2.9569938212628E8,2.67797491336E8,2.9668414290225E8,591555,795120,1005178,755594,846316,1057722.996,1379810.128,1578859.571,1361994.023,1571829.141,9.873117910481E7,1.3064852328676E8,1.5179276620544E8,1.2983381953637E8,1.4619984257876E8,0.01217259,0.035863846,0.009329325,-0.031734621,-0.032986848,93.13,96.47,97.37,94.28,91.17,58.32,57.99,60.42,58.51,58.11,57,59.14,60.61,60.59,58.68,58.97,59.56,57.62,57.66,58.06,57.05,56.28,56.63,242074.69,343635.287,329617.12,304201.854,350780.772,1.413241059393E7,2.031192165216E7,1.939258975127E7,1.759773327429E7,2.020064649471E7,115995,182187,189558,163282,157947,120797.038,175245.893,161317.661,142986.328,168416.046,7052028.086,1.036720464003E7,9490819.275,8272260.564,9704794.095,-0.005486968,0.041896552,-0.031606818,-0.00683527,-0.019098417,58,60.43,58.52,58.12,57.01,2307.07,2326.43,2371.26,2339.88,2274.97,2258.66,2338.37,2382.53,2374.92,2340.85,2323.36,2319.33,2300,2311.83,2304,2256.27,2234.13,2238.64,230431.157,398122.8623,236962.0552,252981.1082,258455.7299,5.34441724095869E8,9.33278254427879E8,5.53428064252923E8,5.79204959797464E8,5.87994702421878E8,1248625,2272749,2594593,2520381,2145600,90960.5803,219121.332,103490.2032,112560.2947,124180.3611,2.10978434967519E8,5.14296301197561E8,2.41738239910142E8,2.57748542882055E8,2.82671652633523E8,0.008400302,0.019269785595158236,-0.013241849,-0.027740857,-0.007169357,2326.44,2371.27,2339.87,2274.96,2258.65,2283.25,2238.64,2319.33
2026-05-15T00:00:00,80678.41,82210.07,81745.66,80504.47,79313.61,81090,82479.32,82380,81788,81324.64,82048.13,81664.45,80279.77,80462.97,79843.59,78754.65,78922,78659,12034.31882,12951.76056,12386.25676,14810.05643,19727.86807,9.772237142634745E8,1.0531936708757555E9,1.000180167440677E9,1.1849298428688235E9,1.590656475018797E9,1801608,2576396,2345137,2350570,3101046,6395.8966,6132.37349,5716.20385,7161.64182,10750.20775,5.195051915151365E8,4.988609194964037E8,4.617398400868008E8,5.73129996834195E8,8.672054598346943E8,0.018984883190544345,-0.005649186,-0.015183438,-0.014792471,0.022396912711450213,82210.07,81745.65,80504.47,79313.61,81089.99,1.4205,1.4735,1.4777,1.437,1.4272,1.4851,1.5082,1.4886,1.4848,1.4693,1.5496,1.5002,1.4119,1.4399,1.4183,1.4112,1.4208,1.4275,1.560953122E8,1.184232765E8,1.055540135E8,1.257173671E8,2.032789119E8,2.2819205853491E8,1.7318303655107E8,1.5291708475215E8,1.8086254561828E8,3.0164536606319E8,935415,690868,606755,614824,1067851,8.136678E7,5.63196443E7,5.16700863E7,6.15299867E7,9.72104061E7,1.1887131359358E8,8.234501980534E7,7.488187698958E7,8.857453354953E7,1.4422125085261E8,0.037240408,0.00285055,-0.02747699,-0.006750174,0.040566104,1.4734,1.4776,1.437,1.4273,1.4852,93.12,96.46,97.37,94.28,91.17,92.16,97,98.41,97.68,95.99,93.68,92.66,92.6,94.3,93.55,90.27,89.82,88.55,2559168.995,3078049.965,2810037.359,3192571.802,2709125.808,2.4218057308509E8,2.9569938212628E8,2.67797491336E8,2.9668414290225E8,2.487594544034E8,795120,1005178,755594,846316,747394,1379810.128,1578859.571,1361994.023,1571829.141,1306187.892,1.3064852328676E8,1.5179276620544E8,1.2983381953637E8,1.4619984257876E8,1.2002042433318E8,0.035863846,0.009329325,-0.031734621,-0.032986848,0.01074915,96.47,97.37,94.28,91.17,92.15,57.99,60.42,58.51,58.11,57,58.2,60.61,60.59,58.68,58.97,59.56,58.52,57.66,58.06,57.05,56.28,56.63,56.39,343635.287,329617.12,304201.854,350780.772,352324.525,2.031192165216E7,1.939258975127E7,1.759773327429E7,2.020064649471E7,2.046931005944E7,182187,189558,163282,157947,162318,175245.893,161317.661,142986.328,168416.046,176756.433,1.036720464003E7,9490819.275,8272260.564,9704794.095,1.027649642224E7,0.041896552,-0.031606818,-0.00683527,-0.019098417,0.021048939,60.43,58.52,58.12,57.01,58.21,2326.43,2371.26,2339.88,2274.97,2258.66,2283.26,2382.53,2374.92,2340.85,2323.36,2319.33,2300.29,2311.83,2304,2256.27,2234.13,2238.64,2205.11,398122.8623,236962.0552,252981.1082,258455.7299,256680.8359,9.33278254427879E8,5.53428064252923E8,5.79204959797464E8,5.87994702421878E8,5.8536870859742E8,2272749,2594593,2520381,2145600,2730407,219121.332,103490.2032,112560.2947,124180.3611,127752.3579,5.14296301197561E8,2.41738239910142E8,2.57748542882055E8,2.82671652633523E8,2.91429330031826E8,0.019269785595158236,-0.013241849,-0.027740857,-0.007169357,0.010891462,2371.27,2339.87,2274.96,2258.65,2283.25,2224.66,2205.11,2300.29
2026-05-16T00:00:00,82210.07,81745.66,80504.47,79313.61,81090,79113.2,82380,81788,81324.64,82048.13,81664.45,79227.77,80462.97,79843.59,78754.65,78922,78659,77640,12951.76056,12386.25676,14810.05643,19727.86807,17351.27079,1.0531936708757555E9,1.000180167440677E9,1.1849298428688235E9,1.590656475018797E9,1.387152674368868E9,2576396,2345137,2350570,3101046,3184114,6132.37349,5716.20385,7161.64182,10750.20775,8333.17845,4.988609194964037E8,4.617398400868008E8,5.73129996834195E8,8.672054598346943E8,6.66666033915996E8,-0.005649186,-0.015183438,-0.014792471,0.022396912711450213,-0.024377608,81745.65,80504.47,79313.61,81089.99,79113.21,1.4735,1.4777,1.437,1.4272,1.4851,1.434,1.4886,1.4848,1.4693,1.5496,1.5002,1.4396,1.4399,1.4183,1.4112,1.4208,1.4275,1.394,1.184232765E8,1.055540135E8,1.257173671E8,2.032789119E8,1.235512061E8,1.7318303655107E8,1.5291708475215E8,1.8086254561828E8,3.0164536606319E8,1.8020573161692E8,690868,606755,614824,1067851,790625,5.63196443E7,5.16700863E7,6.15299867E7,9.72104061E7,5.99185597E7,8.234501980534E7,7.488187698958E7,8.857453354953E7,1.4422125085261E8,8.742728527591E7,0.00285055,-0.02747699,-0.006750174,0.040566104,-0.034473472,1.4776,1.437,1.4273,1.4852,1.434,96.46,97.37,94.28,91.17,92.16,89.23,98.41,97.68,95.99,93.68,92.66,89.44,94.3,93.55,90.27,89.82,88.55,85.52,3078049.965,2810037.359,3192571.802,2709125.808,2675843.631,2.9569938212628E8,2.67797491336E8,2.9668414290225E8,2.487594544034E8,2.4200043550568E8,1005178,755594,846316,747394,692037,1578859.571,1361994.023,1571829.141,1306187.892,1306859.075,1.5179276620544E8,1.2983381953637E8,1.4619984257876E8,1.2002042433318E8,1.1813415317765E8,0.009329325,-0.031734621,-0.032986848,0.01074915,-0.031578947,97.37,94.28,91.17,92.15,89.24,60.42,58.51,58.11,57,58.2,57.5,60.59,58.68,58.97,59.56,58.52,57.71,58.06,57.05,56.28,56.63,56.39,55.57,329617.12,304201.854,350780.772,352324.525,315362.807,1.939258975127E7,1.759773327429E7,2.020064649471E7,2.046931005944E7,1.815167628192E7,189558,163282,157947,162318,182630,161317.661,142986.328,168416.046,176756.433,140511.633,9490819.275,8272260.564,9704794.095,1.027649642224E7,8090349.093,-0.031606818,-0.00683527,-0.019098417,0.021048939,-0.012197217,58.52,58.12,57.01,58.21,57.5,2371.26,2339.88,2274.97,2258.66,2283.26,2224.65,2374.92,2340.85,2323.36,2319.33,2300.29,2231.51,2304,2256.27,2234.13,2238.64,2205.11,2162.55,236962.0552,252981.1082,258455.7299,256680.8359,288536.5507,5.53428064252923E8,5.79204959797464E8,5.87994702421878E8,5.8536870859742E8,6.47433872912318E8,2594593,2520381,2145600,2730407,2977308,103490.2032,112560.2947,124180.3611,127752.3579,123184.0319,2.41738239910142E8,2.57748542882055E8,2.82671652633523E8,2.91429330031826E8,2.76140795808395E8,-0.013241849,-0.027740857,-0.007169357,0.010891462,-0.025660791,2339.87,2274.96,2258.65,2283.25,2224.66,2180.77,2162.55,2231.51
2026-05-17T00:00:00,81745.66,80504.47,79313.61,81090,79113.2,78148.05,81788,81324.64,82048.13,81664.45,79227.77,78599.99,79843.59,78754.65,78922,78659,77640,76735.16,12386.25676,14810.05643,19727.86807,17351.27079,12132.86192,1.000180167440677E9,1.1849298428688235E9,1.590656475018797E9,1.387152674368868E9,9.49890656658851E8,2345137,2350570,3101046,3184114,1597661,5716.20385,7161.64182,10750.20775,8333.17845,5776.31138,4.617398400868008E8,5.73129996834195E8,8.672054598346943E8,6.66666033915996E8,4.522581894353481E8,-0.015183438,-0.014792471,0.022396912711450213,-0.024377608,-0.012199733,80504.47,79313.61,81089.99,79113.21,78148.05,1.4777,1.437,1.4272,1.4851,1.434,1.4136,1.4848,1.4693,1.5496,1.5002,1.4396,1.4291,1.4183,1.4112,1.4208,1.4275,1.394,1.3715,1.055540135E8,1.257173671E8,2.032789119E8,1.235512061E8,7.15432779E7,1.5291708475215E8,1.8086254561828E8,3.0164536606319E8,1.8020573161692E8,1.0124799219282E8,606755,614824,1067851,790625,436296,5.16700863E7,6.15299867E7,9.72104061E7,5.99185597E7,3.18969222E7,7.488187698958E7,8.857453354953E7,1.4422125085261E8,8.742728527591E7,4.515598635751E7,-0.02747699,-0.006750174,0.040566104,-0.034473472,-0.014225941,1.437,1.4273,1.4852,1.434,1.4136,97.37,94.28,91.17,92.16,89.23,86.53,97.68,95.99,93.68,92.66,89.44,87.29,93.55,90.27,89.82,88.55,85.52,83.5,2810037.359,3192571.802,2709125.808,2675843.631,1963021.594,2.67797491336E8,2.9668414290225E8,2.487594544034E8,2.4200043550568E8,1.7116695542498E8,755594,846316,747394,692037,478209,1361994.023,1571829.141,1306187.892,1306859.075,928917.876,1.2983381953637E8,1.4619984257876E8,1.2002042433318E8,1.1813415317765E8,8.098699731282E7,-0.031734621,-0.032986848,0.01074915,-0.031578947,-0.030255491,94.28,91.17,92.15,89.24,86.54,58.51,58.11,57,58.2,57.5,56.14,58.68,58.97,59.56,58.52,57.71,56.52,57.05,56.28,56.63,56.39,55.57,53.72,304201.854,350780.772,352324.525,315362.807,218120.284,1.759773327429E7,2.020064649471E7,2.046931005944E7,1.815167628192E7,1.231141610177E7,163282,157947,162318,182630,123080,142986.328,168416.046,176756.433,140511.633,103450.494,8272260.564,9704794.095,1.027649642224E7,8090349.093,5843031.196,-0.00683527,-0.019098417,0.021048939,-0.012197217,-0.023652174,58.12,57.01,58.21,57.5,56.14,2339.88,2274.97,2258.66,2283.26,2224.65,2180.77,2340.85,2323.36,2319.33,2300.29,2231.51,2198.14,2256.27,2234.13,2238.64,2205.11,2162.55,2091.48,252981.1082,258455.7299,256680.8359,288536.5507,199288.5761,5.79204959797464E8,5.87994702421878E8,5.8536870859742E8,6.47433872912318E8,4.35687947067346E8,2520381,2145600,2730407,2977308,1541883,112560.2947,124180.3611,127752.3579,123184.0319,91742.2991,2.57748542882055E8,2.82671652633523E8,2.91429330031826E8,2.76140795808395E8,2.0061758605155E8,-0.027740857,-0.007169357,0.010891462,-0.025660791,-0.019728857,2274.96,2258.65,2283.25,2224.66,2180.77,2131,2091.48,2198.14
2026-05-18T00:00:00,80504.47,79313.61,81090,79113.2,78148.05,77457.67,81324.64,82048.13,81664.45,79227.77,78599.99,77800,78754.65,78922,78659,77640,76735.16,76051,14810.05643,19727.86807,17351.27079,12132.86192,8442.7022,1.1849298428688235E9,1.590656475018797E9,1.387152674368868E9,9.49890656658851E8,6.58061481644852E8,2350570,3101046,3184114,1597661,1570433,7161.64182,10750.20775,8333.17845,5776.31138,3897.8677,5.73129996834195E8,8.672054598346943E8,6.66666033915996E8,4.522581894353481E8,3.03858886908721E8,-0.014792471,0.022396912711450213,-0.024377608,-0.012199733,-0.008834258,79313.61,81089.99,79113.21,78148.05,77457.67,1.437,1.4272,1.4851,1.434,1.4136,1.4017,1.4693,1.5496,1.5002,1.4396,1.4291,1.4027,1.4112,1.4208,1.4275,1.394,1.3715,1.3638,1.257173671E8,2.032789119E8,1.235512061E8,7.15432779E7,6.79755862E7,1.8086254561828E8,3.0164536606319E8,1.8020573161692E8,1.0124799219282E8,9.580065706201E7,614824,1067851,790625,436296,440935,6.15299867E7,9.72104061E7,5.99185597E7,3.18969222E7,3.20903714E7,8.857453354953E7,1.4422125085261E8,8.742728527591E7,4.515598635751E7,4.524263952423E7,-0.006750174,0.040566104,-0.034473472,-0.014225941,-0.008488964,1.4273,1.4852,1.434,1.4136,1.4016,94.28,91.17,92.16,89.23,86.53,85.23,95.99,93.68,92.66,89.44,87.29,85.8,90.27,89.82,88.55,85.52,83.5,83.5,3192571.802,2709125.808,2675843.631,1963021.594,1914165.244,2.9668414290225E8,2.487594544034E8,2.4200043550568E8,1.7116695542498E8,1.6471378840151E8,846316,747394,692037,478209,480098,1571829.141,1306187.892,1306859.075,928917.876,926315.189,1.4619984257876E8,1.2002042433318E8,1.1813415317765E8,8.098699731282E7,7.978307926059E7,-0.032986848,0.01074915,-0.031578947,-0.030255491,-0.015021955,91.17,92.15,89.24,86.54,85.24,58.11,57,58.2,57.5,56.14,54.56,58.97,59.56,58.52,57.71,56.52,54.58,56.28,56.63,56.39,55.57,53.72,53.16,350780.772,352324.525,315362.807,218120.284,274079.963,2.020064649471E7,2.046931005944E7,1.815167628192E7,1.231141610177E7,1.520299012346E7,157947,162318,182630,123080,129779,168416.046,176756.433,140511.633,103450.494,135154.76,9704794.095,1.027649642224E7,8090349.093,5843031.196,7495142.051,-0.019098417,0.021048939,-0.012197217,-0.023652174,-0.0279658,57.01,58.21,57.5,56.14,54.57,2274.97,2258.66,2283.26,2224.65,2180.77,2131,2323.36,2319.33,2300.29,2231.51,2198.14,2157.24,2234.13,2238.64,2205.11,2162.55,2091.48,2077.23,258455.7299,256680.8359,288536.5507,199288.5761,175116.8149,5.87994702421878E8,5.8536870859742E8,6.47433872912318E8,4.35687947067346E8,3.78577487527797E8,2145600,2730407,2977308,1541883,1638605,124180.3611,127752.3579,123184.0319,91742.2991,83798.741,2.82671652633523E8,2.91429330031826E8,2.76140795808395E8,2.0061758605155E8,1.81236111536705E8,-0.007169357,0.010891462,-0.025660791,-0.019728857,-0.022822214,2258.65,2283.25,2224.66,2180.77,2131,2130.08,2077.23,2157.24
2026-05-19T00:00:00,79313.61,81090,79113.2,78148.05,77457.67,77001.88,82048.13,81664.45,79227.77,78599.99,77800,77414.62,78922,78659,77640,76735.16,76051,76144.71,19727.86807,17351.27079,12132.86192,8442.7022,18745.51678,1.590656475018797E9,1.387152674368868E9,9.49890656658851E8,6.58061481644852E8,1.439862031891971E9,3101046,3184114,1597661,1570433,3529328,10750.20775,8333.17845,5776.31138,3897.8677,8916.45791,8.672054598346943E8,6.66666033915996E8,4.522581894353481E8,3.03858886908721E8,6.849989883253162E8,0.022396912711450213,-0.024377608,-0.012199733,-0.008834258,-0.005884504,81089.99,79113.21,78148.05,77457.67,77001.87,1.4272,1.4851,1.434,1.4136,1.4017,1.3901,1.5496,1.5002,1.4396,1.4291,1.4027,1.3977,1.4208,1.4275,1.394,1.3715,1.3638,1.3531,2.032789119E8,1.235512061E8,7.15432779E7,6.79755862E7,1.032972518E8,3.0164536606319E8,1.8020573161692E8,1.0124799219282E8,9.580065706201E7,1.4320532409611E8,1067851,790625,436296,440935,754312,9.72104061E7,5.99185597E7,3.18969222E7,3.20903714E7,5.10713057E7,1.4422125085261E8,8.742728527591E7,4.515598635751E7,4.524263952423E7,7.081194838307E7,0.040566104,-0.034473472,-0.014225941,-0.008488964,-0.008276256,1.4852,1.434,1.4136,1.4016,1.39,91.17,92.16,89.23,86.53,85.23,85.38,93.68,92.66,89.44,87.29,85.8,85.97,89.82,88.55,85.52,83.5,83.5,83.7,2709125.808,2675843.631,1963021.594,1914165.244,2771861.344,2.487594544034E8,2.4200043550568E8,1.7116695542498E8,1.6471378840151E8,2.3489472011943E8,747394,692037,478209,480098,781366,1306187.892,1306859.075,928917.876,926315.189,1370804.304,1.2002042433318E8,1.1813415317765E8,8.098699731282E7,7.978307926059E7,1.162042047493E8,0.01074915,-0.031578947,-0.030255491,-0.015021955,0.001642421,92.15,89.24,86.54,85.24,85.38,57,58.2,57.5,56.14,54.56,54.38,59.56,58.52,57.71,56.52,54.58,54.59,56.63,56.39,55.57,53.72,53.16,53.5,352324.525,315362.807,218120.284,274079.963,385819.159,2.046931005944E7,1.815167628192E7,1.231141610177E7,1.520299012346E7,2.079708590704E7,162318,182630,123080,129779,192991,176756.433,140511.633,103450.494,135154.76,176500.549,1.027649642224E7,8090349.093,5843031.196,7495142.051,9513161.204,0.021048939,-0.012197217,-0.023652174,-0.0279658,-0.003665017,58.21,57.5,56.14,54.57,54.37,2258.66,2283.26,2224.65,2180.77,2131,2130.08,2319.33,2300.29,2231.51,2198.14,2157.24,2146.95,2238.64,2205.11,2162.55,2091.48,2077.23,2094.47,256680.8359,288536.5507,199288.5761,175116.8149,381878.3932,5.8536870859742E8,6.47433872912318E8,4.35687947067346E8,3.78577487527797E8,8.08389842464257E8,2730407,2977308,1541883,1638605,3981985,127752.3579,123184.0319,91742.2991,83798.741,183892.1637,2.91429330031826E8,2.76140795808395E8,2.0061758605155E8,1.81236111536705E8,3.89344799124016E8,0.010891462,-0.025660791,-0.019728857,-0.022822214,-4.32E-04,2283.25,2224.66,2180.77,2131,2130.08,2111.93,2094.47,2146.95
2026-05-20T00:00:00,81090,79113.2,78148.05,77457.67,77001.88,76834.36,81664.45,79227.77,78599.99,77800,77414.62,77853.04,78659,77640,76735.16,76051,76144.71,76516.74,17351.27079,12132.86192,8442.7022,18745.51678,11024.85978,1.387152674368868E9,9.49890656658851E8,6.58061481644852E8,1.439862031891971E9,8.469043783078035E8,3184114,1597661,1570433,3529328,2315121,8333.17845,5776.31138,3897.8677,8916.45791,5680.77448,6.66666033915996E8,4.522581894353481E8,3.03858886908721E8,6.849989883253162E8,4.364351060620676E8,-0.024377608,-0.012199733,-0.008834258,-0.005884504,-0.002175402,79113.21,78148.05,77457.67,77001.87,76834.36,1.4851,1.434,1.4136,1.4017,1.3901,1.3616,1.5002,1.4396,1.4291,1.4027,1.3977,1.3807,1.4275,1.394,1.3715,1.3638,1.3531,1.3477,1.235512061E8,7.15432779E7,6.79755862E7,1.032972518E8,9.85929235E7,1.8020573161692E8,1.0124799219282E8,9.580065706201E7,1.4320532409611E8,1.3524353801752E8,790625,436296,440935,754312,490844,5.99185597E7,3.18969222E7,3.20903714E7,5.10713057E7,4.03100719E7,8.742728527591E7,4.515598635751E7,4.524263952423E7,7.081194838307E7,5.537694846753E7,-0.034473472,-0.014225941,-0.008488964,-0.008276256,-0.020431655,1.434,1.4136,1.4016,1.39,1.3616,92.16,89.23,86.53,85.23,85.38,84.3,92.66,89.44,87.29,85.8,85.97,87.09,88.55,85.52,83.5,83.5,83.7,83.85,2675843.631,1963021.594,1914165.244,2771861.344,1662986.216,2.4200043550568E8,1.7116695542498E8,1.6471378840151E8,2.3489472011943E8,1.409689740037E8,692037,478209,480098,781366,488954,1306859.075,928917.876,926315.189,1370804.304,828894.601,1.1813415317765E8,8.098699731282E7,7.978307926059E7,1.162042047493E8,7.027750303723E7,-0.031578947,-0.030255491,-0.015021955,0.001642421,-0.012766456,89.24,86.54,85.24,85.38,84.29,58.2,57.5,56.14,54.56,54.38,54.51,58.52,57.71,56.52,54.58,54.59,54.56,56.39,55.57,53.72,53.16,53.5,53.29,315362.807,218120.284,274079.963,385819.159,239681.253,1.815167628192E7,1.231141610177E7,1.520299012346E7,2.079708590704E7,1.298409663841E7,182630,123080,129779,192991,112667,140511.633,103450.494,135154.76,176500.549,116053.368,8090349.093,5843031.196,7495142.051,9513161.204,6288992.402,-0.012197217,-0.023652174,-0.0279658,-0.003665017,0.002391024,57.5,56.14,54.57,54.37,54.5,2283.26,2224.65,2180.77,2131,2130.08,2111.93,2300.29,2231.51,2198.14,2157.24,2146.95,2149,2205.11,2162.55,2091.48,2077.23,2094.47,2103.29,288536.5507,199288.5761,175116.8149,381878.3932,186945.075,6.47433872912318E8,4.35687947067346E8,3.78577487527797E8,8.08389842464257E8,3.96338335855304E8,2977308,1541883,1638605,3981985,2356965,123184.0319,91742.2991,83798.741,183892.1637,86073.6731,2.76140795808395E8,2.0061758605155E8,1.81236111536705E8,3.89344799124016E8,1.8258095416811E8,-0.025660791,-0.019728857,-0.022822214,-4.32E-04,-0.008520807,2224.66,2180.77,2131,2130.08,2111.93,2129.44,2103.29,2149
2026-05-21T00:00:00,79113.2,78148.05,77457.67,77001.88,76834.36,77552.24,79227.77,78599.99,77800,77414.62,77853.04,78200,77640,76735.16,76051,76144.71,76516.74,76719.47,12132.86192,8442.7022,18745.51678,11024.85978,11296.26307,9.49890656658851E8,6.58061481644852E8,1.439862031891971E9,8.469043783078035E8,8.730912714716351E8,1597661,1570433,3529328,2315121,2437754,5776.31138,3897.8677,8916.45791,5680.77448,5606.16242,4.522581894353481E8,3.03858886908721E8,6.849989883253162E8,4.364351060620676E8,4.334020002313096E8,-0.012199733,-0.008834258,-0.005884504,-0.002175402,0.009343086,78148.05,77457.67,77001.87,76834.36,77552.23,1.434,1.4136,1.4017,1.3901,1.3616,1.3672,1.4396,1.4291,1.4027,1.3977,1.3807,1.3862,1.394,1.3715,1.3638,1.3531,1.3477,1.3512,7.15432779E7,6.79755862E7,1.032972518E8,9.85929235E7,6.89094147E7,1.0124799219282E8,9.580065706201E7,1.4320532409611E8,1.3524353801752E8,9.420711544787E7,436296,440935,754312,490844,441630,3.18969222E7,3.20903714E7,5.10713057E7,4.03100719E7,3.52569915E7,4.515598635751E7,4.524263952423E7,7.081194838307E7,5.537694846753E7,4.820650035451E7,-0.014225941,-0.008488964,-0.008276256,-0.020431655,0.004112808,1.4136,1.4016,1.39,1.3616,1.3672,89.23,86.53,85.23,85.38,84.3,86.17,89.44,87.29,85.8,85.97,87.09,88,85.52,83.5,83.5,83.7,83.85,85.32,1963021.594,1914165.244,2771861.344,1662986.216,2365152.438,1.7116695542498E8,1.6471378840151E8,2.3489472011943E8,1.409689740037E8,2.0235207507971E8,478209,480098,781366,488954,584791,928917.876,926315.189,1370804.304,828894.601,1201658.084,8.098699731282E7,7.978307926059E7,1.162042047493E8,7.027750303723E7,1.0284533836857E8,-0.030255491,-0.015021955,0.001642421,-0.012766456,0.022303950646577236,86.54,85.24,85.38,84.29,86.17,57.5,56.14,54.56,54.38,54.51,53.96,57.71,56.52,54.58,54.59,54.56,54.7,55.57,53.72,53.16,53.5,53.29,53.3,218120.284,274079.963,385819.159,239681.253,295176.434,1.231141610177E7,1.520299012346E7,2.079708590704E7,1.298409663841E7,1.596427481833E7,123080,129779,192991,112667,141187,103450.494,135154.76,176500.549,116053.368,141375.723,5843031.196,7495142.051,9513161.204,6288992.402,7648111.795,-0.023652174,-0.0279658,-0.003665017,0.002391024,-0.009908257,56.14,54.57,54.37,54.5,53.96,2224.65,2180.77,2131,2130.08,2111.93,2129.44,2231.51,2198.14,2157.24,2146.95,2149,2157.5,2162.55,2091.48,2077.23,2094.47,2103.29,2105.15,199288.5761,175116.8149,381878.3932,186945.075,189088.294,4.35687947067346E8,3.78577487527797E8,8.08389842464257E8,3.96338335855304E8,4.02576774240436E8,1541883,1638605,3981985,2356965,2256505,91742.2991,83798.741,183892.1637,86073.6731,93912.9824,2.0061758605155E8,1.81236111536705E8,3.89344799124016E8,1.8258095416811E8,1.99953325021528E8,-0.019728857,-0.022822214,-4.32E-04,-0.008520807,0.008290994,2180.77,2131,2130.08,2111.93,2129.44,2133.76,2105.15,2157.5
2026-05-22T00:00:00,78148.05,77457.67,77001.88,76834.36,77552.24,77615.52,78599.99,77800,77414.62,77853.04,78200,77900,76735.16,76051,76144.71,76516.74,76719.47,75359.18,8442.7022,18745.51678,11024.85978,11296.26307,11318.25841,6.58061481644852E8,1.439862031891971E9,8.469043783078035E8,8.730912714716351E8,8.781686972277492E8,1570433,3529328,2315121,2437754,2473146,3897.8677,8916.45791,5680.77448,5606.16242,5765.00854,3.03858886908721E8,6.849989883253162E8,4.364351060620676E8,4.334020002313096E8,4.472907451412532E8,-0.008834258,-0.005884504,-0.002175402,0.009343086,8.160951657999796E-4,77457.67,77001.87,76834.36,77552.23,77615.52,1.4136,1.4017,1.3901,1.3616,1.3672,1.3739,1.4291,1.4027,1.3977,1.3807,1.3862,1.376,1.3715,1.3638,1.3531,1.3477,1.3512,1.33,6.79755862E7,1.032972518E8,9.85929235E7,6.89094147E7,7.79207475E7,9.580065706201E7,1.4320532409611E8,1.3524353801752E8,9.420711544787E7,1.0694714455662E8,440935,754312,490844,441630,462981,3.20903714E7,5.10713057E7,4.03100719E7,3.52569915E7,3.80627497E7,4.524263952423E7,7.081194838307E7,5.537694846753E7,4.820650035451E7,5.22430370632E7,-0.008488964,-0.008276256,-0.020431655,0.004112808,0.004900527,1.4016,1.39,1.3616,1.3672,1.3739,86.53,85.23,85.38,84.3,86.17,87.35,87.29,85.8,85.97,87.09,88,87.85,83.5,83.5,83.7,83.85,85.32,84,1914165.244,2771861.344,1662986.216,2365152.438,2654321.9,1.6471378840151E8,2.3489472011943E8,1.409689740037E8,2.0235207507971E8,2.3019772751692E8,480098,781366,488954,584791,565249,926315.189,1370804.304,828894.601,1201658.084,1428670.997,7.978307926059E7,1.162042047493E8,7.027750303723E7,1.0284533836857E8,1.239079372591E8,-0.015021955,0.001642421,-0.012766456,0.022303950646577236,0.013809910641754644,85.24,85.38,84.29,86.17,87.36,56.14,54.56,54.38,54.51,53.96,54.18,56.52,54.58,54.59,54.56,54.7,54.58,53.72,53.16,53.5,53.29,53.3,52.26,274079.963,385819.159,239681.253,295176.434,307246.246,1.520299012346E7,2.079708590704E7,1.298409663841E7,1.596427481833E7,1.658745056221E7,129779,192991,112667,141187,148158,135154.76,176500.549,116053.368,141375.723,150878.73,7495142.051,9513161.204,6288992.402,7648111.795,8144873.92,-0.0279658,-0.003665017,0.002391024,-0.009908257,0.004077094,54.57,54.37,54.5,53.96,54.18,2180.77,2131,2130.08,2111.93,2129.44,2133.77,2198.14,2157.24,2146.95,2149,2157.5,2141.39,2091.48,2077.23,2094.47,2103.29,2105.15,2057.79,175116.8149,381878.3932,186945.075,189088.294,232889.1117,3.78577487527797E8,8.08389842464257E8,3.96338335855304E8,4.02576774240436E8,4.96323964944403E8,1638605,3981985,2356965,2256505,2526150,83798.741,183892.1637,86073.6731,93912.9824,118956.068,1.81236111536705E8,3.89344799124016E8,1.8258095416811E8,1.99953325021528E8,2.53517525206181E8,-0.022822214,-4.32E-04,-0.008520807,0.008290994,0.002028702,2131,2130.08,2111.93,2129.44,2133.76,2065.85,2057.79,2141.39
2026-05-23T00:00:00,77457.67,77001.88,76834.36,77552.24,77615.52,75539.5,77800,77414.62,77853.04,78200,77900,77404.18,76051,76144.71,76516.74,76719.47,75359.18,74289.6,18745.51678,11024.85978,11296.26307,11318.25841,11272.36134,1.439862031891971E9,8.469043783078035E8,8.730912714716351E8,8.781686972277492E8,8.662004609104595E8,3529328,2315121,2437754,2473146,2370783,8916.45791,5680.77448,5606.16242,5765.00854,5204.99076,6.849989883253162E8,4.364351060620676E8,4.334020002313096E8,4.472907451412532E8,4.003746546094489E8,-0.005884504,-0.002175402,0.009343086,8.160951657999796E-4,-0.026747486,77001.87,76834.36,77552.23,77615.52,75539.5,1.4017,1.3901,1.3616,1.3672,1.3739,1.3346,1.4027,1.3977,1.3807,1.3862,1.376,1.3762,1.3638,1.3531,1.3477,1.3512,1.33,1.3019,1.032972518E8,9.85929235E7,6.89094147E7,7.79207475E7,9.18473022E7,1.4320532409611E8,1.3524353801752E8,9.420711544787E7,1.0694714455662E8,1.2454092944406E8,754312,490844,441630,462981,528380,5.10713057E7,4.03100719E7,3.52569915E7,3.80627497E7,4.75108117E7,7.081194838307E7,5.537694846753E7,4.820650035451E7,5.22430370632E7,6.445712303261E7,-0.008276256,-0.020431655,0.004112808,0.004900527,-0.028677487,1.39,1.3616,1.3672,1.3739,1.3345,85.23,85.38,84.3,86.17,87.35,84.4,85.8,85.97,87.09,88,87.85,87.5,83.5,83.7,83.85,85.32,84,81.5,2771861.344,1662986.216,2365152.438,2654321.9,2208484.663,2.3489472011943E8,1.409689740037E8,2.0235207507971E8,2.3019772751692E8,1.9046539724417E8,781366,488954,584791,565249,540819,1370804.304,828894.601,1201658.084,1428670.997,1043204.207,1.162042047493E8,7.027750303723E7,1.0284533836857E8,1.239079372591E8,8.999865069622E7,0.001642421,-0.012766456,0.022303950646577236,0.013809910641754644,-0.033882784,85.38,84.29,86.17,87.36,84.4,54.56,54.38,54.51,53.96,54.18,52.65,54.58,54.59,54.56,54.7,54.58,54.24,53.16,53.5,53.29,53.3,52.26,51.47,385819.159,239681.253,295176.434,307246.246,346990.759,2.079708590704E7,1.298409663841E7,1.596427481833E7,1.658745056221E7,1.867113385716E7,192991,112667,141187,148158,179452,176500.549,116053.368,141375.723,150878.73,162581.14,9513161.204,6288992.402,7648111.795,8144873.92,8748217.696,-0.003665017,0.002391024,-0.009908257,0.004077094,-0.028239203,54.37,54.5,53.96,54.18,52.65,2131,2130.08,2111.93,2129.44,2133.77,2065.86,2157.24,2146.95,2149,2157.5,2141.39,2149.95,2077.23,2094.47,2103.29,2105.15,2057.79,2009.3,381878.3932,186945.075,189088.294,232889.1117,221783.2548,8.08389842464257E8,3.96338335855304E8,4.02576774240436E8,4.96323964944403E8,4.6701725254059E8,3981985,2356965,2256505,2526150,2344218,183892.1637,86073.6731,93912.9824,118956.068,109989.3764,3.89344799124016E8,1.8258095416811E8,1.99953325021528E8,2.53517525206181E8,2.31748468554101E8,-4.32E-04,-0.008520807,0.008290994,0.002028702,-0.031826447,2130.08,2111.93,2129.44,2133.76,2065.85,2117.68,2009.3,2149.95
2026-05-24T00:00:00,77001.88,76834.36,77552.24,77615.52,75539.5,76752,77414.62,77853.04,78200,77900,77404.18,77543.15,76144.71,76516.74,76719.47,75359.18,74289.6,76108,11024.85978,11296.26307,11318.25841,11272.36134,15086.88814,8.469043783078035E8,8.730912714716351E8,8.781686972277492E8,8.662004609104595E8,1.138996605773816E9,2315121,2437754,2473146,2370783,2103536,5680.77448,5606.16242,5765.00854,5204.99076,7738.58719,4.364351060620676E8,4.334020002313096E8,4.472907451412532E8,4.003746546094489E8,5.844068716902983E8,-0.002175402,0.009343086,8.160951657999796E-4,-0.026747486,0.016051337,76834.36,77552.23,77615.52,75539.5,76752.01,1.3901,1.3616,1.3672,1.3739,1.3346,1.3584,1.3977,1.3807,1.3862,1.376,1.3762,1.371,1.3531,1.3477,1.3512,1.33,1.3019,1.3326,9.85929235E7,6.89094147E7,7.79207475E7,9.18473022E7,1.029602905E8,1.3524353801752E8,9.420711544787E7,1.0694714455662E8,1.2454092944406E8,1.3728660951775E8,490844,441630,462981,528380,475661,4.03100719E7,3.52569915E7,3.80627497E7,4.75108117E7,5.11365715E7,5.537694846753E7,4.820650035451E7,5.22430370632E7,6.445712303261E7,6.823301989022E7,-0.020431655,0.004112808,0.004900527,-0.028677487,0.017834395,1.3616,1.3672,1.3739,1.3345,1.3583,85.38,84.3,86.17,87.35,84.4,85.76,85.97,87.09,88,87.85,87.5,87,83.7,83.85,85.32,84,81.5,83.7,1662986.216,2365152.438,2654321.9,2208484.663,2973101.711,1.409689740037E8,2.0235207507971E8,2.3019772751692E8,1.9046539724417E8,2.5018965593753E8,488954,584791,565249,540819,602178,828894.601,1201658.084,1428670.997,1043204.207,1505552.334,7.027750303723E7,1.0284533836857E8,1.239079372591E8,8.999865069622E7,1.2679236389496E8,-0.012766456,0.022303950646577236,0.013809910641754644,-0.033882784,0.015995261,84.29,86.17,87.36,84.4,85.75,54.38,54.51,53.96,54.18,52.65,53.49,54.59,54.56,54.7,54.58,54.24,53.68,53.5,53.29,53.3,52.26,51.47,51.97,239681.253,295176.434,307246.246,346990.759,280632.087,1.298409663841E7,1.596427481833E7,1.658745056221E7,1.867113385716E7,1.479454521899E7,112667,141187,148158,179452,154705,116053.368,141375.723,150878.73,162581.14,141899.086,6288992.402,7648111.795,8144873.92,8748217.696,7485531.347,0.002391024,-0.009908257,0.004077094,-0.028239203,0.015954415954416018,54.5,53.96,54.18,52.65,53.49,2130.08,2111.93,2129.44,2133.77,2065.86,2117.69,2146.95,2149,2157.5,2141.39,2149.95,2132.14,2094.47,2103.29,2105.15,2057.79,2009.3,2063,186945.075,189088.294,232889.1117,221783.2548,350546.2289,3.96338335855304E8,4.02576774240436E8,4.96323964944403E8,4.6701725254059E8,7.26153698577792E8,2356965,2256505,2526150,2344218,2641732,86073.6731,93912.9824,118956.068,109989.3764,186016.0823,1.8258095416811E8,1.99953325021528E8,2.53517525206181E8,2.31748468554101E8,3.85175449162648E8,-0.008520807,0.008290994,0.002028702,-0.031826447,0.025088946,2111.93,2129.44,2133.76,2065.85,2117.68,2099.85,2063,2132.14
2026-05-25T00:00:00,76834.36,77552.24,77615.52,75539.5,76752,77064.96,77853.04,78200,77900,77404.18,77543.15,77905.52,76516.74,76719.47,75359.18,74289.6,76108,76914.25,11296.26307,11318.25841,11272.36134,15086.88814,8398.00156,8.730912714716351E8,8.781686972277492E8,8.662004609104595E8,1.138996605773816E9,6.44925517611316E8,2437754,2473146,2370783,2103536,1612969,5606.16242,5765.00854,5204.99076,7738.58719,4513.13276,4.334020002313096E8,4.472907451412532E8,4.003746546094489E8,5.844068716902983E8,3.466280822881941E8,0.009343086,8.160951657999796E-4,-0.026747486,0.016051337,0.004077418,77552.23,77615.52,75539.5,76752.01,77064.96,1.3616,1.3672,1.3739,1.3346,1.3584,1.351,1.3807,1.3862,1.376,1.3762,1.371,1.3657,1.3477,1.3512,1.33,1.3019,1.3326,1.3435,6.89094147E7,7.79207475E7,9.18473022E7,1.029602905E8,5.2635116E7,9.420711544787E7,1.0694714455662E8,1.2454092944406E8,1.3728660951775E8,7.139933245425E7,441630,462981,528380,475661,302213,3.52569915E7,3.80627497E7,4.75108117E7,5.11365715E7,2.36430653E7,4.820650035451E7,5.22430370632E7,6.445712303261E7,6.823301989022E7,3.207379022934E7,0.004112808,0.004900527,-0.028677487,0.017834395,-0.005374365,1.3672,1.3739,1.3345,1.3583,1.351,84.3,86.17,87.35,84.4,85.76,85.27,87.09,88,87.85,87.5,87,86.52,83.85,85.32,84,81.5,83.7,84.71,2365152.438,2654321.9,2208484.663,2973101.711,2086657.403,2.0235207507971E8,2.3019772751692E8,1.9046539724417E8,2.5018965593753E8,1.7854617916054E8,584791,565249,540819,602178,442697,1201658.084,1428670.997,1043204.207,1505552.334,1063657.611,1.0284533836857E8,1.239079372591E8,8.999865069622E7,1.2679236389496E8,9.105665226626E7,0.022303950646577236,0.013809910641754644,-0.033882784,0.015995261,-0.005597668,86.17,87.36,84.4,85.75,85.27,54.51,53.96,54.18,52.65,53.49,52.75,54.56,54.7,54.58,54.24,53.68,53.2,53.29,53.3,52.26,51.47,51.97,52.45,295176.434,307246.246,346990.759,280632.087,197832.355,1.596427481833E7,1.658745056221E7,1.867113385716E7,1.479454521899E7,1.04947076665E7,141187,148158,179452,154705,103247,141375.723,150878.73,162581.14,141899.086,95638.453,7648111.795,8144873.92,8748217.696,7485531.347,5074762.945,-0.009908257,0.004077094,-0.028239203,0.015954415954416018,-0.013647411,53.96,54.18,52.65,53.49,52.76,2111.93,2129.44,2133.77,2065.86,2117.69,2099.86,2149,2157.5,2141.39,2149.95,2132.14,2141.98,2103.29,2105.15,2057.79,2009.3,2063,2092.26,189088.294,232889.1117,221783.2548,350546.2289,197748.7605,4.02576774240436E8,4.96323964944403E8,4.6701725254059E8,7.26153698577792E8,4.16532783725252E8,2256505,2526150,2344218,2641732,1928016,93912.9824,118956.068,109989.3764,186016.0823,95960.6284,1.99953325021528E8,2.53517525206181E8,2.31748468554101E8,3.85175449162648E8,2.02225441429743E8,0.008290994,0.002028702,-0.031826447,0.025088946,-0.008419591,2129.44,2133.76,2065.85,2117.68,2099.85,2113.01,2092.26,2141.98
2026-05-26T00:00:00,77552.24,77615.52,75539.5,76752,77064.96,77322.01,78200,77900,77404.18,77543.15,77905.52,78080,76719.47,75359.18,74289.6,76108,76914.25,75677.97,11318.25841,11272.36134,15086.88814,8398.00156,7672.32197,8.781686972277492E8,8.662004609104595E8,1.138996605773816E9,6.44925517611316E8,5.938680049975973E8,2473146,2370783,2103536,1612969,1778509,5765.00854,5204.99076,7738.58719,4513.13276,3644.38154,4.472907451412532E8,4.003746546094489E8,5.844068716902983E8,3.466280822881941E8,2.821262957074095E8,8.160951657999796E-4,-0.026747486,0.016051337,0.004077418,0.003335498,77615.52,75539.5,76752.01,77064.96,77322.01,1.3672,1.3739,1.3346,1.3584,1.351,1.3503,1.3862,1.376,1.3762,1.371,1.3657,1.3656,1.3512,1.33,1.3019,1.3326,1.3435,1.3273,7.79207475E7,9.18473022E7,1.029602905E8,5.2635116E7,5.76435668E7,1.0694714455662E8,1.2454092944406E8,1.3728660951775E8,7.139933245425E7,7.819782961387E7,462981,528380,475661,302213,290748,3.80627497E7,4.75108117E7,5.11365715E7,2.36430653E7,2.80397892E7,5.22430370632E7,6.445712303261E7,6.823301989022E7,3.207379022934E7,3.803150366295E7,0.004900527,-0.028677487,0.017834395,-0.005374365,-5.18E-04,1.3739,1.3345,1.3583,1.351,1.3503,86.17,87.35,84.4,85.76,85.27,85.06,88,87.85,87.5,87,86.52,86.13,85.32,84,81.5,83.7,84.71,83.15,2654321.9,2208484.663,2973101.711,2086657.403,1562235.465,2.3019772751692E8,1.9046539724417E8,2.5018965593753E8,1.7854617916054E8,1.3393403893491E8,565249,540819,602178,442697,395894,1428670.997,1043204.207,1505552.334,1063657.611,807290.021,1.239079372591E8,8.999865069622E7,1.2679236389496E8,9.105665226626E7,6.921270165277E7,0.013809910641754644,-0.033882784,0.015995261,-0.005597668,-0.002462765,87.36,84.4,85.75,85.27,85.06,53.96,54.18,52.65,53.49,52.75,52.73,54.7,54.58,54.24,53.68,53.2,53.12,53.3,52.26,51.47,51.97,52.45,51.63,307246.246,346990.759,280632.087,197832.355,240420.443,1.658745056221E7,1.867113385716E7,1.479454521899E7,1.04947076665E7,1.27025424724E7,148158,179452,154705,103247,104038,150878.73,162581.14,141899.086,95638.453,119533.787,8144873.92,8748217.696,7485531.347,5074762.945,6316007.065,0.004077094,-0.028239203,0.015954415954416018,-0.013647411,-5.69E-04,54.18,52.65,53.49,52.76,52.73,2129.44,2133.77,2065.86,2117.69,2099.86,2113.01,2157.5,2141.39,2149.95,2132.14,2141.98,2140.49,2105.15,2057.79,2009.3,2063,2092.26,2055.06,232889.1117,221783.2548,350546.2289,197748.7605,166428.5979,4.96323964944403E8,4.6701725254059E8,7.26153698577792E8,4.16532783725252E8,3.51916867992493E8,2526150,2344218,2641732,1928016,1786621,118956.068,109989.3764,186016.0823,95960.6284,86258.1599,2.53517525206181E8,2.31748468554101E8,3.85175449162648E8,2.02225441429743E8,1.82447684966519E8,0.002028702,-0.031826447,0.025088946,-0.008419591,0.006267114,2133.76,2065.85,2117.68,2099.85,2113.01,2073.77,2055.06,2140.49
2026-05-27T00:00:00,77615.52,75539.5,76752,77064.96,77322.01,75930.01,77900,77404.18,77543.15,77905.52,78080,76174.15,75359.18,74289.6,76108,76914.25,75677.97,74243.99,11272.36134,15086.88814,8398.00156,7672.32197,16953.47629,8.662004609104595E8,1.138996605773816E9,6.44925517611316E8,5.938680049975973E8,1.2996093176975918E9,2370783,2103536,1612969,1778509,3360745,5204.99076,7738.58719,4513.13276,3644.38154,7867.0405,4.003746546094489E8,5.844068716902983E8,3.466280822881941E8,2.821262957074095E8,6.033761448767151E8,-0.026747486,0.016051337,0.004077418,0.003335498,-0.018002636,75539.5,76752.01,77064.96,77322.01,75930.01,1.3739,1.3346,1.3584,1.351,1.3503,1.3293,1.376,1.3762,1.371,1.3657,1.3656,1.3437,1.33,1.3019,1.3326,1.3435,1.3273,1.3033,9.18473022E7,1.029602905E8,5.2635116E7,5.76435668E7,6.73529579E7,1.2454092944406E8,1.3728660951775E8,7.139933245425E7,7.819782961387E7,9.043941805153E7,528380,475661,302213,290748,433078,4.75108117E7,5.11365715E7,2.36430653E7,2.80397892E7,3.32947295E7,6.445712303261E7,6.823301989022E7,3.207379022934E7,3.803150366295E7,4.469699167399E7,-0.028677487,0.017834395,-0.005374365,-5.18E-04,-0.015626157,1.3345,1.3583,1.351,1.3503,1.3292,87.35,84.4,85.76,85.27,85.06,83.73,87.85,87.5,87,86.52,86.13,84.84,84,81.5,83.7,84.71,83.15,82.1,2208484.663,2973101.711,2086657.403,1562235.465,2358777.43,1.9046539724417E8,2.5018965593753E8,1.7854617916054E8,1.3393403893491E8,1.9949484450827E8,540819,602178,442697,395894,578993,1043204.207,1505552.334,1063657.611,807290.021,1189574.779,8.999865069622E7,1.2679236389496E8,9.105665226626E7,6.921270165277E7,1.0064428903931E8,-0.033882784,0.015995261,-0.005597668,-0.002462765,-0.015753586,84.4,85.75,85.27,85.06,83.72,54.18,52.65,53.49,52.75,52.73,51.92,54.58,54.24,53.68,53.2,53.12,52.88,52.26,51.47,51.97,52.45,51.63,51.67,346990.759,280632.087,197832.355,240420.443,232422.522,1.867113385716E7,1.479454521899E7,1.04947076665E7,1.27025424724E7,1.216970316055E7,179452,154705,103247,104038,129051,162581.14,141899.086,95638.453,119533.787,109540.659,8748217.696,7485531.347,5074762.945,6316007.065,5736619.194,-0.028239203,0.015954415954416018,-0.013647411,-5.69E-04,-0.015361274,52.65,53.49,52.76,52.73,51.92,2133.77,2065.86,2117.69,2099.86,2113.01,2073.77,2141.39,2149.95,2132.14,2141.98,2140.49,2097.4,2057.79,2009.3,2063,2092.26,2055.06,2016,221783.2548,350546.2289,197748.7605,166428.5979,282553.3096,4.6701725254059E8,7.26153698577792E8,4.16532783725252E8,3.51916867992493E8,5.92778366390053E8,2344218,2641732,1928016,1786621,2963706,109989.3764,186016.0823,95960.6284,86258.1599,125284.8456,2.31748468554101E8,3.85175449162648E8,2.02225441429743E8,1.82447684966519E8,2.62909030362168E8,-0.031826447,0.025088946,-0.008419591,0.006267114,-0.018570665,2065.85,2117.68,2099.85,2113.01,2073.77,2024.84,2016,2097.4
2026-05-28T00:00:00,75539.5,76752,77064.96,77322.01,75930.01,74449.31,77404.18,77543.15,77905.52,78080,76174.15,74590.77,74289.6,76108,76914.25,75677.97,74243.99,72582.82,15086.88814,8398.00156,7672.32197,16953.47629,16877.77483,1.138996605773816E9,6.44925517611316E8,5.938680049975973E8,1.2996093176975918E9,1.2706802629088242E9,2103536,1612969,1778509,3360745,3367068,7738.58719,4513.13276,3644.38154,7867.0405,7990.81792,5.844068716902983E8,3.466280822881941E8,2.821262957074095E8,6.033761448767151E8,6.018808553520991E8,0.016051337,0.004077418,0.003335498,-0.018002636,-0.019500985,76752.01,77064.96,77322.01,75930.01,74449.3,1.3346,1.3584,1.351,1.3503,1.3293,1.3076,1.3762,1.371,1.3657,1.3656,1.3437,1.3385,1.3019,1.3326,1.3435,1.3273,1.3033,1.2677,1.029602905E8,5.2635116E7,5.76435668E7,6.73529579E7,7.77443691E7,1.3728660951775E8,7.139933245425E7,7.819782961387E7,9.043941805153E7,1.0315801226367E8,475661,302213,290748,433078,502662,5.11365715E7,2.36430653E7,2.80397892E7,3.32947295E7,3.53720793E7,6.823301989022E7,3.207379022934E7,3.803150366295E7,4.469699167399E7,4.693566116381E7,0.017834395,-0.005374365,-5.18E-04,-0.015626157,-0.016250376,1.3583,1.351,1.3503,1.3292,1.3076,84.4,85.76,85.27,85.06,83.73,82.43,87.5,87,86.52,86.13,84.84,83.01,81.5,83.7,84.71,83.15,82.1,80,2973101.711,2086657.403,1562235.465,2358777.43,2119456.363,2.5018965593753E8,1.7854617916054E8,1.3393403893491E8,1.9949484450827E8,1.7738168948777E8,602178,442697,395894,578993,691460,1505552.334,1063657.611,807290.021,1189574.779,1076867.315,1.2679236389496E8,9.105665226626E7,6.921270165277E7,1.0064428903931E8,9.020457686956E7,0.015995261,-0.005597668,-0.002462765,-0.015753586,-0.015289059,85.75,85.27,85.06,83.72,82.44,52.65,53.49,52.75,52.73,51.92,51.96,54.24,53.68,53.2,53.12,52.88,52.14,51.47,51.97,52.45,51.63,51.67,50.33,280632.087,197832.355,240420.443,232422.522,248461.8,1.479454521899E7,1.04947076665E7,1.27025424724E7,1.216970316055E7,1.298646265388E7,154705,103247,104038,129051,130303,141899.086,95638.453,119533.787,109540.659,125364.271,7485531.347,5074762.945,6316007.065,5736619.194,6555006.952,0.015954415954416018,-0.013647411,-5.69E-04,-0.015361274,9.630200308165862E-4,53.49,52.76,52.73,51.92,51.97,2065.86,2117.69,2099.86,2113.01,2073.77,2024.83,2149.95,2132.14,2141.98,2140.49,2097.4,2030,2009.3,2063,2092.26,2055.06,2016,1967,350546.2289,197748.7605,166428.5979,282553.3096,267963.1573,7.26153698577792E8,4.16532783725252E8,3.51916867992493E8,5.92778366390053E8,5.52204762418584E8,2641732,1928016,1786621,2963706,3056962,186016.0823,95960.6284,86258.1599,125284.8456,121588.1389,3.85175449162648E8,2.02225441429743E8,1.82447684966519E8,2.62909030362168E8,2.50702118805693E8,0.025088946,-0.008419591,0.006267114,-0.018570665,-0.023594709,2117.68,2099.85,2113.01,2073.77,2024.84,2009.9,1967,2030
2026-05-29T00:00:00,76752,77064.96,77322.01,75930.01,74449.31,73617.52,77543.15,77905.52,78080,76174.15,74590.77,74514.1,76108,76914.25,75677.97,74243.99,72582.82,72512.49,8398.00156,7672.32197,16953.47629,16877.77483,21274.02026,6.44925517611316E8,5.938680049975973E8,1.2996093176975918E9,1.2706802629088242E9,1.5608085255072746E9,1612969,1778509,3360745,3367068,3799713,4513.13276,3644.38154,7867.0405,7990.81792,11285.37807,3.466280822881941E8,2.821262957074095E8,6.033761448767151E8,6.018808553520991E8,8.280705420512332E8,0.004077418,0.003335498,-0.018002636,-0.019500985,-0.01117257,77064.96,77322.01,75930.01,74449.3,73617.51,1.3584,1.351,1.3503,1.3293,1.3076,1.3156,1.371,1.3657,1.3656,1.3437,1.3385,1.3339,1.3326,1.3435,1.3273,1.3033,1.2677,1.2947,5.2635116E7,5.76435668E7,6.73529579E7,7.77443691E7,1.150368222E8,7.139933245425E7,7.819782961387E7,9.043941805153E7,1.0315801226367E8,1.4942745021787E8,302213,290748,433078,502662,792711,2.36430653E7,2.80397892E7,3.32947295E7,3.53720793E7,5.48134354E7,3.207379022934E7,3.803150366295E7,4.469699167399E7,4.693566116381E7,7.126113413406E7,-0.005374365,-5.18E-04,-0.015626157,-0.016250376,0.006118079,1.351,1.3503,1.3292,1.3076,1.3156,85.76,85.27,85.06,83.73,82.43,82.12,87,86.52,86.13,84.84,83.01,83.24,83.7,84.71,83.15,82.1,80,80.35,2086657.403,1562235.465,2358777.43,2119456.363,2306915.48,1.7854617916054E8,1.3393403893491E8,1.9949484450827E8,1.7738168948777E8,1.8778023565195E8,442697,395894,578993,691460,853185,1063657.611,807290.021,1189574.779,1076867.315,1134240.047,9.105665226626E7,6.921270165277E7,1.0064428903931E8,9.020457686956E7,9.23139171161E7,-0.005597668,-0.002462765,-0.015753586,-0.015289059,-0.004002911,85.27,85.06,83.72,82.44,82.11,53.49,52.75,52.73,51.92,51.96,51.67,53.68,53.2,53.12,52.88,52.14,52.34,51.97,52.45,51.63,51.67,50.33,51.16,197832.355,240420.443,232422.522,248461.8,335369.629,1.04947076665E7,1.27025424724E7,1.216970316055E7,1.298646265388E7,1.71823800777E7,103247,104038,129051,130303,162328,95638.453,119533.787,109540.659,125364.271,163692.728,5074762.945,6316007.065,5736619.194,6555006.952,8391254.851,-0.013647411,-5.69E-04,-0.015361274,9.630200308165862E-4,-0.005772561,52.76,52.73,51.92,51.97,51.67,2117.69,2099.86,2113.01,2073.77,2024.83,2009.89,2132.14,2141.98,2140.49,2097.4,2030,2046.59,2063,2092.26,2055.06,2016,1967,1976.48,197748.7605,166428.5979,282553.3096,267963.1573,363834.9211,4.16532783725252E8,3.51916867992493E8,5.92778366390053E8,5.52204762418584E8,7.2610534782339E8,1928016,1786621,2963706,3056962,3609031,95960.6284,86258.1599,125284.8456,121588.1389,176081.0293,2.02225441429743E8,1.82447684966519E8,2.62909030362168E8,2.50702118805693E8,3.51395809429098E8,-0.008419591,0.006267114,-0.018570665,-0.023594709,-0.007378361,2099.85,2113.01,2073.77,2024.84,2009.9,2014.54,1976.48,2046.59
2026-05-30T00:00:00,77064.96,77322.01,75930.01,74449.31,73617.52,73460.78,77905.52,78080,76174.15,74590.77,74514.1,74143.76,76914.25,75677.97,74243.99,72582.82,72512.49,73216,7672.32197,16953.47629,16877.77483,21274.02026,18686.74141,5.938680049975973E8,1.2996093176975918E9,1.2706802629088242E9,1.5608085255072746E9,1.376106492906427E9,1778509,3360745,3367068,3799713,2897318,3644.38154,7867.0405,7990.81792,11285.37807,10668.37212,2.821262957074095E8,6.033761448767151E8,6.018808553520991E8,8.280705420512332E8,7.86121889890037E8,0.003335498,-0.018002636,-0.019500985,-0.01117257,-0.002128977,77322.01,75930.01,74449.3,73617.51,73460.78,1.351,1.3503,1.3293,1.3076,1.3156,1.33,1.3657,1.3656,1.3437,1.3385,1.3339,1.3661,1.3435,1.3273,1.3033,1.2677,1.2947,1.3281,5.76435668E7,6.73529579E7,7.77443691E7,1.150368222E8,1.001957419E8,7.819782961387E7,9.043941805153E7,1.0315801226367E8,1.4942745021787E8,1.3183173944788E8,290748,433078,502662,792711,539932,2.80397892E7,3.32947295E7,3.53720793E7,5.48134354E7,5.15551744E7,3.803150366295E7,4.469699167399E7,4.693566116381E7,7.126113413406E7,6.783849586645E7,-5.18E-04,-0.015626157,-0.016250376,0.006118079,0.010945576162967442,1.3503,1.3292,1.3076,1.3156,1.33,85.27,85.06,83.73,82.43,82.12,82.04,86.52,86.13,84.84,83.01,83.24,83.17,84.71,83.15,82.1,80,80.35,81.86,1562235.465,2358777.43,2119456.363,2306915.48,2064277.646,1.3393403893491E8,1.9949484450827E8,1.7738168948777E8,1.8778023565195E8,1.6941919571328E8,395894,578993,691460,853185,674991,807290.021,1189574.779,1076867.315,1134240.047,1115487.851,6.921270165277E7,1.0064428903931E8,9.020457686956E7,9.23139171161E7,9.156027095697E7,-0.002462765,-0.015753586,-0.015289059,-0.004002911,-8.53E-04,85.06,83.72,82.44,82.11,82.04,52.75,52.73,51.92,51.96,51.67,51.9,53.2,53.12,52.88,52.14,52.34,52.78,52.45,51.63,51.67,50.33,51.16,51.83,240420.443,232422.522,248461.8,335369.629,239712.267,1.27025424724E7,1.216970316055E7,1.298646265388E7,1.71823800777E7,1.241439132513E7,104038,129051,130303,162328,127074,119533.787,109540.659,125364.271,163692.728,118500.732,6316007.065,5736619.194,6555006.952,8391254.851,6137172.501,-5.69E-04,-0.015361274,9.630200308165862E-4,-0.005772561,0.00425779,52.73,51.92,51.97,51.67,51.89,2099.86,2113.01,2073.77,2024.83,2009.89,2014.54,2141.98,2140.49,2097.4,2030,2046.59,2032,2092.26,2055.06,2016,1967,1976.48,2002,166428.5979,282553.3096,267963.1573,363834.9211,283145.695,3.51916867992493E8,5.92778366390053E8,5.52204762418584E8,7.2610534782339E8,5.70689885848882E8,1786621,2963706,3056962,3609031,2925370,86258.1599,125284.8456,121588.1389,176081.0293,142075.6321,1.82447684966519E8,2.62909030362168E8,2.50702118805693E8,3.51395809429098E8,2.86465186363512E8,0.006267114,-0.018570665,-0.023594709,-0.007378361,0.002308573,2113.01,2073.77,2024.84,2009.9,2014.54,2022.44,2002,2032
2026-05-31T00:00:00,77322.01,75930.01,74449.31,73617.52,73460.78,73884.38,78080,76174.15,74590.77,74514.1,74143.76,74275.66,75677.97,74243.99,72582.82,72512.49,73216,73400,16953.47629,16877.77483,21274.02026,18686.74141,7515.40909,1.2996093176975918E9,1.2706802629088242E9,1.5608085255072746E9,1.376106492906427E9,5.539893861115206E8,3360745,3367068,3799713,2897318,1124406,7867.0405,7990.81792,11285.37807,10668.37212,4118.11087,6.033761448767151E8,6.018808553520991E8,8.280705420512332E8,7.86121889890037E8,3.035920732673063E8,-0.018002636,-0.019500985,-0.01117257,-0.002128977,0.005766342,75930.01,74449.3,73617.51,73460.78,73884.38,1.3503,1.3293,1.3076,1.3156,1.33,1.3409,1.3656,1.3437,1.3385,1.3339,1.3661,1.3484,1.3273,1.3033,1.2677,1.2947,1.3281,1.321,6.73529579E7,7.77443691E7,1.150368222E8,1.001957419E8,8.08979131E7,9.043941805153E7,1.0315801226367E8,1.4942745021787E8,1.3183173944788E8,1.0902111725326E8,433078,502662,792711,539932,445261,3.32947295E7,3.53720793E7,5.48134354E7,5.15551744E7,3.95276338E7,4.469699167399E7,4.693566116381E7,7.126113413406E7,6.783849586645E7,5.326777884041E7,-0.015626157,-0.016250376,0.006118079,0.010945576162967442,0.008120301,1.3292,1.3076,1.3156,1.33,1.3408,85.06,83.73,82.43,82.12,82.04,82.74,86.13,84.84,83.01,83.24,83.17,83.42,83.15,82.1,80,80.35,81.86,81.33,2358777.43,2119456.363,2306915.48,2064277.646,1018490.244,1.9949484450827E8,1.7738168948777E8,1.8778023565195E8,1.6941919571328E8,8.413965669554E7,578993,691460,853185,674991,268631,1189574.779,1076867.315,1134240.047,1115487.851,531962.5,1.0064428903931E8,9.020457686956E7,9.23139171161E7,9.156027095697E7,4.395538128476E7,-0.015753586,-0.015289059,-0.004002911,-8.53E-04,0.008410531,83.72,82.44,82.11,82.04,82.73,52.73,51.92,51.96,51.67,51.9,52.46,53.12,52.88,52.14,52.34,52.78,52.76,51.63,51.67,50.33,51.16,51.83,51.39,232422.522,248461.8,335369.629,239712.267,202049.623,1.216970316055E7,1.298646265388E7,1.71823800777E7,1.241439132513E7,1.05977231916E7,129051,130303,162328,127074,91594,109540.659,125364.271,163692.728,118500.732,112236.588,5736619.194,6555006.952,8391254.851,6137172.501,5885933.723,-0.015361274,9.630200308165862E-4,-0.005772561,0.00425779,0.010792060127192181,51.92,51.97,51.67,51.89,52.45,2113.01,2073.77,2024.83,2009.89,2014.54,2022.44,2140.49,2097.4,2030,2046.59,2032,2038,2055.06,2016,1967,1976.48,2002,1993.75,282553.3096,267963.1573,363834.9211,283145.695,97977.5349,5.92778366390053E8,5.52204762418584E8,7.2610534782339E8,5.70689885848882E8,1.97997124860319E8,2963706,3056962,3609031,2925370,969371,125284.8456,121588.1389,176081.0293,142075.6321,51565.2626,2.62909030362168E8,2.50702118805693E8,3.51395809429098E8,2.86465186363512E8,1.04222719604398E8,-0.018570665,-0.023594709,-0.007378361,0.002308573,0.003921491,2073.77,2024.84,2009.9,2014.54,2022.44,2007.01,1993.75,2038
