date,BTC.open_5,BTC.open_4,BTC.open_3,BTC.open_2,BTC.open_1,BTC.open,BTC.high_5,BTC.high_4,BTC.high_3,BTC.high_2,BTC.high_1,BTC.high,BTC.low_5,BTC.low_4,BTC.low_3,BTC.low_2,BTC.low_1,BTC.low,BTC.volume_5,BTC.volume_4,BTC.volume_3,BTC.volume_2,BTC.volume_1,BTC.volume,BTC.numberOfTrades_5,BTC.numberOfTrades_4,BTC.numberOfTrades_3,BTC.numberOfTrades_2,BTC.numberOfTrades_1,BTC.numberOfTrades,BTC.close_5,BTC.close_4,BTC.close_3,BTC.close_2,BTC.close_1,ETH.open_5,ETH.open_4,ETH.open_3,ETH.open_2,ETH.open_1,ETH.open,ETH.high_5,ETH.high_4,ETH.high_3,ETH.high_2,ETH.high_1,ETH.high,ETH.low_5,ETH.low_4,ETH.low_3,ETH.low_2,ETH.low_1,ETH.low,ETH.volume_5,ETH.volume_4,ETH.volume_3,ETH.volume_2,ETH.volume_1,ETH.volume,ETH.numberOfTrades_5,ETH.numberOfTrades_4,ETH.numberOfTrades_3,ETH.numberOfTrades_2,ETH.numberOfTrades_1,ETH.numberOfTrades,ETH.close_5,ETH.close_4,ETH.close_3,ETH.close_2,ETH.close_1,ETH.close,ETH.low,ETH.high
2026-05-01T16:48:57,77625,78657.55,77371.32,76342.78,75780,76346.58,78961,79485.66,77478,77904.93,76669.14,78914.12,77326.51,76459.64,75666.6,74937.52,75323.65,76320.42,7963.56162,16046.92418,13210.72383,18279.93022,10381.81607,17315.46502,1476971,2982889,2352446,3032890,2569480,2388458,78657.55,77371.32,76342.77,75780,76346.57,2319.49,2369.45,2303.66,2289.42,2252.9,2257.51,2380,2404.37,2310.88,2346.95,2279,2325.28,2306.72,2266.09,2258.24,2220.36,2231.64,2257.21,154591.6219,300363.8586,187932.2201,355078.1015,167194.2776,191082.555,1508570,3192282,2346992,3588292,2649837,1805481,2369.44,2303.67,2289.42,2252.9,2257.51,2295.63,2257.21,2325.28
2026-05-02T16:48:57,78657.55,77371.32,76342.78,75780,76346.58,78231.13,79485.66,77478,77904.93,76669.14,78914.12,79199.48,76459.64,75666.6,74937.52,75323.65,76320.42,78040,16046.92418,13210.72383,18279.93022,10381.81607,17315.46502,6150.87642,2982889,2352446,3032890,2569480,2388458,936143,77371.32,76342.77,75780,76346.57,78231.13,2369.45,2303.66,2289.42,2252.9,2257.51,2295.63,2404.37,2310.88,2346.95,2279,2325.28,2343.6,2266.09,2258.24,2220.36,2231.64,2257.21,2292.91,300363.8586,187932.2201,355078.1015,167194.2776,191082.555,85588.4724,3192282,2346992,3588292,2649837,1805481,870699,2303.67,2289.42,2252.9,2257.51,2295.63,2316.97,2292.91,2343.6
2026-05-03T16:48:57,77371.32,76342.78,75780,76346.58,78231.13,78686.84,77478,77904.93,76669.14,78914.12,79199.48,79447,75666.6,74937.52,75323.65,76320.42,78040,78084.08,13210.72383,18279.93022,10381.81607,17315.46502,6150.87642,7425.7929,2352446,3032890,2569480,2388458,936143,1352474,76342.77,75780,76346.57,78231.13,78686.85,2303.66,2289.42,2252.9,2257.51,2295.63,2316.97,2310.88,2346.95,2279,2325.28,2343.6,2356.92,2258.24,2220.36,2231.64,2257.21,2292.91,2297.59,187932.2201,355078.1015,167194.2776,191082.555,85588.4724,151074.4342,2346992,3588292,2649837,1805481,870699,1374290,2289.42,2252.9,2257.51,2295.63,2316.97,2322.65,2297.59,2356.92
2026-05-04T16:48:57,76342.78,75780,76346.58,78231.13,78686.84,78568.58,77904.93,76669.14,78914.12,79199.48,79447,80776.99,74937.52,75323.65,76320.42,78040,78084.08,78202,18279.93022,10381.81607,17315.46502,6150.87642,7425.7929,26042.96135,3032890,2569480,2388458,936143,1352474,3734604,75780,76346.57,78231.13,78686.85,78568.57,2289.42,2252.9,2257.51,2295.63,2316.97,2322.65,2346.95,2279,2325.28,2343.6,2356.92,2398.93,2220.36,2231.64,2257.21,2292.91,2297.59,2309.24,355078.1015,167194.2776,191082.555,85588.4724,151074.4342,453020.7985,3588292,2649837,1805481,870699,1374290,4137093,2252.9,2257.51,2295.63,2316.97,2322.65,2347.16,2309.24,2398.93
2026-05-05T16:48:57,75780,76346.58,78231.13,78686.84,78568.58,79861.01,76669.14,78914.12,79199.48,79447,80776.99,81791.48,75323.65,76320.42,78040,78084.08,78202,79808.72,10381.81607,17315.46502,6150.87642,7425.7929,26042.96135,16947.17995,2569480,2388458,936143,1352474,3734604,2490930,76346.57,78231.13,78686.85,78568.57,79861.01,2252.9,2257.51,2295.63,2316.97,2322.65,2347.17,2279,2325.28,2343.6,2356.92,2398.93,2399.5,2231.64,2257.21,2292.91,2297.59,2309.24,2344.93,167194.2776,191082.555,85588.4724,151074.4342,453020.7985,286636.7312,2649837,1805481,870699,1374290,4137093,2512190,2257.51,2295.63,2316.97,2322.65,2347.16,2360.77,2344.93,2399.5
2026-05-06T16:48:57,76346.58,78231.13,78686.84,78568.58,79861.01,80905.53,78914.12,79199.48,79447,80776.99,81791.48,82850,76320.42,78040,78084.08,78202,79808.72,80731.14,17315.46502,6150.87642,7425.7929,26042.96135,16947.17995,18798.77396,2388458,936143,1352474,3734604,2490930,2794707,78231.13,78686.85,78568.57,79861.01,80905.52,2257.51,2295.63,2316.97,2322.65,2347.17,2360.76,2325.28,2343.6,2356.92,2398.93,2399.5,2423.74,2257.21,2292.91,2297.59,2309.24,2344.93,2338,191082.555,85588.4724,151074.4342,453020.7985,286636.7312,420667.3161,1805481,870699,1374290,4137093,2512190,3062625,2295.63,2316.97,2322.65,2347.16,2360.77,2350.84,2338,2423.74
2026-05-07T16:48:57,78231.13,78686.84,78568.58,79861.01,80905.53,81447.01,79199.48,79447,80776.99,81791.48,82850,81708.32,78040,78084.08,78202,79808.72,80731.14,79500,6150.87642,7425.7929,26042.96135,16947.17995,18798.77396,16154.80338,936143,1352474,3734604,2490930,2794707,2540329,78686.85,78568.57,79861.01,80905.52,81447.01,2295.63,2316.97,2322.65,2347.17,2360.76,2350.84,2343.6,2356.92,2398.93,2399.5,2423.74,2352.3,2292.91,2297.59,2309.24,2344.93,2338,2280.1,85588.4724,151074.4342,453020.7985,286636.7312,420667.3161,469521.9378,870699,1374290,4137093,2512190,3062625,3191083,2316.97,2322.65,2347.16,2360.77,2350.84,2291.06,2280.1,2352.3
2026-05-08T16:48:57,78686.84,78568.58,79861.01,80905.53,81447.01,80006,79447,80776.99,81791.48,82850,81708.32,80500,78084.08,78202,79808.72,80731.14,79500,79181.48,7425.7929,26042.96135,16947.17995,18798.77396,16154.80338,16001.31009,1352474,3734604,2490930,2794707,2540329,2265372,78568.57,79861.01,80905.52,81447.01,80006,2316.97,2322.65,2347.17,2360.76,2350.84,2291.06,2356.92,2398.93,2399.5,2423.74,2352.3,2321.22,2297.59,2309.24,2344.93,2338,2280.1,2265.61,151074.4342,453020.7985,286636.7312,420667.3161,469521.9378,421035.1582,1374290,4137093,2512190,3062625,3191083,2568056,2322.65,2347.16,2360.77,2350.84,2291.06,2307.06,2265.61,2321.22
2026-05-09T16:48:57,78568.58,79861.01,80905.53,81447.01,80006,80193.18,80776.99,81791.48,82850,81708.32,80500,81080,78202,79808.72,80731.14,79500,79181.48,80129.85,26042.96135,16947.17995,18798.77396,16154.80338,16001.31009,7548.42177,3734604,2490930,2794707,2540329,2265372,1002373,79861.01,80905.52,81447.01,80006,80193.17,2322.65,2347.17,2360.76,2350.84,2291.06,2307.07,2398.93,2399.5,2423.74,2352.3,2321.22,2338.37,2309.24,2344.93,2338,2280.1,2265.61,2300,453020.7985,286636.7312,420667.3161,469521.9378,421035.1582,230431.157,4137093,2512190,3062625,3191083,2568056,1248625,2347.16,2360.77,2350.84,2291.06,2307.06,2326.44,2300,2338.37
2026-05-10T16:48:57,79861.01,80905.53,81447.01,80006,80193.18,80678.41,81791.48,82850,81708.32,80500,81080,82479.32,79808.72,80731.14,79500,79181.48,80129.85,80279.77,16947.17995,18798.77396,16154.80338,16001.31009,7548.42177,12034.31882,2490930,2794707,2540329,2265372,1002373,1801608,80905.52,81447.01,80006,80193.17,80678.4,2347.17,2360.76,2350.84,2291.06,2307.07,2326.43,2399.5,2423.74,2352.3,2321.22,2338.37,2382.53,2344.93,2338,2280.1,2265.61,2300,2311.83,286636.7312,420667.3161,469521.9378,421035.1582,230431.157,398122.8623,2512190,3062625,3191083,2568056,1248625,2272749,2360.77,2350.84,2291.06,2307.06,2326.44,2371.27,2311.83,2382.53
2026-05-11T16:48:57,80905.53,81447.01,80006,80193.18,80678.41,82210.07,82850,81708.32,80500,81080,82479.32,82380,80731.14,79500,79181.48,80129.85,80279.77,80462.97,18798.77396,16154.80338,16001.31009,7548.42177,12034.31882,12951.76056,2794707,2540329,2265372,1002373,1801608,2576396,81447.01,80006,80193.17,80678.4,82210.07,2360.76,2350.84,2291.06,2307.07,2326.43,2371.26,2423.74,2352.3,2321.22,2338.37,2382.53,2374.92,2338,2280.1,2265.61,2300,2311.83,2304,420667.3161,469521.9378,421035.1582,230431.157,398122.8623,236962.0552,3062625,3191083,2568056,1248625,2272749,2594593,2350.84,2291.06,2307.06,2326.44,2371.27,2339.87,2304,2374.92
2026-05-12T16:48:57,81447.01,80006,80193.18,80678.41,82210.07,81745.66,81708.32,80500,81080,82479.32,82380,81788,79500,79181.48,80129.85,80279.77,80462.97,79843.59,16154.80338,16001.31009,7548.42177,12034.31882,12951.76056,12386.25676,2540329,2265372,1002373,1801608,2576396,2345137,80006,80193.17,80678.4,82210.07,81745.65,2350.84,2291.06,2307.07,2326.43,2371.26,2339.88,2352.3,2321.22,2338.37,2382.53,2374.92,2340.85,2280.1,2265.61,2300,2311.83,2304,2256.27,469521.9378,421035.1582,230431.157,398122.8623,236962.0552,252981.1082,3191083,2568056,1248625,2272749,2594593,2520381,2291.06,2307.06,2326.44,2371.27,2339.87,2274.96,2256.27,2340.85
2026-05-13T16:48:57,80006,80193.18,80678.41,82210.07,81745.66,80504.47,80500,81080,82479.32,82380,81788,81324.64,79181.48,80129.85,80279.77,80462.97,79843.59,78754.65,16001.31009,7548.42177,12034.31882,12951.76056,12386.25676,14810.05643,2265372,1002373,1801608,2576396,2345137,2350570,80193.17,80678.4,82210.07,81745.65,80504.47,2291.06,2307.07,2326.43,2371.26,2339.88,2274.97,2321.22,2338.37,2382.53,2374.92,2340.85,2323.36,2265.61,2300,2311.83,2304,2256.27,2234.13,421035.1582,230431.157,398122.8623,236962.0552,252981.1082,258455.7299,2568056,1248625,2272749,2594593,2520381,2145600,2307.06,2326.44,2371.27,2339.87,2274.96,2258.65,2234.13,2323.36
2026-05-14T16:48:57,80193.18,80678.41,82210.07,81745.66,80504.47,79313.61,81080,82479.32,82380,81788,81324.64,82048.13,80129.85,80279.77,80462.97,79843.59,78754.65,78922,7548.42177,12034.31882,12951.76056,12386.25676,14810.05643,19727.86807,1002373,1801608,2576396,2345137,2350570,3101046,80678.4,82210.07,81745.65,80504.47,79313.61,2307.07,2326.43,2371.26,2339.88,2274.97,2258.66,2338.37,2382.53,2374.92,2340.85,2323.36,2319.33,2300,2311.83,2304,2256.27,2234.13,2238.64,230431.157,398122.8623,236962.0552,252981.1082,258455.7299,256680.8359,1248625,2272749,2594593,2520381,2145600,2730407,2326.44,2371.27,2339.87,2274.96,2258.65,2283.25,2238.64,2319.33
2026-05-15T16:48:57,80678.41,82210.07,81745.66,80504.47,79313.61,81090,82479.32,82380,81788,81324.64,82048.13,81664.45,80279.77,80462.97,79843.59,78754.65,78922,78659,12034.31882,12951.76056,12386.25676,14810.05643,19727.86807,17351.27079,1801608,2576396,2345137,2350570,3101046,3184114,82210.07,81745.65,80504.47,79313.61,81089.99,2326.43,2371.26,2339.88,2274.97,2258.66,2283.26,2382.53,2374.92,2340.85,2323.36,2319.33,2300.29,2311.83,2304,2256.27,2234.13,2238.64,2205.11,398122.8623,236962.0552,252981.1082,258455.7299,256680.8359,288536.5507,2272749,2594593,2520381,2145600,2730407,2977308,2371.27,2339.87,2274.96,2258.65,2283.25,2224.66,2205.11,2300.29
2026-05-16T16:48:57,82210.07,81745.66,80504.47,79313.61,81090,79113.2,82380,81788,81324.64,82048.13,81664.45,79227.77,80462.97,79843.59,78754.65,78922,78659,77640,12951.76056,12386.25676,14810.05643,19727.86807,17351.27079,12132.86192,2576396,2345137,2350570,3101046,3184114,1597661,81745.65,80504.47,79313.61,81089.99,79113.21,2371.26,2339.88,2274.97,2258.66,2283.26,2224.65,2374.92,2340.85,2323.36,2319.33,2300.29,2231.51,2304,2256.27,2234.13,2238.64,2205.11,2162.55,236962.0552,252981.1082,258455.7299,256680.8359,288536.5507,199288.5761,2594593,2520381,2145600,2730407,2977308,1541883,2339.87,2274.96,2258.65,2283.25,2224.66,2180.77,2162.55,2231.51
2026-05-17T16:48:57,81745.66,80504.47,79313.61,81090,79113.2,78148.05,81788,81324.64,82048.13,81664.45,79227.77,78599.99,79843.59,78754.65,78922,78659,77640,76735.16,12386.25676,14810.05643,19727.86807,17351.27079,12132.86192,8442.7022,2345137,2350570,3101046,3184114,1597661,1570433,80504.47,79313.61,81089.99,79113.21,78148.05,2339.88,2274.97,2258.66,2283.26,2224.65,2180.77,2340.85,2323.36,2319.33,2300.29,2231.51,2198.14,2256.27,2234.13,2238.64,2205.11,2162.55,2091.48,252981.1082,258455.7299,256680.8359,288536.5507,199288.5761,175116.8149,2520381,2145600,2730407,2977308,1541883,1638605,2274.96,2258.65,2283.25,2224.66,2180.77,2131,2091.48,2198.14
2026-05-18T16:48:57,80504.47,79313.61,81090,79113.2,78148.05,77457.67,81324.64,82048.13,81664.45,79227.77,78599.99,77800,78754.65,78922,78659,77640,76735.16,76051,14810.05643,19727.86807,17351.27079,12132.86192,8442.7022,18745.51678,2350570,3101046,3184114,1597661,1570433,3529328,79313.61,81089.99,79113.21,78148.05,77457.67,2274.97,2258.66,2283.26,2224.65,2180.77,2131,2323.36,2319.33,2300.29,2231.51,2198.14,2157.24,2234.13,2238.64,2205.11,2162.55,2091.48,2077.23,258455.7299,256680.8359,288536.5507,199288.5761,175116.8149,381878.3932,2145600,2730407,2977308,1541883,1638605,3981985,2258.65,2283.25,2224.66,2180.77,2131,2130.08,2077.23,2157.24
2026-05-19T16:48:57,79313.61,81090,79113.2,78148.05,77457.67,77001.88,82048.13,81664.45,79227.77,78599.99,77800,77414.62,78922,78659,77640,76735.16,76051,76144.71,19727.86807,17351.27079,12132.86192,8442.7022,18745.51678,11024.85978,3101046,3184114,1597661,1570433,3529328,2315121,81089.99,79113.21,78148.05,77457.67,77001.87,2258.66,2283.26,2224.65,2180.77,2131,2130.08,2319.33,2300.29,2231.51,2198.14,2157.24,2146.95,2238.64,2205.11,2162.55,2091.48,2077.23,2094.47,256680.8359,288536.5507,199288.5761,175116.8149,381878.3932,186945.075,2730407,2977308,1541883,1638605,3981985,2356965,2283.25,2224.66,2180.77,2131,2130.08,2111.93,2094.47,2146.95
2026-05-20T16:48:57,81090,79113.2,78148.05,77457.67,77001.88,76834.36,81664.45,79227.77,78599.99,77800,77414.62,77853.04,78659,77640,76735.16,76051,76144.71,76516.74,17351.27079,12132.86192,8442.7022,18745.51678,11024.85978,11296.26307,3184114,1597661,1570433,3529328,2315121,2437754,79113.21,78148.05,77457.67,77001.87,76834.36,2283.26,2224.65,2180.77,2131,2130.08,2111.93,2300.29,2231.51,2198.14,2157.24,2146.95,2149,2205.11,2162.55,2091.48,2077.23,2094.47,2103.29,288536.5507,199288.5761,175116.8149,381878.3932,186945.075,189088.294,2977308,1541883,1638605,3981985,2356965,2256505,2224.66,2180.77,2131,2130.08,2111.93,2129.44,2103.29,2149
2026-05-21T16:48:57,79113.2,78148.05,77457.67,77001.88,76834.36,77552.24,79227.77,78599.99,77800,77414.62,77853.04,78200,77640,76735.16,76051,76144.71,76516.74,76719.47,12132.86192,8442.7022,18745.51678,11024.85978,11296.26307,11318.25841,1597661,1570433,3529328,2315121,2437754,2473146,78148.05,77457.67,77001.87,76834.36,77552.23,2224.65,2180.77,2131,2130.08,2111.93,2129.44,2231.51,2198.14,2157.24,2146.95,2149,2157.5,2162.55,2091.48,2077.23,2094.47,2103.29,2105.15,199288.5761,175116.8149,381878.3932,186945.075,189088.294,232889.1117,1541883,1638605,3981985,2356965,2256505,2526150,2180.77,2131,2130.08,2111.93,2129.44,2133.76,2105.15,2157.5
2026-05-22T16:48:57,78148.05,77457.67,77001.88,76834.36,77552.24,77615.52,78599.99,77800,77414.62,77853.04,78200,77900,76735.16,76051,76144.71,76516.74,76719.47,75359.18,8442.7022,18745.51678,11024.85978,11296.26307,11318.25841,11272.36134,1570433,3529328,2315121,2437754,2473146,2370783,77457.67,77001.87,76834.36,77552.23,77615.52,2180.77,2131,2130.08,2111.93,2129.44,2133.77,2198.14,2157.24,2146.95,2149,2157.5,2141.39,2091.48,2077.23,2094.47,2103.29,2105.15,2057.79,175116.8149,381878.3932,186945.075,189088.294,232889.1117,221783.2548,1638605,3981985,2356965,2256505,2526150,2344218,2131,2130.08,2111.93,2129.44,2133.76,2065.85,2057.79,2141.39
2026-05-23T16:48:57,77457.67,77001.88,76834.36,77552.24,77615.52,75539.5,77800,77414.62,77853.04,78200,77900,77404.18,76051,76144.71,76516.74,76719.47,75359.18,74289.6,18745.51678,11024.85978,11296.26307,11318.25841,11272.36134,15086.88814,3529328,2315121,2437754,2473146,2370783,2103536,77001.87,76834.36,77552.23,77615.52,75539.5,2131,2130.08,2111.93,2129.44,2133.77,2065.86,2157.24,2146.95,2149,2157.5,2141.39,2149.95,2077.23,2094.47,2103.29,2105.15,2057.79,2009.3,381878.3932,186945.075,189088.294,232889.1117,221783.2548,350546.2289,3981985,2356965,2256505,2526150,2344218,2641732,2130.08,2111.93,2129.44,2133.76,2065.85,2117.68,2009.3,2149.95
2026-05-24T16:48:57,77001.88,76834.36,77552.24,77615.52,75539.5,76752,77414.62,77853.04,78200,77900,77404.18,77543.15,76144.71,76516.74,76719.47,75359.18,74289.6,76108,11024.85978,11296.26307,11318.25841,11272.36134,15086.88814,8398.00156,2315121,2437754,2473146,2370783,2103536,1612969,76834.36,77552.23,77615.52,75539.5,76752.01,2130.08,2111.93,2129.44,2133.77,2065.86,2117.69,2146.95,2149,2157.5,2141.39,2149.95,2132.14,2094.47,2103.29,2105.15,2057.79,2009.3,2063,186945.075,189088.294,232889.1117,221783.2548,350546.2289,197748.7605,2356965,2256505,2526150,2344218,2641732,1928016,2111.93,2129.44,2133.76,2065.85,2117.68,2099.85,2063,2132.14
