date,BTC.open_5,BTC.open_4,BTC.open_3,BTC.open_2,BTC.open_1,BTC.open,BTC.high_5,BTC.high_4,BTC.high_3,BTC.high_2,BTC.high_1,BTC.high,BTC.low_5,BTC.low_4,BTC.low_3,BTC.low_2,BTC.low_1,BTC.low,BTC.volume_5,BTC.volume_4,BTC.volume_3,BTC.volume_2,BTC.volume_1,BTC.volume,BTC.numberOfTrades_5,BTC.numberOfTrades_4,BTC.numberOfTrades_3,BTC.numberOfTrades_2,BTC.numberOfTrades_1,BTC.numberOfTrades,BTC.takerBuyBaseAssetVolume_5,BTC.takerBuyBaseAssetVolume_4,BTC.takerBuyBaseAssetVolume_3,BTC.takerBuyBaseAssetVolume_2,BTC.takerBuyBaseAssetVolume_1,BTC.takerBuyBaseAssetVolume,BTC.close_5,BTC.close_4,BTC.close_3,BTC.close_2,BTC.close_1,BTC.close,ETH.open_5,ETH.open_4,ETH.open_3,ETH.open_2,ETH.open_1,ETH.open,ETH.high_5,ETH.high_4,ETH.high_3,ETH.high_2,ETH.high_1,ETH.high,ETH.low_5,ETH.low_4,ETH.low_3,ETH.low_2,ETH.low_1,ETH.low,ETH.volume_5,ETH.volume_4,ETH.volume_3,ETH.volume_2,ETH.volume_1,ETH.volume,ETH.numberOfTrades_5,ETH.numberOfTrades_4,ETH.numberOfTrades_3,ETH.numberOfTrades_2,ETH.numberOfTrades_1,ETH.numberOfTrades,ETH.takerBuyBaseAssetVolume_5,ETH.takerBuyBaseAssetVolume_4,ETH.takerBuyBaseAssetVolume_3,ETH.takerBuyBaseAssetVolume_2,ETH.takerBuyBaseAssetVolume_1,ETH.takerBuyBaseAssetVolume,ETH.close_5,ETH.close_4,ETH.close_3,ETH.close_2,ETH.close_1,ETH.close,ETH.close
2025-12-31T00:00:00,87225.27,87369.56,87877,87952.71,87237.13,88485.5,89567.75,87984,88088.75,90406.08,89400,89200,86655.08,87253.05,87435,86806.5,86845.66,87250,18344.61505,4469.55156,4446.29285,19894.98575,13105.91001,11558.62047,4509482,957536,1241426,4793589,3542176,2897396,8846.80613,2065.72405,2230.75216,10079.10102,6561.56089,5432.03408,87369.56,87877.01,87952.71,87237.13,88485.49,87648.22,2903.9,2928,2949.05,2950.91,2937.91,2973.69,2994.38,2960.89,2961.23,3057.78,3009.8,3028.08,2894.26,2917.13,2924.54,2910.25,2919.44,2958.91,314830.9989,95040.3956,128834.139,485959.1824,286583.2879,233729.5887,4062164,1004396,1484510,5162535,3959890,2935432,159371.2995,43285.9713,65373.9915,233555.1583,146128.2348,116217.5263,2927.99,2949.05,2950.91,2937.9,2973.69,2971.64,3004.19
2026-01-01T00:00:00,87369.56,87877,87952.71,87237.13,88485.5,87648.21,87984,88088.75,90406.08,89400,89200,88919.45,87253.05,87435,86806.5,86845.66,87250,87550.43,4469.55156,4446.29285,19894.98575,13105.91001,11558.62047,6279.57133,957536,1241426,4793589,3542176,2897396,1449281,2065.72405,2230.75216,10079.10102,6561.56089,5432.03408,3123.64536,87877.01,87952.71,87237.13,88485.49,87648.22,88839.04,2928,2949.05,2950.91,2937.91,2973.69,2971.65,2960.89,2961.23,3057.78,3009.8,3028.08,3010,2917.13,2924.54,2910.25,2919.44,2958.91,2971.15,95040.3956,128834.139,485959.1824,286583.2879,233729.5887,136088.5207,1004396,1484510,5162535,3959890,2935432,1338212,43285.9713,65373.9915,233555.1583,146128.2348,116217.5263,66477.086,2949.05,2950.91,2937.9,2973.69,2971.64,3004.19,3125.45
2026-01-02T00:00:00,87877,87952.71,87237.13,88485.5,87648.21,88839.05,88088.75,90406.08,89400,89200,88919.45,90961.81,87435,86806.5,86845.66,87250,87550.43,88379.88,4446.29285,19894.98575,13105.91001,11558.62047,6279.57133,17396.97301,1241426,4793589,3542176,2897396,1449281,5010211,2230.75216,10079.10102,6561.56089,5432.03408,3123.64536,8929.35447,87952.71,87237.13,88485.49,87648.22,88839.04,89995.13,2949.05,2950.91,2937.91,2973.69,2971.65,3004.19,2961.23,3057.78,3009.8,3028.08,3010,3150.01,2924.54,2910.25,2919.44,2958.91,2971.15,2992.49,128834.139,485959.1824,286583.2879,233729.5887,136088.5207,369891.2449,1484510,5162535,3959890,2935432,1338212,5276480,65373.9915,233555.1583,146128.2348,116217.5263,66477.086,195057.0391,2950.91,2937.9,2973.69,2971.64,3004.19,3125.45,3127.11
2026-01-03T00:00:00,87952.71,87237.13,88485.5,87648.21,88839.05,89995.14,90406.08,89400,89200,88919.45,90961.81,90741.16,86806.5,86845.66,87250,87550.43,88379.88,89314.01,19894.98575,13105.91001,11558.62047,6279.57133,17396.97301,7057.46716,4793589,3542176,2897396,1449281,5010211,1684214,10079.10102,6561.56089,5432.03408,3123.64536,8929.35447,3791.72083,87237.13,88485.49,87648.22,88839.04,89995.13,90628.01,2950.91,2937.91,2973.69,2971.65,3004.19,3125.46,3057.78,3009.8,3028.08,3010,3150.01,3136.71,2910.25,2919.44,2958.91,2971.15,2992.49,3076,485959.1824,286583.2879,233729.5887,136088.5207,369891.2449,134405.2258,5162535,3959890,2935432,1338212,5276480,1823251,233555.1583,146128.2348,116217.5263,66477.086,195057.0391,66789.8067,2937.9,2973.69,2971.64,3004.19,3125.45,3127.11,3144.7
2026-01-04T00:00:00,87237.13,88485.5,87648.21,88839.05,89995.14,90628.01,89400,89200,88919.45,90961.81,90741.16,91810,86845.66,87250,87550.43,88379.88,89314.01,90628,13105.91001,11558.62047,6279.57133,17396.97301,7057.46716,10426.5297,3542176,2897396,1449281,5010211,1684214,2207037,6561.56089,5432.03408,3123.64536,8929.35447,3791.72083,5320.99389,88485.49,87648.22,88839.04,89995.13,90628.01,91529.73,2937.91,2973.69,2971.65,3004.19,3125.46,3127.11,3009.8,3028.08,3010,3150.01,3136.71,3167.22,2919.44,2958.91,2971.15,2992.49,3076,3118.75,286583.2879,233729.5887,136088.5207,369891.2449,134405.2258,181576.0686,3959890,2935432,1338212,5276480,1823251,2261499,146128.2348,116217.5263,66477.086,195057.0391,66789.8067,94783.8698,2973.69,2971.64,3004.19,3125.45,3127.11,3144.7,3224.99
2026-01-05T00:00:00,88485.5,87648.21,88839.05,89995.14,90628.01,91529.74,89200,88919.45,90961.81,90741.16,91810,94789.08,87250,87550.43,88379.88,89314.01,90628,91514.81,11558.62047,6279.57133,17396.97301,7057.46716,10426.5297,20673.59584,2897396,1449281,5010211,1684214,2207037,5485489,5432.03408,3123.64536,8929.35447,3791.72083,5320.99389,10892.9695,87648.22,88839.04,89995.13,90628.01,91529.73,93859.71,2973.69,2971.65,3004.19,3125.46,3127.11,3144.71,3028.08,3010,3150.01,3136.71,3167.22,3265.66,2958.91,2971.15,2992.49,3076,3118.75,3135.02,233729.5887,136088.5207,369891.2449,134405.2258,181576.0686,382446.6618,2935432,1338212,5276480,1823251,2261499,5401982,116217.5263,66477.086,195057.0391,66789.8067,94783.8698,188956.4336,2971.64,3004.19,3125.45,3127.11,3144.7,3224.99,3296.84
2026-01-06T00:00:00,87648.21,88839.05,89995.14,90628.01,91529.74,93859.71,88919.45,90961.81,90741.16,91810,94789.08,94444.44,87550.43,88379.88,89314.01,90628,91514.81,91262.94,6279.57133,17396.97301,7057.46716,10426.5297,20673.59584,18546.41829,1449281,5010211,1684214,2207037,5485489,5018686,3123.64536,8929.35447,3791.72083,5320.99389,10892.9695,8108.82157,88839.04,89995.13,90628.01,91529.73,93859.71,93747.97,2971.65,3004.19,3125.46,3127.11,3144.71,3224.99,3010,3150.01,3136.71,3167.22,3265.66,3308.86,2971.15,2992.49,3076,3118.75,3135.02,3183.27,136088.5207,369891.2449,134405.2258,181576.0686,382446.6618,412503.5066,1338212,5276480,1823251,2261499,5401982,5310071,66477.086,195057.0391,66789.8067,94783.8698,188956.4336,204316.7995,3004.19,3125.45,3127.11,3144.7,3224.99,3296.84,3168.72
2026-01-07T00:00:00,88839.05,89995.14,90628.01,91529.74,93859.71,93747.97,90961.81,90741.16,91810,94789.08,94444.44,93747.97,88379.88,89314.01,90628,91514.81,91262.94,90675.52,17396.97301,7057.46716,10426.5297,20673.59584,18546.41829,14276.49025,5010211,1684214,2207037,5485489,5018686,4340252,8929.35447,3791.72083,5320.99389,10892.9695,8108.82157,6714.86954,89995.13,90628.01,91529.73,93859.71,93747.97,91364.16,3004.19,3125.46,3127.11,3144.71,3224.99,3296.83,3150.01,3136.71,3167.22,3265.66,3308.86,3296.84,2992.49,3076,3118.75,3135.02,3183.27,3125.42,369891.2449,134405.2258,181576.0686,382446.6618,412503.5066,321350.1225,5276480,1823251,2261499,5401982,5310071,4839276,195057.0391,66789.8067,94783.8698,188956.4336,204316.7995,154644.9184,3125.45,3127.11,3144.7,3224.99,3296.84,3168.72,3106.65
2026-01-08T00:00:00,89995.14,90628.01,91529.74,93859.71,93747.97,91364.16,90741.16,91810,94789.08,94444.44,93747.97,91687.99,89314.01,90628,91514.81,91262.94,90675.52,89311,7057.46716,10426.5297,20673.59584,18546.41829,14276.49025,16132.79117,1684214,2207037,5485489,5018686,4340252,4923472,3791.72083,5320.99389,10892.9695,8108.82157,6714.86954,8192.07574,90628.01,91529.73,93859.71,93747.97,91364.16,91099.99,3125.46,3127.11,3144.71,3224.99,3296.83,3168.72,3136.71,3167.22,3265.66,3308.86,3296.84,3184.39,3076,3118.75,3135.02,3183.27,3125.42,3054.65,134405.2258,181576.0686,382446.6618,412503.5066,321350.1225,343616.1005,1823251,2261499,5401982,5310071,4839276,4982423,66789.8067,94783.8698,188956.4336,204316.7995,154644.9184,167834.9366,3127.11,3144.7,3224.99,3296.84,3168.72,3106.65,3088.4
2026-01-09T00:00:00,90628.01,91529.74,93859.71,93747.97,91364.16,91100,91810,94789.08,94444.44,93747.97,91687.99,92082.55,90628,91514.81,91262.94,90675.52,89311,89694.66,10426.5297,20673.59584,18546.41829,14276.49025,16132.79117,15590.27939,2207037,5485489,5018686,4340252,4923472,4155703,5320.99389,10892.9695,8108.82157,6714.86954,8192.07574,8512.4327,91529.73,93859.71,93747.97,91364.16,91099.99,90641.28,3127.11,3144.71,3224.99,3296.83,3168.72,3106.66,3167.22,3265.66,3308.86,3296.84,3184.39,3148.41,3118.75,3135.02,3183.27,3125.42,3054.65,3058.69,181576.0686,382446.6618,412503.5066,321350.1225,343616.1005,274587.4533,2261499,5401982,5310071,4839276,4982423,4182570,94783.8698,188956.4336,204316.7995,154644.9184,167834.9366,137269.6714,3144.7,3224.99,3296.84,3168.72,3106.65,3088.4,3086.72
2026-01-10T00:00:00,91529.74,93859.71,93747.97,91364.16,91100,90641.27,94789.08,94444.44,93747.97,91687.99,92082.55,90832,91514.81,91262.94,90675.52,89311,89694.66,90404,20673.59584,18546.41829,14276.49025,16132.79117,15590.27939,3104.11722,5485489,5018686,4340252,4923472,4155703,766357,10892.9695,8108.82157,6714.86954,8192.07574,8512.4327,1551.97383,93859.71,93747.97,91364.16,91099.99,90641.28,90504.7,3144.71,3224.99,3296.83,3168.72,3106.66,3088.4,3265.66,3308.86,3296.84,3184.39,3148.41,3104.12,3135.02,3183.27,3125.42,3054.65,3058.69,3077.99,382446.6618,412503.5066,321350.1225,343616.1005,274587.4533,82341.0546,5401982,5310071,4839276,4982423,4182570,881069,188956.4336,204316.7995,154644.9184,167834.9366,137269.6714,44689.1628,3224.99,3296.84,3168.72,3106.65,3088.4,3086.72,3123.45
2026-01-11T00:00:00,93859.71,93747.97,91364.16,91100,90641.27,90504.7,94444.44,93747.97,91687.99,92082.55,90832,91283.89,91262.94,90675.52,89311,89694.66,90404,90236,18546.41829,14276.49025,16132.79117,15590.27939,3104.11722,5477.13594,5018686,4340252,4923472,4155703,766357,1282029,8108.82157,6714.86954,8192.07574,8512.4327,1551.97383,2868.36168,93747.97,91364.16,91099.99,90641.28,90504.7,91013.65,3224.99,3296.83,3168.72,3106.66,3088.4,3086.72,3308.86,3296.84,3184.39,3148.41,3104.12,3147.27,3183.27,3125.42,3054.65,3058.69,3077.99,3084.46,412503.5066,321350.1225,343616.1005,274587.4533,82341.0546,149381.2965,5310071,4839276,4982423,4182570,881069,1522502,204316.7995,154644.9184,167834.9366,137269.6714,44689.1628,77521.2191,3296.84,3168.72,3106.65,3088.4,3086.72,3123.45,3095.75
2026-01-12T00:00:00,93747.97,91364.16,91100,90641.27,90504.7,91013.66,93747.97,91687.99,92082.55,90832,91283.89,92519.95,90675.52,89311,89694.66,90404,90236,90128.44,14276.49025,16132.79117,15590.27939,3104.11722,5477.13594,16188.08268,4340252,4923472,4155703,766357,1282029,4099509,6714.86954,8192.07574,8512.4327,1551.97383,2868.36168,8092.5428,91364.16,91099.99,90641.28,90504.7,91013.65,91296.2,3296.83,3168.72,3106.66,3088.4,3086.72,3123.46,3296.84,3184.39,3148.41,3104.12,3147.27,3171.49,3125.42,3054.65,3058.69,3077.99,3084.46,3065.55,321350.1225,343616.1005,274587.4533,82341.0546,149381.2965,297373.4681,4839276,4982423,4182570,881069,1522502,4303605,154644.9184,167834.9366,137269.6714,44689.1628,77521.2191,145169.9489,3168.72,3106.65,3088.4,3086.72,3123.45,3095.75,3325.82
2026-01-13T00:00:00,91364.16,91100,90641.27,90504.7,91013.66,91296.2,91687.99,92082.55,90832,91283.89,92519.95,96495,89311,89694.66,90404,90236,90128.44,91042.66,16132.79117,15590.27939,3104.11722,5477.13594,16188.08268,23021.51482,4923472,4155703,766357,1282029,4099509,5025071,8192.07574,8512.4327,1551.97383,2868.36168,8092.5428,12405.23056,91099.99,90641.28,90504.7,91013.65,91296.2,95414,3168.72,3106.66,3088.4,3086.72,3123.46,3095.75,3184.39,3148.41,3104.12,3147.27,3171.49,3367.79,3054.65,3058.69,3077.99,3084.46,3065.55,3091.96,343616.1005,274587.4533,82341.0546,149381.2965,297373.4681,457782.2816,4982423,4182570,881069,1522502,4303605,4876916,167834.9366,137269.6714,44689.1628,77521.2191,145169.9489,239733.9448,3106.65,3088.4,3086.72,3123.45,3095.75,3325.82,3354.92
2026-01-14T00:00:00,91100,90641.27,90504.7,91013.66,91296.2,95413.99,92082.55,90832,91283.89,92519.95,96495,97924.49,89694.66,90404,90236,90128.44,91042.66,94559.28,15590.27939,3104.11722,5477.13594,16188.08268,23021.51482,22851.89428,4155703,766357,1282029,4099509,5025071,5346212,8512.4327,1551.97383,2868.36168,8092.5428,12405.23056,11974.98829,90641.28,90504.7,91013.65,91296.2,95414,96951.78,3106.66,3088.4,3086.72,3123.46,3095.75,3325.83,3148.41,3104.12,3147.27,3171.49,3367.79,3402.89,3058.69,3077.99,3084.46,3065.55,3091.96,3280.48,274587.4533,82341.0546,149381.2965,297373.4681,457782.2816,503440.0759,4182570,881069,1522502,4303605,4876916,5351410,137269.6714,44689.1628,77521.2191,145169.9489,239733.9448,242601.2111,3088.4,3086.72,3123.45,3095.75,3325.82,3354.92,3318.69
2026-01-15T00:00:00,90641.27,90504.7,91013.66,91296.2,95413.99,96951.78,90832,91283.89,92519.95,96495,97924.49,97193.34,90404,90236,90128.44,91042.66,94559.28,95134.48,3104.11722,5477.13594,16188.08268,23021.51482,22851.89428,21725.81369,766357,1282029,4099509,5025071,5346212,4493095,1551.97383,2868.36168,8092.5428,12405.23056,11974.98829,10841.32767,90504.7,91013.65,91296.2,95414,96951.78,95604.8,3088.4,3086.72,3123.46,3095.75,3325.83,3354.92,3104.12,3147.27,3171.49,3367.79,3402.89,3384.19,3077.99,3084.46,3065.55,3091.96,3280.48,3273.72,82341.0546,149381.2965,297373.4681,457782.2816,503440.0759,389993.836,881069,1522502,4303605,4876916,5351410,4766390,44689.1628,77521.2191,145169.9489,239733.9448,242601.2111,182106.0811,3086.72,3123.45,3095.75,3325.82,3354.92,3318.69,3296.28
2026-01-16T00:00:00,90504.7,91013.66,91296.2,95413.99,96951.78,95604.81,91283.89,92519.95,96495,97924.49,97193.34,95871.47,90236,90128.44,91042.66,94559.28,95134.48,94293.46,5477.13594,16188.08268,23021.51482,22851.89428,21725.81369,11167.7146,1282029,4099509,5025071,5346212,4493095,2971559,2868.36168,8092.5428,12405.23056,11974.98829,10841.32767,5055.06952,91013.65,91296.2,95414,96951.78,95604.8,95550.94,3086.72,3123.46,3095.75,3325.83,3354.92,3318.7,3147.27,3171.49,3367.79,3402.89,3384.19,3326.79,3084.46,3065.55,3091.96,3280.48,3273.72,3253.01,149381.2965,297373.4681,457782.2816,503440.0759,389993.836,223921.7876,1522502,4303605,4876916,5351410,4766390,3528248,77521.2191,145169.9489,239733.9448,242601.2111,182106.0811,109159.1615,3123.45,3095.75,3325.82,3354.92,3318.69,3296.28,3310.56
2026-01-17T00:00:00,91013.66,91296.2,95413.99,96951.78,95604.81,95550.94,92519.95,96495,97924.49,97193.34,95871.47,95639.45,90128.44,91042.66,94559.28,95134.48,94293.46,95021.67,16188.08268,23021.51482,22851.89428,21725.81369,11167.7146,4280.80137,4099509,5025071,5346212,4493095,2971559,1020527,8092.5428,12405.23056,11974.98829,10841.32767,5055.06952,2059.85283,91296.2,95414,96951.78,95604.8,95550.94,95147.77,3123.46,3095.75,3325.83,3354.92,3318.7,3296.28,3171.49,3367.79,3402.89,3384.19,3326.79,3330.26,3065.55,3091.96,3280.48,3273.72,3253.01,3283.96,297373.4681,457782.2816,503440.0759,389993.836,223921.7876,124325.0303,4303605,4876916,5351410,4766390,3528248,1229614,145169.9489,239733.9448,242601.2111,182106.0811,109159.1615,68643.5852,3095.75,3325.82,3354.92,3318.69,3296.28,3310.56,3284.03
2026-01-18T00:00:00,91296.2,95413.99,96951.78,95604.81,95550.94,95147.77,96495,97924.49,97193.34,95871.47,95639.45,95531.12,91042.66,94559.28,95134.48,94293.46,95021.67,93615.4,23021.51482,22851.89428,21725.81369,11167.7146,4280.80137,6895.17819,5025071,5346212,4493095,2971559,1020527,1488785,12405.23056,11974.98829,10841.32767,5055.06952,2059.85283,3107.35604,95414,96951.78,95604.8,95550.94,95147.77,93673.14,3095.75,3325.83,3354.92,3318.7,3296.28,3310.56,3367.79,3402.89,3384.19,3326.79,3330.26,3368.82,3091.96,3280.48,3273.72,3253.01,3283.96,3278.86,457782.2816,503440.0759,389993.836,223921.7876,124325.0303,173354.3026,4876916,5351410,4766390,3528248,1229614,2227452,239733.9448,242601.2111,182106.0811,109159.1615,68643.5852,93056.7992,3325.82,3354.92,3318.69,3296.28,3310.56,3284.03,3189.55
2026-01-19T00:00:00,95413.99,96951.78,95604.81,95550.94,95147.77,93673.14,97924.49,97193.34,95871.47,95639.45,95531.12,93673.14,94559.28,95134.48,94293.46,95021.67,93615.4,91910.2,22851.89428,21725.81369,11167.7146,4280.80137,6895.17819,14295.52747,5346212,4493095,2971559,1020527,1488785,3359066,11974.98829,10841.32767,5055.06952,2059.85283,3107.35604,6906.84245,96951.78,95604.8,95550.94,95147.77,93673.14,92631,3325.83,3354.92,3318.7,3296.28,3310.56,3284.04,3402.89,3384.19,3326.79,3330.26,3368.82,3284.58,3280.48,3273.72,3253.01,3283.96,3278.86,3165.38,503440.0759,389993.836,223921.7876,124325.0303,173354.3026,442540.5596,5351410,4766390,3528248,1229614,2227452,4406164,242601.2111,182106.0811,109159.1615,68643.5852,93056.7992,225707.6739,3354.92,3318.69,3296.28,3310.56,3284.03,3189.55,2939.88
2026-01-20T00:00:00,96951.78,95604.81,95550.94,95147.77,93673.14,92630.99,97193.34,95871.47,95639.45,95531.12,93673.14,92870,95134.48,94293.46,95021.67,93615.4,91910.2,87895.98,21725.81369,11167.7146,4280.80137,6895.17819,14295.52747,22007.3261,4493095,2971559,1020527,1488785,3359066,6064031,10841.32767,5055.06952,2059.85283,3107.35604,6906.84245,9629.19624,95604.8,95550.94,95147.77,93673.14,92631,88427.66,3354.92,3318.7,3296.28,3310.56,3284.04,3189.56,3384.19,3326.79,3330.26,3368.82,3284.58,3200.5,3273.72,3253.01,3283.96,3278.86,3165.38,2920,389993.836,223921.7876,124325.0303,173354.3026,442540.5596,518166.4787,4766390,3528248,1229614,2227452,4406164,7228638,182106.0811,109159.1615,68643.5852,93056.7992,225707.6739,251605.1302,3318.69,3296.28,3310.56,3284.03,3189.55,2939.88,2982.27
2026-01-21T00:00:00,95604.81,95550.94,95147.77,93673.14,92630.99,88427.66,95871.47,95639.45,95531.12,93673.14,92870,90574,94293.46,95021.67,93615.4,91910.2,87895.98,87263.53,11167.7146,4280.80137,6895.17819,14295.52747,22007.3261,20617.50372,2971559,1020527,1488785,3359066,6064031,6419053,5055.06952,2059.85283,3107.35604,6906.84245,9629.19624,10265.21302,95550.94,95147.77,93673.14,92631,88427.66,89454.73,3318.7,3296.28,3310.56,3284.04,3189.56,2939.88,3326.79,3330.26,3368.82,3284.58,3200.5,3069.07,3253.01,3283.96,3278.86,3165.38,2920,2866.11,223921.7876,124325.0303,173354.3026,442540.5596,518166.4787,577800.2481,3528248,1229614,2227452,4406164,7228638,8064316,109159.1615,68643.5852,93056.7992,225707.6739,251605.1302,296961.807,3296.28,3310.56,3284.03,3189.55,2939.88,2982.27,2952.69
2026-01-22T00:00:00,95550.94,95147.77,93673.14,92630.99,88427.66,89454.73,95639.45,95531.12,93673.14,92870,90574,90359.99,95021.67,93615.4,91910.2,87895.98,87263.53,88515.37,4280.80137,6895.17819,14295.52747,22007.3261,20617.50372,10825.50492,1020527,1488785,3359066,6064031,6419053,3743412,2059.85283,3107.35604,6906.84245,9629.19624,10265.21302,5529.54766,95147.77,93673.14,92631,88427.66,89454.73,89559.67,3296.28,3310.56,3284.04,3189.56,2939.88,2982.28,3330.26,3368.82,3284.58,3200.5,3069.07,3038.33,3283.96,3278.86,3165.38,2920,2866.11,2906.02,124325.0303,173354.3026,442540.5596,518166.4787,577800.2481,291660.7349,1229614,2227452,4406164,7228638,8064316,4696521,68643.5852,93056.7992,225707.6739,251605.1302,296961.807,144410.7947,3310.56,3284.03,3189.55,2939.88,2982.27,2952.69,2956.41
2026-01-23T00:00:00,95147.77,93673.14,92630.99,88427.66,89454.73,89559.68,95531.12,93673.14,92870,90574,90359.99,91224.99,93615.4,91910.2,87895.98,87263.53,88515.37,88578.36,6895.17819,14295.52747,22007.3261,20617.50372,10825.50492,13918.48919,1488785,3359066,6064031,6419053,3743412,4619907,3107.35604,6906.84245,9629.19624,10265.21302,5529.54766,6911.17668,93673.14,92631,88427.66,89454.73,89559.67,89600.26,3310.56,3284.04,3189.56,2939.88,2982.28,2952.7,3368.82,3284.58,3200.5,3069.07,3038.33,3019.26,3278.86,3165.38,2920,2866.11,2906.02,2892.4,173354.3026,442540.5596,518166.4787,577800.2481,291660.7349,318415.3317,2227452,4406164,7228638,8064316,4696521,5479038,93056.7992,225707.6739,251605.1302,296961.807,144410.7947,159251.2529,3284.03,3189.55,2939.88,2982.27,2952.69,2956.41,2953.22
2026-01-24T00:00:00,93673.14,92630.99,88427.66,89454.73,89559.68,89600.26,93673.14,92870,90574,90359.99,91224.99,89957.39,91910.2,87895.98,87263.53,88515.37,88578.36,89162.08,14295.52747,22007.3261,20617.50372,10825.50492,13918.48919,4226.56737,3359066,6064031,6419053,3743412,4619907,959854,6906.84245,9629.19624,10265.21302,5529.54766,6911.17668,1835.96939,92631,88427.66,89454.73,89559.67,89600.26,89225.34,3284.04,3189.56,2939.88,2982.28,2952.7,2956.41,3284.58,3200.5,3069.07,3038.33,3019.26,2970.41,3165.38,2920,2866.11,2906.02,2892.4,2943.84,442540.5596,518166.4787,577800.2481,291660.7349,318415.3317,92082.9039,4406164,7228638,8064316,4696521,5479038,1185149,225707.6739,251605.1302,296961.807,144410.7947,159251.2529,41483.2107,3189.55,2939.88,2982.27,2952.69,2956.41,2953.22,2816.89
2026-01-25T00:00:00,92630.99,88427.66,89454.73,89559.68,89600.26,89225.34,92870,90574,90359.99,91224.99,89957.39,89319.13,87895.98,87263.53,88515.37,88578.36,89162.08,86074.72,22007.3261,20617.50372,10825.50492,13918.48919,4226.56737,14426.22019,6064031,6419053,3743412,4619907,959854,3720178,9629.19624,10265.21302,5529.54766,6911.17668,1835.96939,6269.27657,88427.66,89454.73,89559.67,89600.26,89225.34,86670.36,3189.56,2939.88,2982.28,2952.7,2956.41,2953.23,3200.5,3069.07,3038.33,3019.26,2970.41,2960.29,2920,2866.11,2906.02,2892.4,2943.84,2787,518166.4787,577800.2481,291660.7349,318415.3317,92082.9039,380186.5326,7228638,8064316,4696521,5479038,1185149,4637787,251605.1302,296961.807,144410.7947,159251.2529,41483.2107,165133.7717,2939.88,2982.27,2952.69,2956.41,2953.22,2816.89,2930.35
2026-01-26T00:00:00,88427.66,89454.73,89559.68,89600.26,89225.34,86670.36,90574,90359.99,91224.99,89957.39,89319.13,88860,87263.53,88515.37,88578.36,89162.08,86074.72,86509.63,20617.50372,10825.50492,13918.48919,4226.56737,14426.22019,17766.51453,6419053,3743412,4619907,959854,3720178,4798083,10265.21302,5529.54766,6911.17668,1835.96939,6269.27657,9428.94206,89454.73,89559.67,89600.26,89225.34,86670.36,88347.08,2939.88,2982.28,2952.7,2956.41,2953.23,2816.9,3069.07,3038.33,3019.26,2970.41,2960.29,2951.21,2866.11,2906.02,2892.4,2943.84,2787,2812.37,577800.2481,291660.7349,318415.3317,92082.9039,380186.5326,485169.3372,8064316,4696521,5479038,1185149,4637787,5933570,296961.807,144410.7947,159251.2529,41483.2107,165133.7717,239396.1448,2982.27,2952.69,2956.41,2953.22,2816.89,2930.35,3026.77
2026-01-27T00:00:00,89454.73,89559.68,89600.26,89225.34,86670.36,88347.08,90359.99,91224.99,89957.39,89319.13,88860,89523.16,88515.37,88578.36,89162.08,86074.72,86509.63,87304.33,10825.50492,13918.48919,4226.56737,14426.22019,17766.51453,13125.40425,3743412,4619907,959854,3720178,4798083,3787336,5529.54766,6911.17668,1835.96939,6269.27657,9428.94206,6722.86937,89559.67,89600.26,89225.34,86670.36,88347.08,89250,2982.28,2952.7,2956.41,2953.23,2816.9,2930.35,3038.33,3019.26,2970.41,2960.29,2951.21,3035.08,2906.02,2892.4,2943.84,2787,2812.37,2899.77,291660.7349,318415.3317,92082.9039,380186.5326,485169.3372,478792.3988,4696521,5479038,1185149,4637787,5933570,5278439,144410.7947,159251.2529,41483.2107,165133.7717,239396.1448,229630.1728,2952.69,2956.41,2953.22,2816.89,2930.35,3026.77,3010.78
2026-01-28T00:00:00,89559.68,89600.26,89225.34,86670.36,88347.08,89249.99,91224.99,89957.39,89319.13,88860,89523.16,90600,88578.36,89162.08,86074.72,86509.63,87304.33,88833.65,13918.48919,4226.56737,14426.22019,17766.51453,13125.40425,14332.18502,4619907,959854,3720178,4798083,3787336,4385791,6911.17668,1835.96939,6269.27657,9428.94206,6722.86937,7015.44336,89600.26,89225.34,86670.36,88347.08,89250,89299.99,2952.7,2956.41,2953.23,2816.9,2930.35,3026.77,3019.26,2970.41,2960.29,2951.21,3035.08,3045.78,2892.4,2943.84,2787,2812.37,2899.77,2983.67,318415.3317,92082.9039,380186.5326,485169.3372,478792.3988,296607.6549,5479038,1185149,4637787,5933570,5278439,5061029,159251.2529,41483.2107,165133.7717,239396.1448,229630.1728,154557.6064,2956.41,2953.22,2816.89,2930.35,3026.77,3010.78,2822.59
2026-01-29T00:00:00,89600.26,89225.34,86670.36,88347.08,89249.99,89300,89957.39,89319.13,88860,89523.16,90600,89348,89162.08,86074.72,86509.63,87304.33,88833.65,83383.33,4226.56737,14426.22019,17766.51453,13125.40425,14332.18502,30431.38201,959854,3720178,4798083,3787336,4385791,5598749,1835.96939,6269.27657,9428.94206,6722.86937,7015.44336,12385.58906,89225.34,86670.36,88347.08,89250,89299.99,84650.16,2956.41,2953.23,2816.9,2930.35,3026.77,3010.78,2970.41,2960.29,2951.21,3035.08,3045.78,3013.5,2943.84,2787,2812.37,2899.77,2983.67,2754.53,92082.9039,380186.5326,485169.3372,478792.3988,296607.6549,561288.5979,1185149,4637787,5933570,5278439,5061029,6779608,41483.2107,165133.7717,239396.1448,229630.1728,154557.6064,270939.8171,2953.22,2816.89,2930.35,3026.77,3010.78,2822.59,2707.38
2026-01-30T00:00:00,89225.34,86670.36,88347.08,89249.99,89300,84650.16,89319.13,88860,89523.16,90600,89348,84735.75,86074.72,86509.63,87304.33,88833.65,83383.33,81118,14426.22019,17766.51453,13125.40425,14332.18502,30431.38201,35195.84793,3720178,4798083,3787336,4385791,5598749,8998829,6269.27657,9428.94206,6722.86937,7015.44336,12385.58906,16749.59784,86670.36,88347.08,89250,89299.99,84650.16,84260.49,2953.23,2816.9,2930.35,3026.77,3010.78,2822.6,2960.29,2951.21,3035.08,3045.78,3013.5,2828.65,2787,2812.37,2899.77,2983.67,2754.53,2636.01,380186.5326,485169.3372,478792.3988,296607.6549,561288.5979,793279.6252,4637787,5933570,5278439,5061029,6779608,10661631,165133.7717,239396.1448,229630.1728,154557.6064,270939.8171,388766.163,2816.89,2930.35,3026.77,3010.78,2822.59,2707.38,2451.95
2026-01-31T00:00:00,86670.36,88347.08,89249.99,89300,84650.16,84260.5,88860,89523.16,90600,89348,84735.75,84270.02,86509.63,87304.33,88833.65,83383.33,81118,75719.9,17766.51453,13125.40425,14332.18502,30431.38201,35195.84793,39491.89133,4798083,3787336,4385791,5598749,8998829,7384976,9428.94206,6722.86937,7015.44336,12385.58906,16749.59784,17959.61358,88347.08,89250,89299.99,84650.16,84260.49,78741.09,2816.9,2930.35,3026.77,3010.78,2822.6,2707.37,2951.21,3035.08,3045.78,3013.5,2828.65,2714.64,2812.37,2899.77,2983.67,2754.53,2636.01,2250,485169.3372,478792.3988,296607.6549,561288.5979,793279.6252,1113097.713,5933570,5278439,5061029,6779608,10661631,9305297,239396.1448,229630.1728,154557.6064,270939.8171,388766.163,520430.2055,2930.35,3026.77,3010.78,2822.59,2707.38,2451.95,2270.15
2026-02-01T00:00:00,88347.08,89249.99,89300,84650.16,84260.5,78741.1,89523.16,90600,89348,84735.75,84270.02,79424,87304.33,88833.65,83383.33,81118,75719.9,75700,13125.40425,14332.18502,30431.38201,35195.84793,39491.89133,25395.48168,3787336,4385791,5598749,8998829,7384976,8001906,6722.86937,7015.44336,12385.58906,16749.59784,17959.61358,12031.74392,89250,89299.99,84650.16,84260.49,78741.09,76968.21,2930.35,3026.77,3010.78,2822.6,2707.37,2451.96,3035.08,3045.78,3013.5,2828.65,2714.64,2475.98,2899.77,2983.67,2754.53,2636.01,2250,2222,478792.3988,296607.6549,561288.5979,793279.6252,1113097.713,1026573.947,5278439,5061029,6779608,10661631,9305297,11038637,229630.1728,154557.6064,270939.8171,388766.163,520430.2055,455879.6449,3026.77,3010.78,2822.59,2707.38,2451.95,2270.15,2347.02
2026-02-02T00:00:00,89249.99,89300,84650.16,84260.5,78741.1,76968.22,90600,89348,84735.75,84270.02,79424,79360,88833.65,83383.33,81118,75719.9,75700,74604,14332.18502,30431.38201,35195.84793,39491.89133,25395.48168,42273.59016,4385791,5598749,8998829,7384976,8001906,10085578,7015.44336,12385.58906,16749.59784,17959.61358,12031.74392,21480.45115,89299.99,84650.16,84260.49,78741.09,76968.21,78738.61,3026.77,3010.78,2822.6,2707.37,2451.96,2270.16,3045.78,3013.5,2828.65,2714.64,2475.98,2396.62,2983.67,2754.53,2636.01,2250,2222,2157.14,296607.6549,561288.5979,793279.6252,1113097.713,1026573.947,1248535.211,5061029,6779608,10661631,9305297,11038637,11149156,154557.6064,270939.8171,388766.163,520430.2055,455879.6449,614416.942,3010.78,2822.59,2707.38,2451.95,2270.15,2347.02,2233.72
2026-02-03T00:00:00,89300,84650.16,84260.5,78741.1,76968.22,78738.6,89348,84735.75,84270.02,79424,79360,79186.81,83383.33,81118,75719.9,75700,74604,72945.5,30431.38201,35195.84793,39491.89133,25395.48168,42273.59016,39120.10889,5598749,8998829,7384976,8001906,10085578,9199445,12385.58906,16749.59784,17959.61358,12031.74392,21480.45115,17304.88253,84650.16,84260.49,78741.09,76968.21,78738.61,75770.21,3010.78,2822.6,2707.37,2451.96,2270.16,2347.01,3013.5,2828.65,2714.64,2475.98,2396.62,2359.88,2754.53,2636.01,2250,2222,2157.14,2110,561288.5979,793279.6252,1113097.713,1026573.947,1248535.211,1321099.387,6779608,10661631,9305297,11038637,11149156,11643770,270939.8171,388766.163,520430.2055,455879.6449,614416.942,666418.2157,2822.59,2707.38,2451.95,2270.15,2347.02,2233.72,2148.26
2026-02-04T00:00:00,84650.16,84260.5,78741.1,76968.22,78738.6,75770.21,84735.75,84270.02,79424,79360,79186.81,76971.52,81118,75719.9,75700,74604,72945.5,71888,35195.84793,39491.89133,25395.48168,42273.59016,39120.10889,38375.36,8998829,7384976,8001906,10085578,9199445,10724002,16749.59784,17959.61358,12031.74392,21480.45115,17304.88253,17274.35569,84260.49,78741.09,76968.21,78738.61,75770.21,73165.83,2822.6,2707.37,2451.96,2270.16,2347.01,2233.72,2828.65,2714.64,2475.98,2396.62,2359.88,2295.74,2636.01,2250,2222,2157.14,2110,2076.68,793279.6252,1113097.713,1026573.947,1248535.211,1321099.387,1264743.43,10661631,9305297,11038637,11149156,11643770,10912540,388766.163,520430.2055,455879.6449,614416.942,666418.2157,609896.0952,2707.38,2451.95,2270.15,2347.02,2233.72,2148.26,1826.83
2026-02-05T00:00:00,84260.5,78741.1,76968.22,78738.6,75770.21,73165.84,84270.02,79424,79360,79186.81,76971.52,73341.18,75719.9,75700,74604,72945.5,71888,62345,39491.89133,25395.48168,42273.59016,39120.10889,38375.36,106298.829,7384976,8001906,10085578,9199445,10724002,15364010,17959.61358,12031.74392,21480.45115,17304.88253,17274.35569,49042.65006,78741.09,76968.21,78738.61,75770.21,73165.83,62909.86,2707.37,2451.96,2270.16,2347.01,2233.72,2148.25,2714.64,2475.98,2396.62,2359.88,2295.74,2173.77,2250,2222,2157.14,2110,2076.68,1818.18,1113097.713,1026573.947,1248535.211,1321099.387,1264743.43,1952286.695,9305297,11038637,11149156,11643770,10912540,13667587,520430.2055,455879.6449,614416.942,666418.2157,609896.0952,967965.2824,2451.95,2270.15,2347.02,2233.72,2148.26,1826.83,2063.38
2026-02-06T00:00:00,78741.1,76968.22,78738.6,75770.21,73165.84,62909.87,79424,79360,79186.81,76971.52,73341.18,71751.33,75700,74604,72945.5,71888,62345,60000,25395.48168,42273.59016,39120.10889,38375.36,106298.829,92539.21531,8001906,10085578,9199445,10724002,15364010,13228528,12031.74392,21480.45115,17304.88253,17274.35569,49042.65006,49477.51198,76968.21,78738.61,75770.21,73165.83,62909.86,70580.26,2451.96,2270.16,2347.01,2233.72,2148.25,1826.83,2475.98,2396.62,2359.88,2295.74,2173.77,2093.94,2222,2157.14,2110,2076.68,1818.18,1747.8,1026573.947,1248535.211,1321099.387,1264743.43,1952286.695,2102311.557,11038637,11149156,11643770,10912540,13667587,12362731,455879.6449,614416.942,666418.2157,609896.0952,967965.2824,1189792.576,2270.15,2347.02,2233.72,2148.26,1826.83,2063.38,2087.08
2026-02-07T00:00:00,76968.22,78738.6,75770.21,73165.84,62909.87,70580.26,79360,79186.81,76971.52,73341.18,71751.33,71690.07,74604,72945.5,71888,62345,60000,67300,42273.59016,39120.10889,38375.36,106298.829,92539.21531,44255.48036,10085578,9199445,10724002,15364010,13228528,7167427,21480.45115,17304.88253,17274.35569,49042.65006,49477.51198,18766.22233,78738.61,75770.21,73165.83,62909.86,70580.26,69289.38,2270.16,2347.01,2233.72,2148.25,1826.83,2063.37,2396.62,2359.88,2295.74,2173.77,2093.94,2121.7,2157.14,2110,2076.68,1818.18,1747.8,1994.57,1248535.211,1321099.387,1264743.43,1952286.695,2102311.557,1142616.449,11149156,11643770,10912540,13667587,12362731,7938360,614416.942,666418.2157,609896.0952,967965.2824,1189792.576,548585.9421,2347.02,2233.72,2148.26,1826.83,2063.38,2087.08,2089.74
2026-02-08T00:00:00,78738.6,75770.21,73165.84,62909.87,70580.26,69289.37,79186.81,76971.52,73341.18,71751.33,71690.07,72271.41,72945.5,71888,62345,60000,67300,68888,39120.10889,38375.36,106298.829,92539.21531,44255.48036,21420.53168,9199445,10724002,15364010,13228528,7167427,4870449,17304.88253,17274.35569,49042.65006,49477.51198,18766.22233,11435.75238,75770.21,73165.83,62909.86,70580.26,69289.38,70330.38,2347.01,2233.72,2148.25,1826.83,2063.37,2087.08,2359.88,2295.74,2173.77,2093.94,2121.7,2152.03,2110,2076.68,1818.18,1747.8,1994.57,2064.1,1321099.387,1264743.43,1952286.695,2102311.557,1142616.449,482837.2515,11643770,10912540,13667587,12362731,7938360,4379045,666418.2157,609896.0952,967965.2824,1189792.576,548585.9421,228020.7596,2233.72,2148.26,1826.83,2063.38,2087.08,2089.74,2105.02
2026-02-09T00:00:00,75770.21,73165.84,62909.87,70580.26,69289.37,70330.38,76971.52,73341.18,71751.33,71690.07,72271.41,71453.53,71888,62345,60000,67300,68888,68308,38375.36,106298.829,92539.21531,44255.48036,21420.53168,29152.72842,10724002,15364010,13228528,7167427,4870449,6644769,17274.35569,49042.65006,49477.51198,18766.22233,11435.75238,13854.63486,73165.83,62909.86,70580.26,69289.38,70330.38,70138,2233.72,2148.25,1826.83,2063.37,2087.08,2089.73,2295.74,2173.77,2093.94,2121.7,2152.03,2147.73,2076.68,1818.18,1747.8,1994.57,2064.1,2008.62,1264743.43,1952286.695,2102311.557,1142616.449,482837.2515,625378.5569,10912540,13667587,12362731,7938360,4379045,6331904,609896.0952,967965.2824,1189792.576,548585.9421,228020.7596,315446.5313,2148.26,1826.83,2063.38,2087.08,2089.74,2105.02,2022.67
2026-02-10T00:00:00,73165.84,62909.87,70580.26,69289.37,70330.38,70138,73341.18,71751.33,71690.07,72271.41,71453.53,70527.59,62345,60000,67300,68888,68308,67800,106298.829,92539.21531,44255.48036,21420.53168,29152.72842,20373.77072,15364010,13228528,7167427,4870449,6644769,4558658,49042.65006,49477.51198,18766.22233,11435.75238,13854.63486,9237.21056,62909.86,70580.26,69289.38,70330.38,70138,68841.29,2148.25,1826.83,2063.37,2087.08,2089.73,2105.02,2173.77,2093.94,2121.7,2152.03,2147.73,2124.71,1818.18,1747.8,1994.57,2064.1,2008.62,1989.38,1952286.695,2102311.557,1142616.449,482837.2515,625378.5569,574321.6908,13667587,12362731,7938360,4379045,6331904,5159394,967965.2824,1189792.576,548585.9421,228020.7596,315446.5313,276990.265,1826.83,2063.38,2087.08,2089.74,2105.02,2022.67,1941.18
2026-02-11T00:00:00,62909.87,70580.26,69289.37,70330.38,70138,68841.28,71751.33,71690.07,72271.41,71453.53,70527.59,69292.88,60000,67300,68888,68308,67800,65756,92539.21531,44255.48036,21420.53168,29152.72842,20373.77072,28718.24602,13228528,7167427,4870449,6644769,4558658,6956577,49477.51198,18766.22233,11435.75238,13854.63486,9237.21056,14335.50997,70580.26,69289.38,70330.38,70138,68841.29,67082.52,1826.83,2063.37,2087.08,2089.73,2105.02,2022.67,2093.94,2121.7,2152.03,2147.73,2124.71,2032.31,1747.8,1994.57,2064.1,2008.62,1989.38,1903.19,2102311.557,1142616.449,482837.2515,625378.5569,574321.6908,529655.8177,12362731,7938360,4379045,6331904,5159394,6450810,1189792.576,548585.9421,228020.7596,315446.5313,276990.265,259017.7416,2063.38,2087.08,2089.74,2105.02,2022.67,1941.18,1947.85
2026-02-12T00:00:00,70580.26,69289.37,70330.38,70138,68841.28,67082.52,71690.07,72271.41,71453.53,70527.59,69292.88,68410.52,67300,68888,68308,67800,65756,65118,44255.48036,21420.53168,29152.72842,20373.77072,28718.24602,24271.74283,7167427,4870449,6644769,4558658,6956577,6778280,18766.22233,11435.75238,13854.63486,9237.21056,14335.50997,12101.72511,69289.38,70330.38,70138,68841.29,67082.52,66272.17,2063.37,2087.08,2089.73,2105.02,2022.67,1941.19,2121.7,2152.03,2147.73,2124.71,2032.31,2001.42,1994.57,2064.1,2008.62,1989.38,1903.19,1897.24,1142616.449,482837.2515,625378.5569,574321.6908,529655.8177,427567.1469,7938360,4379045,6331904,5159394,6450810,5262808,548585.9421,228020.7596,315446.5313,276990.265,259017.7416,212467.499,2087.08,2089.74,2105.02,2022.67,1941.18,1947.85,2048.72
2026-02-13T00:00:00,69289.37,70330.38,70138,68841.28,67082.52,66272.17,72271.41,71453.53,70527.59,69292.88,68410.52,69482.97,68888,68308,67800,65756,65118,65872.46,21420.53168,29152.72842,20373.77072,28718.24602,24271.74283,20244.54955,4870449,6644769,4558658,6956577,6778280,6450842,11435.75238,13854.63486,9237.21056,14335.50997,12101.72511,10425.24887,70330.38,70138,68841.29,67082.52,66272.17,68853.96,2087.08,2089.73,2105.02,2022.67,1941.19,1947.85,2152.03,2147.73,2124.71,2032.31,2001.42,2073.68,2064.1,2008.62,1989.38,1903.19,1897.24,1924.72,482837.2515,625378.5569,574321.6908,529655.8177,427567.1469,425649.7698,4379045,6331904,5159394,6450810,5262808,4695571,228020.7596,315446.5313,276990.265,259017.7416,212467.499,215643.6192,2089.74,2105.02,2022.67,1941.18,1947.85,2048.72,2086.59
2026-02-14T00:00:00,70330.38,70138,68841.28,67082.52,66272.17,68853.97,71453.53,70527.59,69292.88,68410.52,69482.97,70560.01,68308,67800,65756,65118,65872.46,68730.13,29152.72842,20373.77072,28718.24602,24271.74283,20244.54955,18114.78393,6644769,4558658,6956577,6778280,6450842,3803163,13854.63486,9237.21056,14335.50997,12101.72511,10425.24887,7857.93423,70138,68841.29,67082.52,66272.17,68853.96,69822.95,2089.73,2105.02,2022.67,1941.19,1947.85,2048.72,2147.73,2124.71,2032.31,2001.42,2073.68,2107.67,2008.62,1989.38,1903.19,1897.24,1924.72,2042.37,625378.5569,574321.6908,529655.8177,427567.1469,425649.7698,220677.2355,6331904,5159394,6450810,5262808,4695571,2720271,315446.5313,276990.265,259017.7416,212467.499,215643.6192,110065.542,2105.02,2022.67,1941.18,1947.85,2048.72,2086.59,1966.58
2026-02-15T00:00:00,70138,68841.28,67082.52,66272.17,68853.97,69822.94,70527.59,69292.88,68410.52,69482.97,70560.01,70983,67800,65756,65118,65872.46,68730.13,68000,20373.77072,28718.24602,24271.74283,20244.54955,18114.78393,22290.05208,4558658,6956577,6778280,6450842,3803163,4598633,9237.21056,14335.50997,12101.72511,10425.24887,7857.93423,8861.59262,68841.29,67082.52,66272.17,68853.96,69822.95,68832.58,2105.02,2022.67,1941.19,1947.85,2048.72,2086.59,2124.71,2032.31,2001.42,2073.68,2107.67,2103.32,1989.38,1903.19,1897.24,1924.72,2042.37,1928.88,574321.6908,529655.8177,427567.1469,425649.7698,220677.2355,834778.0952,5159394,6450810,5262808,4695571,2720271,5864311,276990.265,259017.7416,212467.499,215643.6192,110065.542,323503.2298,2022.67,1941.18,1947.85,2048.72,2086.59,1966.58,1998.33
2026-02-16T00:00:00,68841.28,67082.52,66272.17,68853.97,69822.94,68832.59,69292.88,68410.52,69482.97,70560.01,70983,70126.67,65756,65118,65872.46,68730.13,68000,67294.11,28718.24602,24271.74283,20244.54955,18114.78393,22290.05208,15515.76534,6956577,6778280,6450842,3803163,4598633,5233849,14335.50997,12101.72511,10425.24887,7857.93423,8861.59262,8153.4314,67082.52,66272.17,68853.96,69822.95,68832.58,68892.43,2022.67,1941.19,1947.85,2048.72,2086.59,1966.59,2032.31,2001.42,2073.68,2107.67,2103.32,2023.51,1903.19,1897.24,1924.72,2042.37,1928.88,1937.24,529655.8177,427567.1469,425649.7698,220677.2355,834778.0952,351347.9433,6450810,5262808,4695571,2720271,5864311,4476026,259017.7416,212467.499,215643.6192,110065.542,323503.2298,178158.7858,1941.18,1947.85,2048.72,2086.59,1966.58,1998.33,1991.66
2026-02-17T00:00:00,67082.52,66272.17,68853.97,69822.94,68832.59,68892.43,68410.52,69482.97,70560.01,70983,70126.67,69241.5,65118,65872.46,68730.13,68000,67294.11,66621.06,24271.74283,20244.54955,18114.78393,22290.05208,15515.76534,16489.06921,6778280,6450842,3803163,4598633,5233849,5994853,12101.72511,10425.24887,7857.93423,8861.59262,8153.4314,7538.45107,66272.17,68853.96,69822.95,68832.58,68892.43,67503.52,1941.19,1947.85,2048.72,2086.59,1966.59,1998.34,2001.42,2073.68,2107.67,2103.32,2023.51,2015.33,1897.24,1924.72,2042.37,1928.88,1937.24,1941.66,427567.1469,425649.7698,220677.2355,834778.0952,351347.9433,406246.9427,5262808,4695571,2720271,5864311,4476026,6420841,212467.499,215643.6192,110065.542,323503.2298,178158.7858,196947.7031,1947.85,2048.72,2086.59,1966.58,1998.33,1991.66,1955.91
2026-02-18T00:00:00,66272.17,68853.97,69822.94,68832.59,68892.43,67503.52,69482.97,70560.01,70983,70126.67,69241.5,68476.22,65872.46,68730.13,68000,67294.11,66621.06,65870,20244.54955,18114.78393,22290.05208,15515.76534,16489.06921,15492.43839,6450842,3803163,4598633,5233849,5994853,4548997,10425.24887,7857.93423,8861.59262,8153.4314,7538.45107,7895.05707,68853.96,69822.95,68832.58,68892.43,67503.52,66461,1947.85,2048.72,2086.59,1966.59,1998.34,1991.67,2073.68,2107.67,2103.32,2023.51,2015.33,2039.05,1924.72,2042.37,1928.88,1937.24,1941.66,1923.78,425649.7698,220677.2355,834778.0952,351347.9433,406246.9427,393639.0086,4695571,2720271,5864311,4476026,6420841,5176537,215643.6192,110065.542,323503.2298,178158.7858,196947.7031,191523.6119,2048.72,2086.59,1966.58,1998.33,1991.66,1955.91,1949.08
2026-02-19T00:00:00,68853.97,69822.94,68832.59,68892.43,67503.52,66461,70560.01,70983,70126.67,69241.5,68476.22,67320,68730.13,68000,67294.11,66621.06,65870,65631.83,18114.78393,22290.05208,15515.76534,16489.06921,15492.43839,14542.26988,3803163,4598633,5233849,5994853,4548997,4679351,7857.93423,8861.59262,8153.4314,7538.45107,7895.05707,7106.70741,69822.95,68832.58,68892.43,67503.52,66461,67003.73,2048.72,2086.59,1966.59,1998.34,1991.67,1955.9,2107.67,2103.32,2023.51,2015.33,2039.05,1987.55,2042.37,1928.88,1937.24,1941.66,1923.78,1907,220677.2355,834778.0952,351347.9433,406246.9427,393639.0086,300257.0733,2720271,5864311,4476026,6420841,5176537,3793608,110065.542,323503.2298,178158.7858,196947.7031,191523.6119,142030.3122,2086.59,1966.58,1998.33,1991.66,1955.91,1949.08,1968.88
2026-02-20T00:00:00,69822.94,68832.59,68892.43,67503.52,66461,67003.73,70983,70126.67,69241.5,68476.22,67320,68318.39,68000,67294.11,66621.06,65870,65631.83,66280.2,22290.05208,15515.76534,16489.06921,15492.43839,14542.26988,35351.87091,4598633,5233849,5994853,4548997,4679351,5044912,8861.59262,8153.4314,7538.45107,7895.05707,7106.70741,15001.46034,68832.58,68892.43,67503.52,66461,67003.73,68020.01,2086.59,1966.59,1998.34,1991.67,1955.9,1949.08,2103.32,2023.51,2015.33,2039.05,1987.55,1981.18,1928.88,1937.24,1941.66,1923.78,1907,1922.97,834778.0952,351347.9433,406246.9427,393639.0086,300257.0733,386253.5557,5864311,4476026,6420841,5176537,3793608,3948261,323503.2298,178158.7858,196947.7031,191523.6119,142030.3122,186424.2257,1966.58,1998.33,1991.66,1955.91,1949.08,1968.88,1973.35
2026-02-21T00:00:00,68832.59,68892.43,67503.52,66461,67003.73,68020,70126.67,69241.5,68476.22,67320,68318.39,68698.7,67294.11,66621.06,65870,65631.83,66280.2,67534.69,15515.76534,16489.06921,15492.43839,14542.26988,35351.87091,8032.84131,5233849,5994853,4548997,4679351,5044912,1593539,8153.4314,7538.45107,7895.05707,7106.70741,15001.46034,4003.46206,68892.43,67503.52,66461,67003.73,68020.01,67975.93,1966.59,1998.34,1991.67,1955.9,1949.08,1968.88,2023.51,2015.33,2039.05,1987.55,1981.18,1995.56,1937.24,1941.66,1923.78,1907,1922.97,1955.62,351347.9433,406246.9427,393639.0086,300257.0733,386253.5557,179173.8456,4476026,6420841,5176537,3793608,3948261,1362230,178158.7858,196947.7031,191523.6119,142030.3122,186424.2257,91535.9107,1998.33,1991.66,1955.91,1949.08,1968.88,1973.35,1957.82
2026-02-22T00:00:00,68892.43,67503.52,66461,67003.73,68020,67975.93,69241.5,68476.22,67320,68318.39,68698.7,68245,66621.06,65870,65631.83,66280.2,67534.69,67190,16489.06921,15492.43839,14542.26988,35351.87091,8032.84131,8175.13484,5994853,4548997,4679351,5044912,1593539,2160900,7538.45107,7895.05707,7106.70741,15001.46034,4003.46206,3974.29287,67503.52,66461,67003.73,68020.01,67975.93,67643.4,1998.34,1991.67,1955.9,1949.08,1968.88,1973.35,2015.33,2039.05,1987.55,1981.18,1995.56,1983.13,1941.66,1923.78,1907,1922.97,1955.62,1935,406246.9427,393639.0086,300257.0733,386253.5557,179173.8456,155325.6482,6420841,5176537,3793608,3948261,1362230,1850073,196947.7031,191523.6119,142030.3122,186424.2257,91535.9107,77240.1124,1991.66,1955.91,1949.08,1968.88,1973.35,1957.82,1856.3
2026-02-23T00:00:00,67503.52,66461,67003.73,68020,67975.93,67643.39,68476.22,67320,68318.39,68698.7,68245,67684.86,65870,65631.83,66280.2,67534.69,67190,63888.79,15492.43839,14542.26988,35351.87091,8032.84131,8175.13484,33075.90923,4548997,4679351,5044912,1593539,2160900,8268695,7895.05707,7106.70741,15001.46034,4003.46206,3974.29287,16388.63858,66461,67003.73,68020.01,67975.93,67643.4,64656.02,1991.67,1955.9,1949.08,1968.88,1973.35,1957.82,2039.05,1987.55,1981.18,1995.56,1983.13,1958.33,1923.78,1907,1922.97,1955.62,1935,1837.13,393639.0086,300257.0733,386253.5557,179173.8456,155325.6482,547359.4869,5176537,3793608,3948261,1362230,1850073,6684753,191523.6119,142030.3122,186424.2257,91535.9107,77240.1124,266498.7851,1955.91,1949.08,1968.88,1973.35,1957.82,1856.3,1851.94
2026-02-24T00:00:00,66461,67003.73,68020,67975.93,67643.39,64656.01,67320,68318.39,68698.7,68245,67684.86,65026.75,65631.83,66280.2,67534.69,67190,63888.79,62510.28,14542.26988,35351.87091,8032.84131,8175.13484,33075.90923,23102.83622,4679351,5044912,1593539,2160900,8268695,7553629,7106.70741,15001.46034,4003.46206,3974.29287,16388.63858,11150.61026,67003.73,68020.01,67975.93,67643.4,64656.02,64058.15,1955.9,1949.08,1968.88,1973.35,1957.82,1856.3,1987.55,1981.18,1995.56,1983.13,1958.33,1869.58,1907,1922.97,1955.62,1935,1837.13,1800,300257.0733,386253.5557,179173.8456,155325.6482,547359.4869,438064.0284,3793608,3948261,1362230,1850073,6684753,6607359,142030.3122,186424.2257,91535.9107,77240.1124,266498.7851,205850.4101,1949.08,1968.88,1973.35,1957.82,1856.3,1851.94,2057.48
2026-02-25T00:00:00,67003.73,68020,67975.93,67643.39,64656.01,64058.15,68318.39,68698.7,68245,67684.86,65026.75,69988.83,66280.2,67534.69,67190,63888.79,62510.28,63913.27,35351.87091,8032.84131,8175.13484,33075.90923,23102.83622,30749.99259,5044912,1593539,2160900,8268695,7553629,7096715,15001.46034,4003.46206,3974.29287,16388.63858,11150.61026,16382.91985,68020.01,67975.93,67643.4,64656.02,64058.15,67988.04,1949.08,1968.88,1973.35,1957.82,1856.3,1851.95,1981.18,1995.56,1983.13,1958.33,1869.58,2148.39,1922.97,1955.62,1935,1837.13,1800,1846.74,386253.5557,179173.8456,155325.6482,547359.4869,438064.0284,682979.4378,3948261,1362230,1850073,6684753,6607359,9024746,186424.2257,91535.9107,77240.1124,266498.7851,205850.4101,343230.549,1968.88,1973.35,1957.82,1856.3,1851.94,2057.48,2027.68
2026-02-26T00:00:00,68020,67975.93,67643.39,64656.01,64058.15,67988.04,68698.7,68245,67684.86,65026.75,69988.83,68860,67534.69,67190,63888.79,62510.28,63913.27,66500,8032.84131,8175.13484,33075.90923,23102.83622,30749.99259,20737.77792,1593539,2160900,8268695,7553629,7096715,5426137,4003.46206,3974.29287,16388.63858,11150.61026,16382.91985,10172.50047,67975.93,67643.4,64656.02,64058.15,67988.04,67485.18,1968.88,1973.35,1957.82,1856.3,1851.95,2057.48,1995.56,1983.13,1958.33,1869.58,2148.39,2083.33,1955.62,1935,1837.13,1800,1846.74,1975.35,179173.8456,155325.6482,547359.4869,438064.0284,682979.4378,439783.3566,1362230,1850073,6684753,6607359,9024746,7142316,91535.9107,77240.1124,266498.7851,205850.4101,343230.549,224781.9099,1973.35,1957.82,1856.3,1851.94,2057.48,2027.68,1929.84
2026-02-27T00:00:00,67975.93,67643.39,64656.01,64058.15,67988.04,67485.19,68245,67684.86,65026.75,69988.83,68860,68216.8,67190,63888.79,62510.28,63913.27,66500,64914.46,8175.13484,33075.90923,23102.83622,30749.99259,20737.77792,21228.58424,2160900,8268695,7553629,7096715,5426137,3856064,3974.29287,16388.63858,11150.61026,16382.91985,10172.50047,10107.20917,67643.4,64656.02,64058.15,67988.04,67485.18,65872.1,1973.35,1957.82,1856.3,1851.95,2057.48,2027.68,1983.13,1958.33,1869.58,2148.39,2083.33,2063.52,1935,1837.13,1800,1846.74,1975.35,1887,155325.6482,547359.4869,438064.0284,682979.4378,439783.3566,428687.234,1850073,6684753,6607359,9024746,7142316,5213158,77240.1124,266498.7851,205850.4101,343230.549,224781.9099,214287.6264,1957.82,1856.3,1851.94,2057.48,2027.68,1929.84,1964.51
2026-02-28T00:00:00,67643.39,64656.01,64058.15,67988.04,67485.19,65872.09,67684.86,65026.75,69988.83,68860,68216.8,67760,63888.79,62510.28,63913.27,66500,64914.46,63030,33075.90923,23102.83622,30749.99259,20737.77792,21228.58424,22548.71649,8268695,7553629,7096715,5426137,3856064,5268514,16388.63858,11150.61026,16382.91985,10172.50047,10107.20917,11531.10802,64656.02,64058.15,67988.04,67485.18,65872.1,66973.26,1957.82,1856.3,1851.95,2057.48,2027.68,1929.84,1958.33,1869.58,2148.39,2083.33,2063.52,1984.99,1837.13,1800,1846.74,1975.35,1887,1835.36,547359.4869,438064.0284,682979.4378,439783.3566,428687.234,461680.9835,6684753,6607359,9024746,7142316,5213158,6186042,266498.7851,205850.4101,343230.549,224781.9099,214287.6264,229978.4238,1856.3,1851.94,2057.48,2027.68,1929.84,1964.51,1939.71
2026-03-01T00:00:00,64656.01,64058.15,67988.04,67485.19,65872.09,66973.26,65026.75,69988.83,68860,68216.8,67760,68199.99,62510.28,63913.27,66500,64914.46,63030,65056,23102.83622,30749.99259,20737.77792,21228.58424,22548.71649,23201.85859,7553629,7096715,5426137,3856064,5268514,5312013,11150.61026,16382.91985,10172.50047,10107.20917,11531.10802,11209.77201,64058.15,67988.04,67485.18,65872.1,66973.26,65776.47,1856.3,1851.95,2057.48,2027.68,1929.84,1964.51,1869.58,2148.39,2083.33,2063.52,1984.99,2054.8,1800,1846.74,1975.35,1887,1835.36,1907.41,438064.0284,682979.4378,439783.3566,428687.234,461680.9835,529196.8464,6607359,9024746,7142316,5213158,6186042,6616298,205850.4101,343230.549,224781.9099,214287.6264,229978.4238,254547.6476,1851.94,2057.48,2027.68,1929.84,1964.51,1939.71,2027.35
2026-03-02T00:00:00,64058.15,67988.04,67485.19,65872.09,66973.26,65776.48,69988.83,68860,68216.8,67760,68199.99,70096,63913.27,66500,64914.46,63030,65056,65259.21,30749.99259,20737.77792,21228.58424,22548.71649,23201.85859,32010.38431,7096715,5426137,3856064,5268514,5312013,8397526,16382.91985,10172.50047,10107.20917,11531.10802,11209.77201,15335.91369,67988.04,67485.18,65872.1,66973.26,65776.47,68830.06,1851.95,2057.48,2027.68,1929.84,1964.51,1939.71,2148.39,2083.33,2063.52,1984.99,2054.8,2090,1846.74,1975.35,1887,1835.36,1907.41,1920,682979.4378,439783.3566,428687.234,461680.9835,529196.8464,577406.3749,9024746,7142316,5213158,6186042,6616298,9343785,343230.549,224781.9099,214287.6264,229978.4238,254547.6476,299199.2494,2057.48,2027.68,1929.84,1964.51,1939.71,2027.35,1982.8
2026-03-03T00:00:00,67988.04,67485.19,65872.09,66973.26,65776.48,68830.06,68860,68216.8,67760,68199.99,70096,69258.08,66500,64914.46,63030,65056,65259.21,66158,20737.77792,21228.58424,22548.71649,23201.85859,32010.38431,24972.2418,5426137,3856064,5268514,5312013,8397526,7648119,10172.50047,10107.20917,11531.10802,11209.77201,15335.91369,12331.622,67485.18,65872.1,66973.26,65776.47,68830.06,68338,2057.48,2027.68,1929.84,1964.51,1939.71,2027.34,2083.33,2063.52,1984.99,2054.8,2090,2041.48,1975.35,1887,1835.36,1907.41,1920,1929.56,439783.3566,428687.234,461680.9835,529196.8464,577406.3749,509329.8534,7142316,5213158,6186042,6616298,9343785,8311355,224781.9099,214287.6264,229978.4238,254547.6476,299199.2494,254251.3309,2027.68,1929.84,1964.51,1939.71,2027.35,1982.8,2127.28
2026-03-04T00:00:00,67485.19,65872.09,66973.26,65776.48,68830.06,68338.01,68216.8,67760,68199.99,70096,69258.08,74050,64914.46,63030,65056,65259.21,66158,67400,21228.58424,22548.71649,23201.85859,32010.38431,24972.2418,44919.0761,3856064,5268514,5312013,8397526,7648119,8618302,10107.20917,11531.10802,11209.77201,15335.91369,12331.622,23641.35243,65872.1,66973.26,65776.47,68830.06,68338,72666.77,2027.68,1929.84,1964.51,1939.71,2027.34,1982.81,2063.52,1984.99,2054.8,2090,2041.48,2199,1887,1835.36,1907.41,1920,1929.56,1945.08,428687.234,461680.9835,529196.8464,577406.3749,509329.8534,737644.8152,5213158,6186042,6616298,9343785,8311355,9527323,214287.6264,229978.4238,254547.6476,299199.2494,254251.3309,368171.8559,1929.84,1964.51,1939.71,2027.35,1982.8,2127.28,2072.86
2026-03-05T00:00:00,65872.09,66973.26,65776.48,68830.06,68338.01,72666.77,67760,68199.99,70096,69258.08,74050,73558.15,63030,65056,65259.21,66158,67400,70645.47,22548.71649,23201.85859,32010.38431,24972.2418,44919.0761,26590.51253,5268514,5312013,8397526,7648119,8618302,6709160,11531.10802,11209.77201,15335.91369,12331.622,23641.35243,12299.51467,66973.26,65776.47,68830.06,68338,72666.77,70890.72,1929.84,1964.51,1939.71,2027.34,1982.81,2127.28,1984.99,2054.8,2090,2041.48,2199,2163.66,1835.36,1907.41,1920,1929.56,1945.08,2054.75,461680.9835,529196.8464,577406.3749,509329.8534,737644.8152,432157.8126,6186042,6616298,9343785,8311355,9527323,6753565,229978.4238,254547.6476,299199.2494,254251.3309,368171.8559,205453.4958,1964.51,1939.71,2027.35,1982.8,2127.28,2072.86,1978.68
2026-03-06T00:00:00,66973.26,65776.48,68830.06,68338.01,72666.77,70891.02,68199.99,70096,69258.08,74050,73558.15,71419.98,65056,65259.21,66158,67400,70645.47,67744.78,23201.85859,32010.38431,24972.2418,44919.0761,26590.51253,22629.88722,5312013,8397526,7648119,8618302,6709160,5302899,11209.77201,15335.91369,12331.622,23641.35243,12299.51467,10464.09351,65776.47,68830.06,68338,72666.77,70890.72,68114.02,1964.51,1939.71,2027.34,1982.81,2127.28,2072.86,2054.8,2090,2041.48,2199,2163.66,2093.33,1907.41,1920,1929.56,1945.08,2054.75,1955.95,529196.8464,577406.3749,509329.8534,737644.8152,432157.8126,411597.7569,6616298,9343785,8311355,9527323,6753565,5601424,254547.6476,299199.2494,254251.3309,368171.8559,205453.4958,197603.9435,1939.71,2027.35,1982.8,2127.28,2072.86,1978.68,1969.59
2026-03-07T00:00:00,65776.48,68830.06,68338.01,72666.77,70891.02,68114.02,70096,69258.08,74050,73558.15,71419.98,68551.04,65259.21,66158,67400,70645.47,67744.78,66915.26,32010.38431,24972.2418,44919.0761,26590.51253,22629.88722,12719.54315,8397526,7648119,8618302,6709160,5302899,2067476,15335.91369,12331.622,23641.35243,12299.51467,10464.09351,5910.76849,68830.06,68338,72666.77,70890.72,68114.02,67262.91,1939.71,2027.34,1982.81,2127.28,2072.86,1978.68,2090,2041.48,2199,2163.66,2093.33,1996.04,1920,1929.56,1945.08,2054.75,1955.95,1948.09,577406.3749,509329.8534,737644.8152,432157.8126,411597.7569,184459.82,9343785,8311355,9527323,6753565,5601424,2029543,299199.2494,254251.3309,368171.8559,205453.4958,197603.9435,89270.3932,2027.35,1982.8,2127.28,2072.86,1978.68,1969.59,1937.1
2026-03-08T00:00:00,68830.06,68338.01,72666.77,70891.02,68114.02,67262.91,69258.08,74050,73558.15,71419.98,68551.04,68200,66158,67400,70645.47,67744.78,66915.26,65618.49,24972.2418,44919.0761,26590.51253,22629.88722,12719.54315,21593.63901,7648119,8618302,6709160,5302899,2067476,3028392,12331.622,23641.35243,12299.51467,10464.09351,5910.76849,11268.64926,68338,72666.77,70890.72,68114.02,67262.91,65971.2,2027.34,1982.81,2127.28,2072.86,1978.68,1969.6,2041.48,2199,2163.66,2093.33,1996.04,1979.8,1929.56,1945.08,2054.75,1955.95,1948.09,1916.14,509329.8534,737644.8152,432157.8126,411597.7569,184459.82,391189.7317,8311355,9527323,6753565,5601424,2029543,4044585,254251.3309,368171.8559,205453.4958,197603.9435,89270.3932,190729.8992,1982.8,2127.28,2072.86,1978.68,1969.59,1937.1,1992.98
2026-03-09T00:00:00,68338.01,72666.77,70891.02,68114.02,67262.91,65971.2,74050,73558.15,71419.98,68551.04,68200,69516.65,67400,70645.47,67744.78,66915.26,65618.49,65821.97,44919.0761,26590.51253,22629.88722,12719.54315,21593.63901,28896.7213,8618302,6709160,5302899,2067476,3028392,5093667,23641.35243,12299.51467,10464.09351,5910.76849,11268.64926,14101.45378,72666.77,70890.72,68114.02,67262.91,65971.2,68432.16,1982.81,2127.28,2072.86,1978.68,1969.6,1937.11,2199,2163.66,2093.33,1996.04,1979.8,2053.52,1945.08,2054.75,1955.95,1948.09,1916.14,1929.65,737644.8152,432157.8126,411597.7569,184459.82,391189.7317,550825.4883,9527323,6753565,5601424,2029543,4044585,6360581,368171.8559,205453.4958,197603.9435,89270.3932,190729.8992,282877.29,2127.28,2072.86,1978.68,1969.59,1937.1,1992.98,2036.51
2026-03-10T00:00:00,72666.77,70891.02,68114.02,67262.91,65971.2,68432.16,73558.15,71419.98,68551.04,68200,69516.65,71777,70645.47,67744.78,66915.26,65618.49,65821.97,68391.41,26590.51253,22629.88722,12719.54315,21593.63901,28896.7213,32602.57726,6709160,5302899,2067476,3028392,5093667,5176064,12299.51467,10464.09351,5910.76849,11268.64926,14101.45378,16453.82839,70890.72,68114.02,67262.91,65971.2,68432.16,69948.63,2127.28,2072.86,1978.68,1969.6,1937.11,1992.97,2163.66,2093.33,1996.04,1979.8,2053.52,2088.19,2054.75,1955.95,1948.09,1916.14,1929.65,1991,432157.8126,411597.7569,184459.82,391189.7317,550825.4883,463411.8739,6753565,5601424,2029543,4044585,6360581,5226998,205453.4958,197603.9435,89270.3932,190729.8992,282877.29,240013.7173,2072.86,1978.68,1969.59,1937.1,1992.98,2036.51,2051.97
2026-03-11T00:00:00,70891.02,68114.02,67262.91,65971.2,68432.16,69948.64,71419.98,68551.04,68200,69516.65,71777,71321,67744.78,66915.26,65618.49,65821.97,68391.41,68977.91,22629.88722,12719.54315,21593.63901,28896.7213,32602.57726,27249.27542,5302899,2067476,3028392,5093667,5176064,4759855,10464.09351,5910.76849,11268.64926,14101.45378,16453.82839,14015.31615,68114.02,67262.91,65971.2,68432.16,69948.63,70191.86,2072.86,1978.68,1969.6,1937.11,1992.97,2036.5,2093.33,1996.04,1979.8,2053.52,2088.19,2085.58,1955.95,1948.09,1916.14,1929.65,1991,2007.17,411597.7569,184459.82,391189.7317,550825.4883,463411.8739,350061.256,5601424,2029543,4044585,6360581,5226998,4730286,197603.9435,89270.3932,190729.8992,282877.29,240013.7173,172446.7326,1978.68,1969.59,1937.1,1992.98,2036.51,2051.97,2073.52
2026-03-12T00:00:00,68114.02,67262.91,65971.2,68432.16,69948.64,70191.86,68551.04,68200,69516.65,71777,71321,70800,66915.26,65618.49,65821.97,68391.41,68977.91,69205.91,12719.54315,21593.63901,28896.7213,32602.57726,27249.27542,21997.1605,2067476,3028392,5093667,5176064,4759855,4344059,5910.76849,11268.64926,14101.45378,16453.82839,14015.31615,10545.03396,67262.91,65971.2,68432.16,69948.63,70191.86,70541.34,1978.68,1969.6,1937.11,1992.97,2036.5,2051.97,1996.04,1979.8,2053.52,2088.19,2085.58,2095,1948.09,1916.14,1929.65,1991,2007.17,2017.59,184459.82,391189.7317,550825.4883,463411.8739,350061.256,400507.8132,2029543,4044585,6360581,5226998,4730286,4757775,89270.3932,190729.8992,282877.29,240013.7173,172446.7326,196694.8334,1969.59,1937.1,1992.98,2036.51,2051.97,2073.52,2092.22
2026-03-13T00:00:00,67262.91,65971.2,68432.16,69948.64,70191.86,70541.34,68200,69516.65,71777,71321,70800,73913.74,65618.49,65821.97,68391.41,68977.91,69205.91,70386.01,21593.63901,28896.7213,32602.57726,27249.27542,21997.1605,35996.61678,3028392,5093667,5176064,4759855,4344059,5312490,11268.64926,14101.45378,16453.82839,14015.31615,10545.03396,18310.3426,65971.2,68432.16,69948.63,70191.86,70541.34,70930,1969.6,1937.11,1992.97,2036.5,2051.97,2073.51,1979.8,2053.52,2088.19,2085.58,2095,2209.03,1916.14,1929.65,1991,2007.17,2017.59,2070.12,391189.7317,550825.4883,463411.8739,350061.256,400507.8132,599657.0399,4044585,6360581,5226998,4730286,4757775,6138489,190729.8992,282877.29,240013.7173,172446.7326,196694.8334,300361.2151,1937.1,1992.98,2036.51,2051.97,2073.52,2092.22,2096.16
2026-03-14T00:00:00,65971.2,68432.16,69948.64,70191.86,70541.34,70930.01,69516.65,71777,71321,70800,73913.74,71307.92,65821.97,68391.41,68977.91,69205.91,70386.01,70317,28896.7213,32602.57726,27249.27542,21997.1605,35996.61678,13017.24737,5093667,5176064,4759855,4344059,5312490,1661739,14101.45378,16453.82839,14015.31615,10545.03396,18310.3426,6242.10104,68432.16,69948.63,70191.86,70541.34,70930,71211.95,1937.11,1992.97,2036.5,2051.97,2073.51,2092.21,2053.52,2088.19,2085.58,2095,2209.03,2106.09,1929.65,1991,2007.17,2017.59,2070.12,2061.6,550825.4883,463411.8739,350061.256,400507.8132,599657.0399,152500.5822,6360581,5226998,4730286,4757775,6138489,1584458,282877.29,240013.7173,172446.7326,196694.8334,300361.2151,73409.361,1992.98,2036.51,2051.97,2073.52,2092.22,2096.16,2178.3
2026-03-15T00:00:00,68432.16,69948.64,70191.86,70541.34,70930.01,71211.95,71777,71321,70800,73913.74,71307.92,73199,68391.41,68977.91,69205.91,70386.01,70317,70858.82,32602.57726,27249.27542,21997.1605,35996.61678,13017.24737,14037.30704,5176064,4759855,4344059,5312490,1661739,2509013,16453.82839,14015.31615,10545.03396,18310.3426,6242.10104,7307.01776,69948.63,70191.86,70541.34,70930,71211.95,72815.24,1992.97,2036.5,2051.97,2073.51,2092.21,2096.16,2088.19,2085.58,2095,2209.03,2106.09,2202.87,1991,2007.17,2017.59,2070.12,2061.6,2083.35,463411.8739,350061.256,400507.8132,599657.0399,152500.5822,280825.9377,5226998,4730286,4757775,6138489,1584458,3001730,240013.7173,172446.7326,196694.8334,300361.2151,73409.361,146142.3746,2036.51,2051.97,2073.52,2092.22,2096.16,2178.3,2352.97
2026-03-16T00:00:00,69948.64,70191.86,70541.34,70930.01,71211.95,72815.25,71321,70800,73913.74,71307.92,73199,74909.08,68977.91,69205.91,70386.01,70317,70858.82,72270.41,27249.27542,21997.1605,35996.61678,13017.24737,14037.30704,28409.53019,4759855,4344059,5312490,1661739,2509013,5396482,14015.31615,10545.03396,18310.3426,6242.10104,7307.01776,15204.22255,70191.86,70541.34,70930,71211.95,72815.24,74884.67,2036.5,2051.97,2073.51,2092.21,2096.16,2178.29,2085.58,2095,2209.03,2106.09,2202.87,2386.02,2007.17,2017.59,2070.12,2061.6,2083.35,2164.73,350061.256,400507.8132,599657.0399,152500.5822,280825.9377,845892.7756,4730286,4757775,6138489,1584458,3001730,7409311,172446.7326,196694.8334,300361.2151,73409.361,146142.3746,445819.396,2051.97,2073.52,2092.22,2096.16,2178.3,2352.97,2317.39
2026-03-17T00:00:00,70191.86,70541.34,70930.01,71211.95,72815.25,74884.67,70800,73913.74,71307.92,73199,74909.08,76000,69205.91,70386.01,70317,70858.82,72270.41,73399.19,21997.1605,35996.61678,13017.24737,14037.30704,28409.53019,24521.26636,4344059,5312490,1661739,2509013,5396482,4863187,10545.03396,18310.3426,6242.10104,7307.01776,15204.22255,11791.2523,70541.34,70930,71211.95,72815.24,74884.67,73909.36,2051.97,2073.51,2092.21,2096.16,2178.29,2352.97,2095,2209.03,2106.09,2202.87,2386.02,2376.66,2017.59,2070.12,2061.6,2083.35,2164.73,2294.15,400507.8132,599657.0399,152500.5822,280825.9377,845892.7756,493831.1016,4757775,6138489,1584458,3001730,7409311,5596636,196694.8334,300361.2151,73409.361,146142.3746,445819.396,240136.5065,2073.52,2092.22,2096.16,2178.3,2352.97,2317.39,2203.39
2026-03-18T00:00:00,70541.34,70930.01,71211.95,72815.25,74884.67,73909.37,73913.74,71307.92,73199,74909.08,76000,74672.34,70386.01,70317,70858.82,72270.41,73399.19,70500,35996.61678,13017.24737,14037.30704,28409.53019,24521.26636,23392.88093,5312490,1661739,2509013,5396482,4863187,4733897,18310.3426,6242.10104,7307.01776,15204.22255,11791.2523,11709.17057,70930,71211.95,72815.24,74884.67,73909.36,71246.54,2073.51,2092.21,2096.16,2178.29,2352.97,2317.38,2209.03,2106.09,2202.87,2386.02,2376.66,2350,2070.12,2061.6,2083.35,2164.73,2294.15,2153.21,599657.0399,152500.5822,280825.9377,845892.7756,493831.1016,488040.8887,6138489,1584458,3001730,7409311,5596636,5684937,300361.2151,73409.361,146142.3746,445819.396,240136.5065,232364.5906,2092.22,2096.16,2178.3,2352.97,2317.39,2203.39,2137.81
2026-03-19T00:00:00,70930.01,71211.95,72815.25,74884.67,73909.37,71246.55,71307.92,73199,74909.08,76000,74672.34,71613.79,70317,70858.82,72270.41,73399.19,70500,68793.35,13017.24737,14037.30704,28409.53019,24521.26636,23392.88093,22364.81819,1661739,2509013,5396482,4863187,4733897,4972526,6242.10104,7307.01776,15204.22255,11791.2523,11709.17057,10489.13676,71211.95,72815.24,74884.67,73909.36,71246.54,69930,2092.21,2096.16,2178.29,2352.97,2317.38,2203.39,2106.09,2202.87,2386.02,2376.66,2350,2233.72,2061.6,2083.35,2164.73,2294.15,2153.21,2099.38,152500.5822,280825.9377,845892.7756,493831.1016,488040.8887,490791.679,1584458,3001730,7409311,5596636,5684937,6142160,73409.361,146142.3746,445819.396,240136.5065,232364.5906,235483.1788,2096.16,2178.3,2352.97,2317.39,2203.39,2137.81,2146.22
2026-03-20T00:00:00,71211.95,72815.25,74884.67,73909.37,71246.55,69930.01,73199,74909.08,76000,74672.34,71613.79,71367,70858.82,72270.41,73399.19,70500,68793.35,69388,14037.30704,28409.53019,24521.26636,23392.88093,22364.81819,18121.16745,2509013,5396482,4863187,4733897,4972526,4369971,7307.01776,15204.22255,11791.2523,11709.17057,10489.13676,8801.41211,72815.24,74884.67,73909.36,71246.54,69930,70510.73,2096.16,2178.29,2352.97,2317.38,2203.39,2137.82,2202.87,2386.02,2376.66,2350,2233.72,2176.84,2083.35,2164.73,2294.15,2153.21,2099.38,2116.88,280825.9377,845892.7756,493831.1016,488040.8887,490791.679,300156.1778,3001730,7409311,5596636,5684937,6142160,4595372,146142.3746,445819.396,240136.5065,232364.5906,235483.1788,162200.144,2178.3,2352.97,2317.39,2203.39,2137.81,2146.22,2084.87
2026-03-21T00:00:00,72815.25,74884.67,73909.37,71246.55,69930.01,70510.73,74909.08,76000,74672.34,71613.79,71367,71100.94,72270.41,73399.19,70500,68793.35,69388,68571.42,28409.53019,24521.26636,23392.88093,22364.81819,18121.16745,13397.1675,5396482,4863187,4733897,4972526,4369971,1640086,15204.22255,11791.2523,11709.17057,10489.13676,8801.41211,6379.69313,74884.67,73909.36,71246.54,69930,70510.73,68918.12,2178.29,2352.97,2317.38,2203.39,2137.82,2146.21,2386.02,2376.66,2350,2233.72,2176.84,2168.27,2164.73,2294.15,2153.21,2099.38,2116.88,2070.78,845892.7756,493831.1016,488040.8887,490791.679,300156.1778,132559.4646,7409311,5596636,5684937,6142160,4595372,1375463,445819.396,240136.5065,232364.5906,235483.1788,162200.144,63249.5812,2352.97,2317.39,2203.39,2137.81,2146.22,2084.87,2053.89
2026-03-22T00:00:00,74884.67,73909.37,71246.55,69930.01,70510.73,68918.12,76000,74672.34,71613.79,71367,71100.94,69588.79,73399.19,70500,68793.35,69388,68571.42,67360.66,24521.26636,23392.88093,22364.81819,18121.16745,13397.1675,14843.78682,4863187,4733897,4972526,4369971,1640086,3269152,11791.2523,11709.17057,10489.13676,8801.41211,6379.69313,7292.32333,73909.36,71246.54,69930,70510.73,68918.12,67859,2352.97,2317.38,2203.39,2137.82,2146.21,2084.86,2376.66,2350,2233.72,2176.84,2168.27,2127.21,2294.15,2153.21,2099.38,2116.88,2070.78,2026,493831.1016,488040.8887,490791.679,300156.1778,132559.4646,313070.5572,5596636,5684937,6142160,4595372,1375463,3577857,240136.5065,232364.5906,235483.1788,162200.144,63249.5812,154345.7056,2317.39,2203.39,2137.81,2146.22,2084.87,2053.89,2152.03
2026-03-23T00:00:00,73909.37,71246.55,69930.01,70510.73,68918.12,67859,74672.34,71613.79,71367,71100.94,69588.79,71817.09,70500,68793.35,69388,68571.42,67360.66,67445.18,23392.88093,22364.81819,18121.16745,13397.1675,14843.78682,28335.09119,4733897,4972526,4369971,1640086,3269152,6509730,11709.17057,10489.13676,8801.41211,6379.69313,7292.32333,14640.9723,71246.54,69930,70510.73,68918.12,67859,70906.45,2317.38,2203.39,2137.82,2146.21,2084.86,2053.9,2350,2233.72,2176.84,2168.27,2127.21,2198.57,2153.21,2099.38,2116.88,2070.78,2026,2023.04,488040.8887,490791.679,300156.1778,132559.4646,313070.5572,614508.4369,5684937,6142160,4595372,1375463,3577857,7349668,232364.5906,235483.1788,162200.144,63249.5812,154345.7056,310239.9864,2203.39,2137.81,2146.22,2084.87,2053.89,2152.03,2156.23
2026-03-24T00:00:00,71246.55,69930.01,70510.73,68918.12,67859,70906.45,71613.79,71367,71100.94,69588.79,71817.09,71400,68793.35,69388,68571.42,67360.66,67445.18,68923.07,22364.81819,18121.16745,13397.1675,14843.78682,28335.09119,20702.42244,4972526,4369971,1640086,3269152,6509730,4191328,10489.13676,8801.41211,6379.69313,7292.32333,14640.9723,9731.85043,69930,70510.73,68918.12,67859,70906.45,70556.74,2203.39,2137.82,2146.21,2084.86,2053.9,2152.03,2233.72,2176.84,2168.27,2127.21,2198.57,2175.16,2099.38,2116.88,2070.78,2026,2023.04,2103.02,490791.679,300156.1778,132559.4646,313070.5572,614508.4369,316703.4728,6142160,4595372,1375463,3577857,7349668,4633093,235483.1788,162200.144,63249.5812,154345.7056,310239.9864,152304.1675,2137.81,2146.22,2084.87,2053.89,2152.03,2156.23,2169.02
2026-03-25T00:00:00,69930.01,70510.73,68918.12,67859,70906.45,70556.74,71367,71100.94,69588.79,71817.09,71400,72026.09,69388,68571.42,67360.66,67445.18,68923.07,70408,18121.16745,13397.1675,14843.78682,28335.09119,20702.42244,17719.50066,4369971,1640086,3269152,6509730,4191328,3298902,8801.41211,6379.69313,7292.32333,14640.9723,9731.85043,8819.77787,70510.73,68918.12,67859,70906.45,70556.74,71336.53,2137.82,2146.21,2084.86,2053.9,2152.03,2156.22,2176.84,2168.27,2127.21,2198.57,2175.16,2199.02,2116.88,2070.78,2026,2023.04,2103.02,2146.35,300156.1778,132559.4646,313070.5572,614508.4369,316703.4728,275641.5255,4595372,1375463,3577857,7349668,4633093,3492121,162200.144,63249.5812,154345.7056,310239.9864,152304.1675,139003.4847,2146.22,2084.87,2053.89,2152.03,2156.23,2169.02,2060.43
2026-03-26T00:00:00,70510.73,68918.12,67859,70906.45,70556.74,71336.53,71100.94,69588.79,71817.09,71400,72026.09,71436.82,68571.42,67360.66,67445.18,68923.07,70408,68153,13397.1675,14843.78682,28335.09119,20702.42244,17719.50066,20820.45768,1640086,3269152,6509730,4191328,3298902,3597702,6379.69313,7292.32333,14640.9723,9731.85043,8819.77787,10116.39467,68918.12,67859,70906.45,70556.74,71336.53,68820.31,2146.21,2084.86,2053.9,2152.03,2156.22,2169.02,2168.27,2127.21,2198.57,2175.16,2199.02,2172.19,2070.78,2026,2023.04,2103.02,2146.35,2034.54,132559.4646,313070.5572,614508.4369,316703.4728,275641.5255,338010.6238,1375463,3577857,7349668,4633093,3492121,3890747,63249.5812,154345.7056,310239.9864,152304.1675,139003.4847,171588.2134,2084.87,2053.89,2152.03,2156.23,2169.02,2060.43,1992.75
2026-03-27T00:00:00,68918.12,67859,70906.45,70556.74,71336.53,68820.31,69588.79,71817.09,71400,72026.09,71436.82,69179.05,67360.66,67445.18,68923.07,70408,68153,65548.25,14843.78682,28335.09119,20702.42244,17719.50066,20820.45768,28603.69557,3269152,6509730,4191328,3298902,3597702,4159306,7292.32333,14640.9723,9731.85043,8819.77787,10116.39467,14568.62853,67859,70906.45,70556.74,71336.53,68820.31,66407.28,2084.86,2053.9,2152.03,2156.22,2169.02,2060.43,2127.21,2198.57,2175.16,2199.02,2172.19,2077.19,2026,2023.04,2103.02,2146.35,2034.54,1970.93,313070.5572,614508.4369,316703.4728,275641.5255,338010.6238,394873.5248,3577857,7349668,4633093,3492121,3890747,3909237,154345.7056,310239.9864,152304.1675,139003.4847,171588.2134,206051.2798,2053.89,2152.03,2156.23,2169.02,2060.43,1992.75,1994.74
2026-03-28T00:00:00,67859,70906.45,70556.74,71336.53,68820.31,66407.28,71817.09,71400,72026.09,71436.82,69179.05,67288.94,67445.18,68923.07,70408,68153,65548.25,65932.09,28335.09119,20702.42244,17719.50066,20820.45768,28603.69557,11462.39847,6509730,4191328,3298902,3597702,4159306,1687368,14640.9723,9731.85043,8819.77787,10116.39467,14568.62853,5753.04124,70906.45,70556.74,71336.53,68820.31,66407.28,66377.03,2053.9,2152.03,2156.22,2169.02,2060.43,1992.76,2198.57,2175.16,2199.02,2172.19,2077.19,2047.45,2023.04,2103.02,2146.35,2034.54,1970.93,1983.17,614508.4369,316703.4728,275641.5255,338010.6238,394873.5248,154831.8055,7349668,4633093,3492121,3890747,3909237,1569810,310239.9864,152304.1675,139003.4847,171588.2134,206051.2798,86378.919,2152.03,2156.23,2169.02,2060.43,1992.75,1994.74,1984.64
2026-03-29T00:00:00,70906.45,70556.74,71336.53,68820.31,66407.28,66377.04,71400,72026.09,71436.82,69179.05,67288.94,67130.5,68923.07,70408,68153,65548.25,65932.09,65000,20702.42244,17719.50066,20820.45768,28603.69557,11462.39847,10052.85584,4191328,3298902,3597702,4159306,1687368,2146177,9731.85043,8819.77787,10116.39467,14568.62853,5753.04124,4769.42832,70556.74,71336.53,68820.31,66407.28,66377.03,66010.93,2152.03,2156.22,2169.02,2060.43,1992.76,1994.74,2175.16,2199.02,2172.19,2077.19,2047.45,2019.65,2103.02,2146.35,2034.54,1970.93,1983.17,1938.82,316703.4728,275641.5255,338010.6238,394873.5248,154831.8055,166726.7382,4633093,3492121,3890747,3909237,1569810,2049808,152304.1675,139003.4847,171588.2134,206051.2798,86378.919,87697.2438,2156.23,2169.02,2060.43,1992.75,1994.74,1984.64,2026.48
2026-03-30T00:00:00,70556.74,71336.53,68820.31,66407.28,66377.04,66010.93,72026.09,71436.82,69179.05,67288.94,67130.5,68169.65,70408,68153,65548.25,65932.09,65000,65800.59,17719.50066,20820.45768,28603.69557,11462.39847,10052.85584,18353.38975,3298902,3597702,4159306,1687368,2146177,3902849,8819.77787,10116.39467,14568.62853,5753.04124,4769.42832,9155.91893,71336.53,68820.31,66407.28,66377.03,66010.93,66797.37,2156.22,2169.02,2060.43,1992.76,1994.74,1984.65,2199.02,2172.19,2077.19,2047.45,2019.65,2085,2146.35,2034.54,1970.93,1983.17,1938.82,1980.28,275641.5255,338010.6238,394873.5248,154831.8055,166726.7382,338304.4344,3492121,3890747,3909237,1569810,2049808,3886546,139003.4847,171588.2134,206051.2798,86378.919,87697.2438,174062.2111,2169.02,2060.43,1992.75,1994.74,1984.64,2026.48,2105.43
2026-03-31T00:00:00,71336.53,68820.31,66407.28,66377.04,66010.93,66797.38,71436.82,69179.05,67288.94,67130.5,68169.65,68589.49,68153,65548.25,65932.09,65000,65800.59,65998.05,20820.45768,28603.69557,11462.39847,10052.85584,18353.38975,22105.40662,3597702,4159306,1687368,2146177,3902849,4846820,10116.39467,14568.62853,5753.04124,4769.42832,9155.91893,10726.18262,68820.31,66407.28,66377.03,66010.93,66797.37,68284.48,2169.02,2060.43,1992.76,1994.74,1984.65,2026.48,2172.19,2077.19,2047.45,2019.65,2085,2124.03,2034.54,1970.93,1983.17,1938.82,1980.28,2012.64,338010.6238,394873.5248,154831.8055,166726.7382,338304.4344,421897.9023,3890747,3909237,1569810,2049808,3886546,5013796,171588.2134,206051.2798,86378.919,87697.2438,174062.2111,218379.1286,2060.43,1992.75,1994.74,1984.64,2026.48,2105.43,2140.35
2026-04-01T00:00:00,68820.31,66407.28,66377.04,66010.93,66797.38,68284.49,69179.05,67288.94,67130.5,68169.65,68589.49,69310,65548.25,65932.09,65000,65800.59,65998.05,67578.75,28603.69557,11462.39847,10052.85584,18353.38975,22105.40662,19020.1899,4159306,1687368,2146177,3902849,4846820,3741910,14568.62853,5753.04124,4769.42832,9155.91893,10726.18262,9702.49844,66407.28,66377.03,66010.93,66797.37,68284.48,68113.92,2060.43,1992.76,1994.74,1984.65,2026.48,2105.43,2077.19,2047.45,2019.65,2085,2124.03,2167.85,1970.93,1983.17,1938.82,1980.28,2012.64,2082.08,394873.5248,154831.8055,166726.7382,338304.4344,421897.9023,399227.3779,3909237,1569810,2049808,3886546,5013796,4211533,206051.2798,86378.919,87697.2438,174062.2111,218379.1286,203721.1114,1992.75,1994.74,1984.64,2026.48,2105.43,2140.35,2057.17
2026-04-02T00:00:00,66407.28,66377.04,66010.93,66797.38,68284.49,68113.92,67288.94,67130.5,68169.65,68589.49,69310,68653.38,65932.09,65000,65800.59,65998.05,67578.75,65712.12,11462.39847,10052.85584,18353.38975,22105.40662,19020.1899,20203.47916,1687368,2146177,3902849,4846820,3741910,4189133,5753.04124,4769.42832,9155.91893,10726.18262,9702.49844,10090.6562,66377.03,66010.93,66797.37,68284.48,68113.92,66901.99,1992.76,1994.74,1984.65,2026.48,2105.43,2140.35,2047.45,2019.65,2085,2124.03,2167.85,2159.37,1983.17,1938.82,1980.28,2012.64,2082.08,2017.04,154831.8055,166726.7382,338304.4344,421897.9023,399227.3779,346872.8323,1569810,2049808,3886546,5013796,4211533,4462923,86378.919,87697.2438,174062.2111,218379.1286,203721.1114,161146.8702,1994.74,1984.64,2026.48,2105.43,2140.35,2057.17,2053.83
2026-04-03T00:00:00,66377.04,66010.93,66797.38,68284.49,68113.92,66901.99,67130.5,68169.65,68589.49,69310,68653.38,67370.42,65000,65800.59,65998.05,67578.75,65712.12,66282,10052.85584,18353.38975,22105.40662,19020.1899,20203.47916,11429.13131,2146177,3902849,4846820,3741910,4189133,2023104,4769.42832,9155.91893,10726.18262,9702.49844,10090.6562,5535.26988,66010.93,66797.37,68284.48,68113.92,66901.99,66964.3,1994.74,1984.65,2026.48,2105.43,2140.35,2057.18,2019.65,2085,2124.03,2167.85,2159.37,2081.76,1938.82,1980.28,2012.64,2082.08,2017.04,2040.66,166726.7382,338304.4344,421897.9023,399227.3779,346872.8323,136266.6393,2049808,3886546,5013796,4211533,4462923,1741595,87697.2438,174062.2111,218379.1286,203721.1114,161146.8702,64849.8016,1984.64,2026.48,2105.43,2140.35,2057.17,2053.83,2065.52
2026-04-04T00:00:00,66010.93,66797.38,68284.49,68113.92,66901.99,66964.29,68169.65,68589.49,69310,68653.38,67370.42,67562.93,65800.59,65998.05,67578.75,65712.12,66282,66775.91,18353.38975,22105.40662,19020.1899,20203.47916,11429.13131,7373.51613,3902849,4846820,3741910,4189133,2023104,1356179,9155.91893,10726.18262,9702.49844,10090.6562,5535.26988,3701.32932,66797.37,68284.48,68113.92,66901.99,66964.3,67300.42,1984.65,2026.48,2105.43,2140.35,2057.18,2053.83,2085,2124.03,2167.85,2159.37,2081.76,2084,1980.28,2012.64,2082.08,2017.04,2040.66,2044.63,338304.4344,421897.9023,399227.3779,346872.8323,136266.6393,86504.4406,3886546,5013796,4211533,4462923,1741595,1246022,174062.2111,218379.1286,203721.1114,161146.8702,64849.8016,42789.6573,2026.48,2105.43,2140.35,2057.17,2053.83,2065.52,2110.17
2026-04-05T00:00:00,66797.38,68284.49,68113.92,66901.99,66964.29,67300.42,68589.49,69310,68653.38,67370.42,67562.93,69136.2,65998.05,67578.75,65712.12,66282,66775.91,66611.66,22105.40662,19020.1899,20203.47916,11429.13131,7373.51613,11733.46752,4846820,3741910,4189133,2023104,1356179,2106257,10726.18262,9702.49844,10090.6562,5535.26988,3701.32932,5791.55692,68284.48,68113.92,66901.99,66964.3,67300.42,69034.18,2026.48,2105.43,2140.35,2057.18,2053.83,2065.51,2124.03,2167.85,2159.37,2081.76,2084,2123.49,2012.64,2082.08,2017.04,2040.66,2044.63,2021.5,421897.9023,399227.3779,346872.8323,136266.6393,86504.4406,157353.3199,5013796,4211533,4462923,1741595,1246022,2504865,218379.1286,203721.1114,161146.8702,64849.8016,42789.6573,78363.4974,2105.43,2140.35,2057.17,2053.83,2065.52,2110.17,2107.16
2026-04-06T00:00:00,68284.49,68113.92,66901.99,66964.29,67300.42,69034.18,69310,68653.38,67370.42,67562.93,69136.2,70351.46,67578.75,65712.12,66282,66775.91,66611.66,68300,19020.1899,20203.47916,11429.13131,7373.51613,11733.46752,20281.61044,3741910,4189133,2023104,1356179,2106257,4695523,9702.49844,10090.6562,5535.26988,3701.32932,5791.55692,10149.79257,68113.92,66901.99,66964.3,67300.42,69034.18,68853.66,2105.43,2140.35,2057.18,2053.83,2065.51,2110.17,2167.85,2159.37,2081.76,2084,2123.49,2174.79,2082.08,2017.04,2040.66,2044.63,2021.5,2087.5,399227.3779,346872.8323,136266.6393,86504.4406,157353.3199,356054.2894,4211533,4462923,1741595,1246022,2504865,5330366,203721.1114,161146.8702,64849.8016,42789.6573,78363.4974,180414.5093,2140.35,2057.17,2053.83,2065.52,2110.17,2107.16,2240.01
2026-04-07T00:00:00,68113.92,66901.99,66964.29,67300.42,69034.18,68853.66,68653.38,67370.42,67562.93,69136.2,70351.46,72761,65712.12,66282,66775.91,66611.66,68300,67732.01,20203.47916,11429.13131,7373.51613,11733.46752,20281.61044,23750.49661,4189133,2023104,1356179,2106257,4695523,4871706,10090.6562,5535.26988,3701.32932,5791.55692,10149.79257,12465.18271,66901.99,66964.3,67300.42,69034.18,68853.66,71924.22,2140.35,2057.18,2053.83,2065.51,2110.17,2107.16,2159.37,2081.76,2084,2123.49,2174.79,2273.87,2017.04,2040.66,2044.63,2021.5,2087.5,2060.24,346872.8323,136266.6393,86504.4406,157353.3199,356054.2894,460094.8093,4462923,1741595,1246022,2504865,5330366,5189711,161146.8702,64849.8016,42789.6573,78363.4974,180414.5093,239252.9777,2057.17,2053.83,2065.52,2110.17,2107.16,2240.01,2190
2026-04-08T00:00:00,66901.99,66964.29,67300.42,69034.18,68853.66,71924.22,67370.42,67562.93,69136.2,70351.46,72761,72857,66282,66775.91,66611.66,68300,67732.01,70707.23,11429.13131,7373.51613,11733.46752,20281.61044,23750.49661,19802.68627,2023104,1356179,2106257,4695523,4871706,3843988,5535.26988,3701.32932,5791.55692,10149.79257,12465.18271,9570.20189,66964.3,67300.42,69034.18,68853.66,71924.22,71069.93,2057.18,2053.83,2065.51,2110.17,2107.16,2240.01,2081.76,2084,2123.49,2174.79,2273.87,2270.55,2040.66,2044.63,2021.5,2087.5,2060.24,2179.78,136266.6393,86504.4406,157353.3199,356054.2894,460094.8093,404717.6321,1741595,1246022,2504865,5330366,5189711,4339985,64849.8016,42789.6573,78363.4974,180414.5093,239252.9777,190983.3243,2053.83,2065.52,2110.17,2107.16,2240.01,2190,2190.2
2026-04-09T00:00:00,66964.29,67300.42,69034.18,68853.66,71924.22,71069.93,67562.93,69136.2,70351.46,72761,72857,73145,66775.91,66611.66,68300,67732.01,70707.23,70466,7373.51613,11733.46752,20281.61044,23750.49661,19802.68627,18158.42159,1356179,2106257,4695523,4871706,3843988,3773025,3701.32932,5791.55692,10149.79257,12465.18271,9570.20189,9604.31771,67300.42,69034.18,68853.66,71924.22,71069.93,71787.97,2053.83,2065.51,2110.17,2107.16,2240.01,2190,2084,2123.49,2174.79,2273.87,2270.55,2246,2044.63,2021.5,2087.5,2060.24,2179.78,2157.31,86504.4406,157353.3199,356054.2894,460094.8093,404717.6321,275317.9503,1246022,2504865,5330366,5189711,4339985,3756386,42789.6573,78363.4974,180414.5093,239252.9777,190983.3243,135540.5413,2065.52,2110.17,2107.16,2240.01,2190,2190.2,2245.05
2026-04-10T00:00:00,67300.42,69034.18,68853.66,71924.22,71069.93,71787.98,69136.2,70351.46,72761,72857,73145,73434,66611.66,68300,67732.01,70707.23,70466,71426.15,11733.46752,20281.61044,23750.49661,19802.68627,18158.42159,17372.63288,2106257,4695523,4871706,3843988,3773025,3176308,5791.55692,10149.79257,12465.18271,9570.20189,9604.31771,8819.74841,69034.18,68853.66,71924.22,71069.93,71787.97,72962.7,2065.51,2110.17,2107.16,2240.01,2190,2190.17,2123.49,2174.79,2273.87,2270.55,2246,2257.99,2021.5,2087.5,2060.24,2179.78,2157.31,2176.1,157353.3199,356054.2894,460094.8093,404717.6321,275317.9503,272899.0858,2504865,5330366,5189711,4339985,3756386,2929213,78363.4974,180414.5093,239252.9777,190983.3243,135540.5413,132077.3122,2110.17,2107.16,2240.01,2190,2190.2,2245.05,2284.99
2026-04-11T00:00:00,69034.18,68853.66,71924.22,71069.93,71787.98,72962.71,70351.46,72761,72857,73145,73434,73790,68300,67732.01,70707.23,70466,71426.15,72513.09,20281.61044,23750.49661,19802.68627,18158.42159,17372.63288,9070.94374,4695523,4871706,3843988,3773025,3176308,1472041,10149.79257,12465.18271,9570.20189,9604.31771,8819.74841,4673.47605,68853.66,71924.22,71069.93,71787.97,72962.7,73043.16,2110.17,2107.16,2240.01,2190,2190.17,2245.06,2174.79,2273.87,2270.55,2246,2257.99,2329.93,2087.5,2060.24,2179.78,2157.31,2176.1,2229,356054.2894,460094.8093,404717.6321,275317.9503,272899.0858,214785.4039,5330366,5189711,4339985,3756386,2929213,1929651,180414.5093,239252.9777,190983.3243,135540.5413,132077.3122,107238.9877,2107.16,2240.01,2190,2190.2,2245.05,2284.99,2191.65
2026-04-12T00:00:00,68853.66,71924.22,71069.93,71787.98,72962.71,73043.16,72761,72857,73145,73434,73790,73137.24,67732.01,70707.23,70466,71426.15,72513.09,70505.88,23750.49661,19802.68627,18158.42159,17372.63288,9070.94374,13472.46801,4871706,3843988,3773025,3176308,1472041,2068779,12465.18271,9570.20189,9604.31771,8819.74841,4673.47605,6326.31289,71924.22,71069.93,71787.97,72962.7,73043.16,70740.98,2107.16,2240.01,2190,2190.17,2245.06,2285,2273.87,2270.55,2246,2257.99,2329.93,2288.57,2060.24,2179.78,2157.31,2176.1,2229,2175,460094.8093,404717.6321,275317.9503,272899.0858,214785.4039,258156.8821,5189711,4339985,3756386,2929213,1929651,2575808,239252.9777,190983.3243,135540.5413,132077.3122,107238.9877,125658.2437,2240.01,2190,2190.2,2245.05,2284.99,2191.65,2369.46
2026-04-13T00:00:00,71924.22,71069.93,71787.98,72962.71,73043.16,70741.56,72857,73145,73434,73790,73137.24,74900,70707.23,70466,71426.15,72513.09,70505.88,70566.99,19802.68627,18158.42159,17372.63288,9070.94374,13472.46801,24230.21625,3843988,3773025,3176308,1472041,2068779,3673539,9570.20189,9604.31771,8819.74841,4673.47605,6326.31289,12639.79905,71069.93,71787.97,72962.7,73043.16,70740.98,74417.99,2240.01,2190,2190.17,2245.06,2285,2191.64,2270.55,2246,2257.99,2329.93,2288.57,2394.71,2179.78,2157.31,2176.1,2229,2175,2175.68,404717.6321,275317.9503,272899.0858,214785.4039,258156.8821,453870.8292,4339985,3756386,2929213,1929651,2575808,4527557,190983.3243,135540.5413,132077.3122,107238.9877,125658.2437,234599.9045,2190,2190.2,2245.05,2284.99,2191.65,2369.46,2322.44
2026-04-14T00:00:00,71069.93,71787.98,72962.71,73043.16,70741.56,74418,73145,73434,73790,73137.24,74900,76038,70466,71426.15,72513.09,70505.88,70566.99,73795.47,18158.42159,17372.63288,9070.94374,13472.46801,24230.21625,26532.94456,3773025,3176308,1472041,2068779,3673539,4033448,9604.31771,8819.74841,4673.47605,6326.31289,12639.79905,13313.88956,71787.97,72962.7,73043.16,70740.98,74417.99,74131.55,2190,2190.17,2245.06,2285,2191.64,2369.46,2246,2257.99,2329.93,2288.57,2394.71,2415.5,2157.31,2176.1,2229,2175,2175.68,2302.9,275317.9503,272899.0858,214785.4039,258156.8821,453870.8292,460107.3841,3756386,2929213,1929651,2575808,4527557,3689565,135540.5413,132077.3122,107238.9877,125658.2437,234599.9045,226148.4763,2190.2,2245.05,2284.99,2191.65,2369.46,2322.44,2359.95
2026-04-15T00:00:00,71787.98,72962.71,73043.16,70741.56,74418,74131.55,73434,73790,73137.24,74900,76038,75425,71426.15,72513.09,70505.88,70566.99,73795.47,73514,17372.63288,9070.94374,13472.46801,24230.21625,26532.94456,14425.04167,3176308,1472041,2068779,3673539,4033448,3187792,8819.74841,4673.47605,6326.31289,12639.79905,13313.88956,7014.01981,72962.7,73043.16,70740.98,74417.99,74131.55,74809.99,2190.17,2245.06,2285,2191.64,2369.46,2322.44,2257.99,2329.93,2288.57,2394.71,2415.5,2385.61,2176.1,2229,2175,2175.68,2302.9,2308.5,272899.0858,214785.4039,258156.8821,453870.8292,460107.3841,268190.6377,2929213,1929651,2575808,4527557,3689565,3232871,132077.3122,107238.9877,125658.2437,234599.9045,226148.4763,126442.7153,2245.05,2284.99,2191.65,2369.46,2322.44,2359.95,2348.17
2026-04-16T00:00:00,72962.71,73043.16,70741.56,74418,74131.55,74809.99,73790,73137.24,74900,76038,75425,75534.76,72513.09,70505.88,70566.99,73795.47,73514,73309.85,9070.94374,13472.46801,24230.21625,26532.94456,14425.04167,17088.68777,1472041,2068779,3673539,4033448,3187792,3581890,4673.47605,6326.31289,12639.79905,13313.88956,7014.01981,8601.69794,73043.16,70740.98,74417.99,74131.55,74809.99,75154.29,2245.06,2285,2191.64,2369.46,2322.44,2359.94,2329.93,2288.57,2394.71,2415.5,2385.61,2369.59,2229,2175,2175.68,2302.9,2308.5,2285.1,214785.4039,258156.8821,453870.8292,460107.3841,268190.6377,328960.9377,1929651,2575808,4527557,3689565,3232871,3793210,107238.9877,125658.2437,234599.9045,226148.4763,126442.7153,155922.2439,2284.99,2191.65,2369.46,2322.44,2359.95,2348.17,2419
2026-04-17T00:00:00,73043.16,70741.56,74418,74131.55,74809.99,75154.28,73137.24,74900,76038,75425,75534.76,78333,70505.88,70566.99,73795.47,73514,73309.85,74529.4,13472.46801,24230.21625,26532.94456,14425.04167,17088.68777,25941.36694,2068779,3673539,4033448,3187792,3581890,4931167,6326.31289,12639.79905,13313.88956,7014.01981,8601.69794,14435.4773,70740.98,74417.99,74131.55,74809.99,75154.29,77072,2285,2191.64,2369.46,2322.44,2359.94,2348.16,2288.57,2394.71,2415.5,2385.61,2369.59,2464.91,2175,2175.68,2302.9,2308.5,2285.1,2317.43,258156.8821,453870.8292,460107.3841,268190.6377,328960.9377,491731.3615,2575808,4527557,3689565,3232871,3793210,4541654,125658.2437,234599.9045,226148.4763,126442.7153,155922.2439,252564.9694,2191.65,2369.46,2322.44,2359.95,2348.17,2419,2350.32
2026-04-18T00:00:00,70741.56,74418,74131.55,74809.99,75154.28,77072.01,74900,76038,75425,75534.76,78333,77420.08,70566.99,73795.47,73514,73309.85,74529.4,75445.16,24230.21625,26532.94456,14425.04167,17088.68777,25941.36694,9141.84456,3673539,4033448,3187792,3581890,4931167,1941112,12639.79905,13313.88956,7014.01981,8601.69794,14435.4773,4333.78362,74417.99,74131.55,74809.99,75154.29,77072,75691.76,2191.64,2369.46,2322.44,2359.94,2348.16,2419,2394.71,2415.5,2385.61,2369.59,2464.91,2427.64,2175.68,2302.9,2308.5,2285.1,2317.43,2339.92,453870.8292,460107.3841,268190.6377,328960.9377,491731.3615,221741.3888,4527557,3689565,3232871,3793210,4541654,2045925,234599.9045,226148.4763,126442.7153,155922.2439,252564.9694,98727.0694,2369.46,2322.44,2359.95,2348.17,2419,2350.32,2263.27
2026-04-19T00:00:00,74418,74131.55,74809.99,75154.28,77072.01,75691.76,76038,75425,75534.76,78333,77420.08,76240.66,73795.47,73514,73309.85,74529.4,75445.16,73762.9,26532.94456,14425.04167,17088.68777,25941.36694,9141.84456,11369.82232,4033448,3187792,3581890,4931167,1941112,2739751,13313.88956,7014.01981,8601.69794,14435.4773,4333.78362,5458.61875,74131.55,74809.99,75154.29,77072,75691.76,73801.79,2369.46,2322.44,2359.94,2348.16,2419,2350.33,2415.5,2385.61,2369.59,2464.91,2427.64,2355.3,2302.9,2308.5,2285.1,2317.43,2339.92,2252.72,460107.3841,268190.6377,328960.9377,491731.3615,221741.3888,256086.8276,3689565,3232871,3793210,4541654,2045925,2728260,226148.4763,126442.7153,155922.2439,252564.9694,98727.0694,119800.9019,2322.44,2359.95,2348.17,2419,2350.32,2263.27,2313.85
2026-04-20T00:00:00,74131.55,74809.99,75154.28,77072.01,75691.76,73801.8,75425,75534.76,78333,77420.08,76240.66,76558.62,73514,73309.85,74529.4,75445.16,73762.9,73724.31,14425.04167,17088.68777,25941.36694,9141.84456,11369.82232,16993.41034,3187792,3581890,4931167,1941112,2739751,3563591,7014.01981,8601.69794,14435.4773,4333.78362,5458.61875,8812.70109,74809.99,75154.29,77072,75691.76,73801.79,75840.97,2322.44,2359.94,2348.16,2419,2350.33,2263.28,2385.61,2369.59,2464.91,2427.64,2355.3,2346.78,2308.5,2285.1,2317.43,2339.92,2252.72,2259.67,268190.6377,328960.9377,491731.3615,221741.3888,256086.8276,301000.0659,3232871,3793210,4541654,2045925,2728260,3751621,126442.7153,155922.2439,252564.9694,98727.0694,119800.9019,149027.6285,2359.95,2348.17,2419,2350.32,2263.27,2313.85,2327.14
2026-04-21T00:00:00,74809.99,75154.28,77072.01,75691.76,73801.8,75840.97,75534.76,78333,77420.08,76240.66,76558.62,76927.57,73309.85,74529.4,75445.16,73762.9,73724.31,74821.57,17088.68777,25941.36694,9141.84456,11369.82232,16993.41034,14912.57132,3581890,4931167,1941112,2739751,3563591,3616213,8601.69794,14435.4773,4333.78362,5458.61875,8812.70109,7672.96288,75154.29,77072,75691.76,73801.79,75840.97,76336.15,2359.94,2348.16,2419,2350.33,2263.28,2313.84,2369.59,2464.91,2427.64,2355.3,2346.78,2338.75,2285.1,2317.43,2339.92,2252.72,2259.67,2284.19,328960.9377,491731.3615,221741.3888,256086.8276,301000.0659,226645.977,3793210,4541654,2045925,2728260,3751621,3398934,155922.2439,252564.9694,98727.0694,119800.9019,149027.6285,108621.4578,2348.17,2419,2350.32,2263.27,2313.85,2327.14,2374.07
2026-04-22T00:00:00,75154.28,77072.01,75691.76,73801.8,75840.97,76336.14,78333,77420.08,76240.66,76558.62,76927.57,79472.82,74529.4,75445.16,73762.9,73724.31,74821.57,76132.95,25941.36694,9141.84456,11369.82232,16993.41034,14912.57132,19737.51225,4931167,1941112,2739751,3563591,3616213,3757077,14435.4773,4333.78362,5458.61875,8812.70109,7672.96288,10376.12434,77072,75691.76,73801.79,75840.97,76336.15,78178.23,2348.16,2419,2350.33,2263.28,2313.84,2327.15,2464.91,2427.64,2355.3,2346.78,2338.75,2423.75,2317.43,2339.92,2252.72,2259.67,2284.19,2312.95,491731.3615,221741.3888,256086.8276,301000.0659,226645.977,379707.1259,4541654,2045925,2728260,3751621,3398934,4230243,252564.9694,98727.0694,119800.9019,149027.6285,108621.4578,191758.2678,2419,2350.32,2263.27,2313.85,2327.14,2374.07,2330.26
2026-04-23T00:00:00,77072.01,75691.76,73801.8,75840.97,76336.14,78178.22,77420.08,76240.66,76558.62,76927.57,79472.82,78662.5,75445.16,73762.9,73724.31,74821.57,76132.95,76960,9141.84456,11369.82232,16993.41034,14912.57132,19737.51225,16970.79501,1941112,2739751,3563591,3616213,3757077,3571796,4333.78362,5458.61875,8812.70109,7672.96288,10376.12434,7760.75572,75691.76,73801.79,75840.97,76336.15,78178.23,78257.48,2419,2350.33,2263.28,2313.84,2327.15,2374.08,2427.64,2355.3,2346.78,2338.75,2423.75,2382,2339.92,2252.72,2259.67,2284.19,2312.95,2285.42,221741.3888,256086.8276,301000.0659,226645.977,379707.1259,356645.6923,2045925,2728260,3751621,3398934,4230243,4079579,98727.0694,119800.9019,149027.6285,108621.4578,191758.2678,169637.8993,2350.32,2263.27,2313.85,2327.14,2374.07,2330.26,2314.99
2026-04-24T00:00:00,75691.76,73801.8,75840.97,76336.14,78178.22,78257.48,76240.66,76558.62,76927.57,79472.82,78662.5,78581.93,73762.9,73724.31,74821.57,76132.95,76960,77264.08,11369.82232,16993.41034,14912.57132,19737.51225,16970.79501,12675.14315,2739751,3563591,3616213,3757077,3571796,2581973,5458.61875,8812.70109,7672.96288,10376.12434,7760.75572,6148.06393,73801.79,75840.97,76336.15,78178.23,78257.48,77437.13,2350.33,2263.28,2313.84,2327.15,2374.08,2330.27,2355.3,2346.78,2338.75,2423.75,2382,2337.5,2252.72,2259.67,2284.19,2312.95,2285.42,2300.22,256086.8276,301000.0659,226645.977,379707.1259,356645.6923,183887.6181,2728260,3751621,3398934,4230243,4079579,2413824,119800.9019,149027.6285,108621.4578,191758.2678,169637.8993,88184.8381,2263.27,2313.85,2327.14,2374.07,2330.26,2314.99,2319.5
2026-04-25T00:00:00,73801.8,75840.97,76336.14,78178.22,78257.48,77437.13,76558.62,76927.57,79472.82,78662.5,78581.93,77885.35,73724.31,74821.57,76132.95,76960,77264.08,77140.23,16993.41034,14912.57132,19737.51225,16970.79501,12675.14315,5685.1142,3563591,3616213,3757077,3571796,2581973,806542,8812.70109,7672.96288,10376.12434,7760.75572,6148.06393,2999.85355,75840.97,76336.15,78178.23,78257.48,77437.13,77625,2263.28,2313.84,2327.15,2374.08,2330.27,2314.98,2346.78,2338.75,2423.75,2382,2337.5,2323.21,2259.67,2284.19,2312.95,2285.42,2300.22,2300.55,301000.0659,226645.977,379707.1259,356645.6923,183887.6181,68139.2191,3751621,3398934,4230243,4079579,2413824,658757,149027.6285,108621.4578,191758.2678,169637.8993,88184.8381,33589.8529,2313.85,2327.14,2374.07,2330.26,2314.99,2319.5,2369.44
2026-04-26T00:00:00,75840.97,76336.14,78178.22,78257.48,77437.13,77625,76927.57,79472.82,78662.5,78581.93,77885.35,78961,74821.57,76132.95,76960,77264.08,77140.23,77326.51,14912.57132,19737.51225,16970.79501,12675.14315,5685.1142,7963.56162,3616213,3757077,3571796,2581973,806542,1476971,7672.96288,10376.12434,7760.75572,6148.06393,2999.85355,3981.86566,76336.15,78178.23,78257.48,77437.13,77625,78657.55,2313.84,2327.15,2374.08,2330.27,2314.98,2319.49,2338.75,2423.75,2382,2337.5,2323.21,2380,2284.19,2312.95,2285.42,2300.22,2300.55,2306.72,226645.977,379707.1259,356645.6923,183887.6181,68139.2191,154591.6219,3398934,4230243,4079579,2413824,658757,1508570,108621.4578,191758.2678,169637.8993,88184.8381,33589.8529,76876.1717,2327.14,2374.07,2330.26,2314.99,2319.5,2369.44,2303.67
2026-04-27T00:00:00,76336.14,78178.22,78257.48,77437.13,77625,78657.55,79472.82,78662.5,78581.93,77885.35,78961,79485.66,76132.95,76960,77264.08,77140.23,77326.51,76459.64,19737.51225,16970.79501,12675.14315,5685.1142,7963.56162,16046.92418,3757077,3571796,2581973,806542,1476971,2982889,10376.12434,7760.75572,6148.06393,2999.85355,3981.86566,7712.53219,78178.23,78257.48,77437.13,77625,78657.55,77371.32,2327.15,2374.08,2330.27,2314.98,2319.49,2369.45,2423.75,2382,2337.5,2323.21,2380,2404.37,2312.95,2285.42,2300.22,2300.55,2306.72,2266.09,379707.1259,356645.6923,183887.6181,68139.2191,154591.6219,300363.8586,4230243,4079579,2413824,658757,1508570,3192282,191758.2678,169637.8993,88184.8381,33589.8529,76876.1717,143798.2975,2374.07,2330.26,2314.99,2319.5,2369.44,2303.67,2289.42
2026-04-28T00:00:00,78178.22,78257.48,77437.13,77625,78657.55,77371.32,78662.5,78581.93,77885.35,78961,79485.66,77478,76960,77264.08,77140.23,77326.51,76459.64,75666.6,16970.79501,12675.14315,5685.1142,7963.56162,16046.92418,13210.72383,3571796,2581973,806542,1476971,2982889,2352446,7760.75572,6148.06393,2999.85355,3981.86566,7712.53219,6518.95469,78257.48,77437.13,77625,78657.55,77371.32,76342.77,2374.08,2330.27,2314.98,2319.49,2369.45,2303.66,2382,2337.5,2323.21,2380,2404.37,2310.88,2285.42,2300.22,2300.55,2306.72,2266.09,2258.24,356645.6923,183887.6181,68139.2191,154591.6219,300363.8586,187932.2201,4079579,2413824,658757,1508570,3192282,2346992,169637.8993,88184.8381,33589.8529,76876.1717,143798.2975,94578.0797,2330.26,2314.99,2319.5,2369.44,2303.67,2289.42,2252.9
2026-04-29T00:00:00,78257.48,77437.13,77625,78657.55,77371.32,76342.78,78581.93,77885.35,78961,79485.66,77478,77904.93,77264.08,77140.23,77326.51,76459.64,75666.6,74937.52,12675.14315,5685.1142,7963.56162,16046.92418,13210.72383,18279.93022,2581973,806542,1476971,2982889,2352446,3032890,6148.06393,2999.85355,3981.86566,7712.53219,6518.95469,9680.02112,77437.13,77625,78657.55,77371.32,76342.77,75780,2330.27,2314.98,2319.49,2369.45,2303.66,2289.42,2337.5,2323.21,2380,2404.37,2310.88,2346.95,2300.22,2300.55,2306.72,2266.09,2258.24,2220.36,183887.6181,68139.2191,154591.6219,300363.8586,187932.2201,355078.1015,2413824,658757,1508570,3192282,2346992,3588292,88184.8381,33589.8529,76876.1717,143798.2975,94578.0797,178999.8027,2314.99,2319.5,2369.44,2303.67,2289.42,2252.9,2257.51
2026-04-30T00:00:00,77437.13,77625,78657.55,77371.32,76342.78,75780,77885.35,78961,79485.66,77478,77904.93,76669.14,77140.23,77326.51,76459.64,75666.6,74937.52,75323.65,5685.1142,7963.56162,16046.92418,13210.72383,18279.93022,10381.81607,806542,1476971,2982889,2352446,3032890,2569480,2999.85355,3981.86566,7712.53219,6518.95469,9680.02112,5585.19124,77625,78657.55,77371.32,76342.77,75780,76346.57,2314.98,2319.49,2369.45,2303.66,2289.42,2252.9,2323.21,2380,2404.37,2310.88,2346.95,2279,2300.55,2306.72,2266.09,2258.24,2220.36,2231.64,68139.2191,154591.6219,300363.8586,187932.2201,355078.1015,167194.2776,658757,1508570,3192282,2346992,3588292,2649837,33589.8529,76876.1717,143798.2975,94578.0797,178999.8027,83993.1124,2319.5,2369.44,2303.67,2289.42,2252.9,2257.51,2295.63
