date,BTC.high,BTC.low,BTC.volume,BTC.numberOfTrades,BTC.takerBuyBaseAssetVolume,BTC.close,LTC.high,LTC.low,LTC.volume,LTC.numberOfTrades,LTC.takerBuyBaseAssetVolume,LTC.close,ETH.high,ETH.low,ETH.volume,ETH.numberOfTrades,ETH.takerBuyBaseAssetVolume,ETH.close
2025-12-31T00:00:00,89200.0,87250.0,11558.62047,2897396,5432.03408,87648.22,78.89,76.08,233120.006,165163,119277.527,76.85,3028.08,2958.91,233729.5887,2935432,116217.5263,2971.64
2026-01-01T00:00:00,88919.45,87550.43,6279.57133,1449281,3123.64536,88839.04,80.03,76.7,194402.742,140629,102285.941,79.97,3010.0,2971.15,136088.5207,1338212,66477.086,3004.19
2026-01-02T00:00:00,90961.81,88379.88,17396.97301,5010211,8929.35447,89995.13,82.25,79.04,285255.308,228137,142079.285,81.93,3150.01,2992.49,369891.2449,5276480,195057.0391,3125.45
2026-01-03T00:00:00,90741.16,89314.01,7057.46716,1684214,3791.72083,90628.01,82.82,80.77,249457.667,188669,120857.422,82.08,3136.71,3076.0,134405.2258,1823251,66789.8067,3127.11
2026-01-04T00:00:00,91810.0,90628.0,10426.5297,2207037,5320.99389,91529.73,83.17,81.65,254059.572,198257,120576.145,82.26,3167.22,3118.75,181576.0686,2261499,94783.8698,3144.7
2026-01-05T00:00:00,94789.08,91514.81,20673.59584,5485489,10892.9695,93859.71,84.57,81.44,427913.448,292614,227631.212,83.46,3265.66,3135.02,382446.6618,5401982,188956.4336,3224.99
2026-01-06T00:00:00,94444.44,91262.94,18546.41829,5018686,8108.82157,93747.97,84.89,81.16,356122.443,267979,186215.642,83.96,3308.86,3183.27,412503.5066,5310071,204316.7995,3296.84
2026-01-07T00:00:00,93747.97,90675.52,14276.49025,4340252,6714.86954,91364.16,83.97,81.0,276546.003,215839,138647.052,81.71,3296.84,3125.42,321350.1225,4839276,154644.9184,3168.72
2026-01-08T00:00:00,91687.99,89311.0,16132.79117,4923472,8192.07574,91099.99,82.3,80.0,252290.561,201660,134595.953,81.31,3184.39,3054.65,343616.1005,4982423,167834.9366,3106.65
2026-01-09T00:00:00,92082.55,89694.66,15590.27939,4155703,8512.4327,90641.28,82.12,79.91,251572.162,212437,122840.378,81.49,3148.41,3058.69,274587.4533,4182570,137269.6714,3088.4
2026-01-10T00:00:00,90832.0,90404.0,3104.11722,766357,1551.97383,90504.7,82.42,80.8,149346.699,114583,75483.876,81.19,3104.12,3077.99,82341.0546,881069,44689.1628,3086.72
2026-01-11T00:00:00,91283.89,90236.0,5477.13594,1282029,2868.36168,91013.65,81.78,78.53,323460.486,185897,147616.204,78.79,3147.27,3084.46,149381.2965,1522502,77521.2191,3123.45
2026-01-12T00:00:00,92519.95,90128.44,16188.08268,4099509,8092.5428,91296.2,80.75,75.6,766104.643,412265,321481.898,76.12,3171.49,3065.55,297373.4681,4303605,145169.9489,3095.75
2026-01-13T00:00:00,96495.0,91042.66,23021.51482,5025071,12405.23056,95414.0,78.95,75.26,1092209.996,584044,463017.883,78.18,3367.79,3091.96,457782.2816,4876916,239733.9448,3325.82
2026-01-14T00:00:00,97924.49,94559.28,22851.89428,5346212,11974.98829,96951.78,80.97,75.8,1728520.677,668483,779366.213,76.67,3402.89,3280.48,503440.0759,5351410,242601.2111,3354.92
2026-01-15T00:00:00,97193.34,95134.48,21725.81369,4493095,10841.32767,95604.8,76.92,69.46,1503254.414,621073,697641.406,72.21,3384.19,3273.72,389993.836,4766390,182106.0811,3318.69
2026-01-16T00:00:00,95871.47,94293.46,11167.7146,2971559,5055.06952,95550.94,76.07,70.92,846767.044,387288,416278.641,75.22,3326.79,3253.01,223921.7876,3528248,109159.1615,3296.28
2026-01-17T00:00:00,95639.45,95021.67,4280.80137,1020527,2059.85283,95147.77,75.99,73.84,327149.181,186780,164597.182,74.92,3330.26,3283.96,124325.0303,1229614,68643.5852,3310.56
2026-01-18T00:00:00,95531.12,93615.4,6895.17819,1488785,3107.35604,93673.14,75.9,72.1,377184.548,239459,196115.06,72.29,3368.82,3278.86,173354.3026,2227452,93056.7992,3284.03
2026-01-19T00:00:00,93673.14,91910.2,14295.52747,3359066,6906.84245,92631.0,72.28,65.58,993480.913,463491,484909.33,70.8,3284.58,3165.38,442540.5596,4406164,225707.6739,3189.55
2026-01-20T00:00:00,92870.0,87895.98,22007.3261,6064031,9629.19624,88427.66,71.05,65.9,699879.344,412612,330248.217,67.12,3200.5,2920.0,518166.4787,7228638,251605.1302,2939.88
2026-01-21T00:00:00,90574.0,87263.53,20617.50372,6419053,10265.21302,89454.73,69.71,66.03,677970.362,350685,351262.332,68.48,3069.07,2866.11,577800.2481,8064316,296961.807,2982.27
2026-01-22T00:00:00,90359.99,88515.37,10825.50492,3743412,5529.54766,89559.67,69.65,67.06,400973.972,213870,200806.924,68.19,3038.33,2906.02,291660.7349,4696521,144410.7947,2952.69
2026-01-23T00:00:00,91224.99,88578.36,13918.48919,4619907,6911.17668,89600.26,69.6,66.98,391555.321,225325,202035.793,68.07,3019.26,2892.4,318415.3317,5479038,159251.2529,2956.41
2026-01-24T00:00:00,89957.39,89162.08,4226.56737,959854,1835.96939,89225.34,68.98,67.75,180394.712,107362,90881.014,68.19,2970.41,2943.84,92082.9039,1185149,41483.2107,2953.22
2026-01-25T00:00:00,89319.13,86074.72,14426.22019,3720178,6269.27657,86670.36,70.36,65.23,627760.546,359726,297380.743,67.3,2960.29,2787.0,380186.5326,4637787,165133.7717,2816.89
2026-01-26T00:00:00,88860.0,86509.63,17766.51453,4798083,9428.94206,88347.08,70.11,66.97,427828.099,255346,224179.071,69.72,2951.21,2812.37,485169.3372,5933570,239396.1448,2930.35
2026-01-27T00:00:00,89523.16,87304.33,13125.40425,3787336,6722.86937,89250.0,70.49,68.64,325716.599,203658,164010.615,70.03,3035.08,2899.77,478792.3988,5278439,229630.1728,3026.77
2026-01-28T00:00:00,90600.0,88833.65,14332.18502,4385791,7015.44336,89299.99,70.31,68.42,301017.18,204313,149375.398,69.42,3045.78,2983.67,296607.6549,5061029,154557.6064,3010.78
2026-01-29T00:00:00,89348.0,83383.33,30431.38201,5598749,12385.58906,84650.16,69.55,64.43,474641.116,310607,234873.613,66.24,3013.5,2754.53,561288.5979,6779608,270939.8171,2822.59
2026-01-30T00:00:00,84735.75,81118.0,35195.84793,8998829,16749.59784,84260.49,66.47,62.71,686027.282,462166,331480.413,65.47,2828.65,2636.01,793279.6252,10661631,388766.163,2707.38
2026-01-31T00:00:00,84270.02,75719.9,39491.89133,7384976,17959.61358,78741.09,65.5,55.0,1322363.304,621529,648434.176,59.53,2714.64,2250.0,1113097.7132,9305297,520430.2055,2451.95
2026-02-01T00:00:00,79424.0,75700.0,25395.48168,8001906,12031.74392,76968.21,59.92,57.16,614483.462,400538,299807.269,58.49,2475.98,2222.0,1026573.9466,11038637,455879.6449,2270.15
2026-02-02T00:00:00,79360.0,74604.0,42273.59016,10085578,21480.45115,78738.61,61.17,56.51,649668.505,431721,314511.934,60.02,2396.62,2157.14,1248535.2114,11149156,614416.942,2347.02
2026-02-03T00:00:00,79186.81,72945.5,39120.10889,9199445,17304.88253,75770.21,61.38,56.87,607480.409,394246,302061.837,59.48,2359.88,2110.0,1321099.3867,11643770,666418.2157,2233.72
2026-02-04T00:00:00,76971.52,71888.0,38375.36,10724002,17274.35569,73165.83,60.99,57.07,610711.727,410884,309305.507,58.89,2295.74,2076.68,1264743.43,10912540,609896.0952,2148.26
2026-02-05T00:00:00,73341.18,62345.0,106298.82899,15364010,49042.65006,62909.86,59.49,50.18,1590945.035,966022,762889.225,50.79,2173.77,1818.18,1952286.6951,13667587,967965.2824,1826.83
2026-02-06T00:00:00,71751.33,60000.0,92539.21531,13228528,49477.51198,70580.26,56.47,45.07,1678612.362,787483,845363.186,55.02,2093.94,1747.8,2102311.5573,12362731,1189792.5763,2063.38
2026-02-07T00:00:00,71690.07,67300.0,44255.48036,7167427,18766.22233,69289.38,56.0,52.86,807072.496,370872,397549.15,55.19,2121.7,1994.57,1142616.4487,7938360,548585.9421,2087.08
2026-02-08T00:00:00,72271.41,68888.0,21420.53168,4870449,11435.75238,70330.38,55.88,53.65,374171.837,186034,186118.409,54.53,2152.03,2064.1,482837.2515,4379045,228020.7596,2089.74
2026-02-09T00:00:00,71453.53,68308.0,29152.72842,6644769,13854.63486,70138.0,55.13,52.36,393768.113,221153,199565.246,54.45,2147.73,2008.62,625378.5569,6331904,315446.5313,2105.02
2026-02-10T00:00:00,70527.59,67800.0,20373.77072,4558658,9237.21056,68841.29,54.68,52.84,289989.059,185560,132344.439,53.38,2124.71,1989.38,574321.6908,5159394,276990.265,2022.67
2026-02-11T00:00:00,69292.88,65756.0,28718.24602,6956577,14335.50997,67082.52,53.71,51.0,428953.94,231264,207632.745,52.32,2032.31,1903.19,529655.8177,6450810,259017.7416,1941.18
2026-02-12T00:00:00,68410.52,65118.0,24271.74283,6778280,12101.72511,66272.17,53.81,51.51,340264.81,178539,172328.959,53.15,2001.42,1897.24,427567.1469,5262808,212467.499,1947.85
2026-02-13T00:00:00,69482.97,65872.46,20244.54955,6450842,10425.24887,68853.96,55.7,52.36,376571.893,205807,194229.802,55.03,2073.68,1924.72,425649.7698,4695571,215643.6192,2048.72
2026-02-14T00:00:00,70560.01,68730.13,18114.78393,3803163,7857.93423,69822.95,56.66,54.88,322012.369,177149,169987.471,55.99,2107.67,2042.37,220677.2355,2720271,110065.542,2086.59
2026-02-15T00:00:00,70983.0,68000.0,22290.05208,4598633,8861.59262,68832.58,56.68,54.18,375205.526,233014,183831.788,55.08,2103.32,1928.88,834778.0952,5864311,323503.2298,1966.58
2026-02-16T00:00:00,70126.67,67294.11,15515.76534,5233849,8153.4314,68892.43,55.65,53.33,393363.556,209803,202826.262,55.13,2023.51,1937.24,351347.9433,4476026,178158.7858,1998.33
2026-02-17T00:00:00,69241.5,66621.06,16489.06921,5994853,7538.45107,67503.52,55.85,53.17,357538.905,225155,180520.162,53.96,2015.33,1941.66,406246.9427,6420841,196947.7031,1991.66
2026-02-18T00:00:00,68476.22,65870.0,15492.43839,4548997,7895.05707,66461.0,54.93,52.95,260302.801,182060,131921.071,53.32,2039.05,1923.78,393639.0086,5176537,191523.6119,1955.91
2026-02-19T00:00:00,67320.0,65631.83,14542.26988,4679351,7106.70741,67003.73,53.73,51.42,266659.855,177298,131754.862,52.7,1987.55,1907.0,300257.0733,3793608,142030.3122,1949.08
2026-02-20T00:00:00,68318.39,66280.2,35351.87091,5044912,15001.46034,68020.01,55.47,52.66,463361.849,247994,238052.659,55.19,1981.18,1922.97,386253.5557,3948261,186424.2257,1968.88
2026-02-21T00:00:00,68698.7,67534.69,8032.84131,1593539,4003.46206,67975.93,56.01,54.82,242511.391,129022,131023.911,54.9,1995.56,1955.62,179173.8456,1362230,91535.9107,1973.35
2026-02-22T00:00:00,68245.0,67190.0,8175.13484,2160900,3974.29287,67643.4,54.92,52.94,231209.383,111289,112032.994,53.48,1983.13,1935.0,155325.6482,1850073,77240.1124,1957.82
2026-02-23T00:00:00,67684.86,63888.79,33075.90923,8268695,16388.63858,64656.02,53.55,50.72,349970.204,227901,163764.655,51.35,1958.33,1837.13,547359.4869,6684753,266498.7851,1856.3
2026-02-24T00:00:00,65026.75,62510.28,23102.83622,7553629,11150.61026,64058.15,51.9,50.18,376143.687,206302,171815.79,51.15,1869.58,1800.0,438064.0284,6607359,205850.4101,1851.94
2026-02-25T00:00:00,69988.83,63913.27,30749.99259,7096715,16382.91985,67988.04,59.0,51.03,683585.789,338588,335310.525,56.76,2148.39,1846.74,682979.4378,9024746,343230.549,2057.48
2026-02-26T00:00:00,68860.0,66500.0,20737.77792,5426137,10172.50047,67485.18,57.09,54.42,339639.683,231245,168752.736,55.62,2083.33,1975.35,439783.3566,7142316,224781.9099,2027.68
2026-02-27T00:00:00,68216.8,64914.46,21228.58424,3856064,10107.20917,65872.1,56.39,53.42,305470.267,201256,157289.285,54.56,2063.52,1887.0,428687.234,5213158,214287.6264,1929.84
2026-02-28T00:00:00,67760.0,63030.0,22548.71649,5268514,11531.10802,66973.26,54.96,51.47,383397.838,270111,201159.463,54.4,1984.99,1835.36,461680.9835,6186042,229978.4238,1964.51
2026-03-01T00:00:00,68199.99,65056.0,23201.85859,5312013,11209.77201,65776.47,55.53,52.47,299256.409,243982,145672.439,53.24,2054.8,1907.41,529196.8464,6616298,254547.6476,1939.71
2026-03-02T00:00:00,70096.0,65259.21,32010.38431,8397526,15335.91369,68830.06,55.72,52.95,462228.194,285473,244467.986,54.61,2090.0,1920.0,577406.3749,9343785,299199.2494,2027.35
2026-03-03T00:00:00,69258.08,66158.0,24972.2418,7648119,12331.622,68338.0,55.26,53.02,439975.97,267831,198693.023,54.76,2041.48,1929.56,509329.8534,8311355,254251.3309,1982.8
2026-03-04T00:00:00,74050.0,67400.0,44919.0761,8618302,23641.35243,72666.77,57.66,54.3,528737.562,321571,263955.17,56.77,2199.0,1945.08,737644.8152,9527323,368171.8559,2127.28
2026-03-05T00:00:00,73558.15,70645.47,26590.51253,6709160,12299.51467,70890.72,57.27,55.03,390267.224,252251,177143.763,55.46,2163.66,2054.75,432157.8126,6753565,205453.4958,2072.86
2026-03-06T00:00:00,71419.98,67744.78,22629.88722,5302899,10464.09351,68114.02,55.89,53.12,299754.686,184265,151170.728,53.81,2093.33,1955.95,411597.7569,5601424,197603.9435,1978.68
2026-03-07T00:00:00,68551.04,66915.26,12719.54315,2067476,5910.76849,67262.91,54.29,53.21,262288.031,112232,142423.528,53.58,1996.04,1948.09,184459.82,2029543,89270.3932,1969.59
2026-03-08T00:00:00,68200.0,65618.49,21593.63901,3028392,11268.64926,65971.2,53.94,51.88,398559.551,179938,187345.094,52.59,1979.8,1916.14,391189.7317,4044585,190729.8992,1937.1
2026-03-09T00:00:00,69516.65,65821.97,28896.7213,5093667,14101.45378,68432.16,54.75,52.5,327230.42,204901,169272.091,53.77,2053.52,1929.65,550825.4883,6360581,282877.29,1992.98
2026-03-10T00:00:00,71777.0,68391.41,32602.57726,5176064,16453.82839,69948.63,55.0,53.43,348345.87,207079,180614.737,53.87,2088.19,1991.0,463411.8739,5226998,240013.7173,2036.51
2026-03-11T00:00:00,71321.0,68977.91,27249.27542,4759855,14015.31615,70191.86,55.28,53.54,272644.402,158910,127442.237,54.8,2085.58,2007.17,350061.256,4730286,172446.7326,2051.97
2026-03-12T00:00:00,70800.0,69205.91,21997.1605,4344059,10545.03396,70541.34,55.0,53.8,271228.185,149964,145028.3,54.56,2095.0,2017.59,400507.8132,4757775,196694.8334,2073.52
2026-03-13T00:00:00,73913.74,70386.01,35996.61678,5312490,18310.3426,70930.0,56.71,54.47,337868.652,215260,167321.985,55.3,2209.03,2070.12,599657.0399,6138489,300361.2151,2092.22
2026-03-14T00:00:00,71307.92,70317.0,13017.24737,1661739,6242.10104,71211.95,55.84,54.37,225515.431,106784,106081.929,54.98,2106.09,2061.6,152500.5822,1584458,73409.361,2096.16
2026-03-15T00:00:00,73199.0,70858.82,14037.30704,2509013,7307.01776,72815.24,56.41,54.69,247015.19,128184,115518.4,56.27,2202.87,2083.35,280825.9377,3001730,146142.3746,2178.3
2026-03-16T00:00:00,74909.08,72270.41,28409.53019,5396482,15204.22255,74884.67,59.23,55.82,587196.808,269948,285016.798,58.7,2386.02,2164.73,845892.7756,7409311,445819.396,2352.97
2026-03-17T00:00:00,76000.0,73399.19,24521.26636,4863187,11791.2523,73909.36,59.26,57.31,402802.673,214662,206304.377,58.09,2376.66,2294.15,493831.1016,5596636,240136.5065,2317.39
2026-03-18T00:00:00,74672.34,70500.0,23392.88093,4733897,11709.17057,71246.54,58.56,55.3,355225.613,198224,160825.572,56.08,2350.0,2153.21,488040.8887,5684937,232364.5906,2203.39
2026-03-19T00:00:00,71613.79,68793.35,22364.81819,4972526,10489.13676,69930.0,56.35,54.59,266053.615,174237,130828.917,55.54,2233.72,2099.38,490791.679,6142160,235483.1788,2137.81
2026-03-20T00:00:00,71367.0,69388.0,18121.16745,4369971,8801.41211,70510.73,56.47,55.17,221084.585,144094,109524.558,56.17,2176.84,2116.88,300156.1778,4595372,162200.144,2146.22
2026-03-21T00:00:00,71100.94,68571.42,13397.1675,1640086,6379.69313,68918.12,56.59,54.42,194699.709,103200,95771.379,54.81,2168.27,2070.78,132559.4646,1375463,63249.5812,2084.87
2026-03-22T00:00:00,69588.79,67360.66,14843.78682,3269152,7292.32333,67859.0,55.05,53.03,303410.591,157394,149806.373,53.51,2127.21,2026.0,313070.5572,3577857,154345.7056,2053.89
2026-03-23T00:00:00,71817.09,67445.18,28335.09119,6509730,14640.9723,70906.45,56.16,53.27,361341.093,236501,183217.794,55.72,2198.57,2023.04,614508.4369,7349668,310239.9864,2152.03
2026-03-24T00:00:00,71400.0,68923.07,20702.42244,4191328,9731.85043,70556.74,56.5,55.05,251140.031,152634,123546.971,56.38,2175.16,2103.02,316703.4728,4633093,152304.1675,2156.23
2026-03-25T00:00:00,72026.09,70408.0,17719.50066,3298902,8819.77787,71336.53,56.8,55.79,308934.412,133351,146028.372,56.65,2199.02,2146.35,275641.5255,3492121,139003.4847,2169.02
2026-03-26T00:00:00,71436.82,68153.0,20820.45768,3597702,10116.39467,68820.31,56.67,54.23,382513.198,147781,164299.115,54.59,2172.19,2034.54,338010.6238,3890747,171588.2134,2060.43
2026-03-27T00:00:00,69179.05,65548.25,28603.69557,4159306,14568.62853,66407.28,55.18,53.29,262999.776,151570,120529.037,53.72,2077.19,1970.93,394873.5248,3909237,206051.2798,1992.75
2026-03-28T00:00:00,67288.94,65932.09,11462.39847,1687368,5753.04124,66377.03,54.93,53.26,269897.849,116262,146392.985,53.85,2047.45,1983.17,154831.8055,1569810,86378.919,1994.74
2026-03-29T00:00:00,67130.5,65000.0,10052.85584,2146177,4769.42832,66010.93,54.39,52.22,181661.454,119092,85287.9,53.32,2019.65,1938.82,166726.7382,2049808,87697.2438,1984.64
2026-03-30T00:00:00,68169.65,65800.59,18353.38975,3902849,9155.91893,66797.37,54.41,52.96,414289.211,171920,191153.443,53.34,2085.0,1980.28,338304.4344,3886546,174062.2111,2026.48
2026-03-31T00:00:00,68589.49,65998.05,22105.40662,4846820,10726.18262,68284.48,54.29,53.13,332765.311,161896,171657.225,53.95,2124.03,2012.64,421897.9023,5013796,218379.1286,2105.43
2026-04-01T00:00:00,69310.0,67578.75,19020.1899,3741910,9702.49844,68113.92,54.78,53.72,398752.553,147646,197862.459,53.82,2167.85,2082.08,399227.3779,4211533,203721.1114,2140.35
2026-04-02T00:00:00,68653.38,65712.12,20203.47916,4189133,10090.6562,66901.99,54.12,51.4,346503.9,172486,168588.781,52.29,2159.37,2017.04,346872.8323,4462923,161146.8702,2057.17
2026-04-03T00:00:00,67370.42,66282.0,11429.13131,2023104,5535.26988,66964.3,53.49,52.14,195542.014,99499,96012.854,53.24,2081.76,2040.66,136266.6393,1741595,64849.8016,2053.83
2026-04-04T00:00:00,67562.93,66775.91,7373.51613,1356179,3701.32932,67300.42,53.86,52.99,149737.599,67311,72054.586,53.59,2084.0,2044.63,86504.4406,1246022,42789.6573,2065.52
2026-04-05T00:00:00,69136.2,66611.66,11733.46752,2106257,5791.55692,69034.18,54.21,52.59,154164.553,84781,74832.935,54.11,2123.49,2021.5,157353.3199,2504865,78363.4974,2110.17
2026-04-06T00:00:00,70351.46,68300.0,20281.61044,4695523,10149.79257,68853.66,54.64,53.2,251244.43,116245,121886.022,53.53,2174.79,2087.5,356054.2894,5330366,180414.5093,2107.16
2026-04-07T00:00:00,72761.0,67732.01,23750.49661,4871706,12465.18271,71924.22,55.74,52.91,313030.401,153619,151630.93,55.36,2273.87,2060.24,460094.8093,5189711,239252.9777,2240.01
2026-04-08T00:00:00,72857.0,70707.23,19802.68627,3843988,9570.20189,71069.93,55.59,53.89,262118.262,117516,127241.579,53.95,2270.55,2179.78,404717.6321,4339985,190983.3243,2190.0
2026-04-09T00:00:00,73145.0,70466.0,18158.42159,3773025,9604.31771,71787.97,55.28,53.62,248302.357,118079,123095.902,54.55,2246.0,2157.31,275317.9503,3756386,135540.5413,2190.2
2026-04-10T00:00:00,73434.0,71426.15,17372.63288,3176308,8819.74841,72962.7,55.52,54.23,227586.41,111160,112640.857,54.96,2257.99,2176.1,272899.0858,2929213,132077.3122,2245.05
2026-04-11T00:00:00,73790.0,72513.09,9070.94374,1472041,4673.47605,73043.16,55.71,54.35,181747.445,84794,87231.945,55.06,2329.93,2229.0,214785.4039,1929651,107238.9877,2284.99
2026-04-12T00:00:00,73137.24,70505.88,13472.46801,2068779,6326.31289,70740.98,55.06,53.36,208716.671,103682,96694.546,53.48,2288.57,2175.0,258156.8821,2575808,125658.2437,2191.65
2026-04-13T00:00:00,74900.0,70566.99,24230.21625,3673539,12639.79905,74417.99,54.76,52.66,330733.726,140451,167332.906,54.62,2394.71,2175.68,453870.8292,4527557,234599.9045,2369.46
2026-04-14T00:00:00,76038.0,73795.47,26532.94456,4033448,13313.88956,74131.55,55.27,54.01,323202.379,133440,152700.859,54.28,2415.5,2302.9,460107.3841,3689565,226148.4763,2322.44
2026-04-15T00:00:00,75425.0,73514.0,14425.04167,3187792,7014.01981,74809.99,55.65,53.78,261668.064,121677,131793.619,55.15,2385.61,2308.5,268190.6377,3232871,126442.7153,2359.95
2026-04-16T00:00:00,75534.76,73309.85,17088.68777,3581890,8601.69794,75154.29,56.61,54.59,329669.004,176731,168825.375,56.36,2369.59,2285.1,328960.9377,3793210,155922.2439,2348.17
2026-04-17T00:00:00,78333.0,74529.4,25941.36694,4931167,14435.4773,77072.0,57.42,55.34,340755.368,173098,175007.746,56.39,2464.91,2317.43,491731.3615,4541654,252564.9694,2419.0
2026-04-18T00:00:00,77420.08,75445.16,9141.84456,1941112,4333.78362,75691.76,56.66,55.24,230684.754,123389,105372.968,55.65,2427.64,2339.92,221741.3888,2045925,98727.0694,2350.32
2026-04-19T00:00:00,76240.66,73762.9,11369.82232,2739751,5458.61875,73801.79,55.82,53.91,228336.314,130120,104072.897,54.06,2355.3,2252.72,256086.8276,2728260,119800.9019,2263.27
2026-04-20T00:00:00,76558.62,73724.31,16993.41034,3563591,8812.70109,75840.97,55.44,53.99,265247.0,133272,138629.401,55.03,2346.78,2259.67,301000.0659,3751621,149027.6285,2313.85
2026-04-21T00:00:00,76927.57,74821.57,14912.57132,3616213,7672.96288,76336.15,55.88,54.67,253718.736,127262,132180.255,55.57,2338.75,2284.19,226645.977,3398934,108621.4578,2327.14
2026-04-22T00:00:00,79472.82,76132.95,19737.51225,3757077,10376.12434,78178.23,56.55,55.48,267526.056,126136,134842.015,55.49,2423.75,2312.95,379707.1259,4230243,191758.2678,2374.07
2026-04-23T00:00:00,78662.5,76960.0,16970.79501,3571796,7760.75572,78257.48,56.23,54.9,233231.953,139554,109367.704,56.21,2382.0,2285.42,356645.6923,4079579,169637.8993,2330.26
2026-04-24T00:00:00,78581.93,77264.08,12675.14315,2581973,6148.06393,77437.13,56.76,55.75,233846.698,102714,118593.618,56.54,2337.5,2300.22,183887.6181,2413824,88184.8381,2314.99
2026-04-25T00:00:00,77885.35,77140.23,5685.1142,806542,2999.85355,77625.0,56.72,55.91,141641.823,69859,69247.774,56.05,2323.21,2300.55,68139.2191,658757,33589.8529,2319.5
2026-04-26T00:00:00,78961.0,77326.51,7963.56162,1476971,3981.86566,78657.55,56.48,55.75,151412.239,74315,74747.712,56.28,2380.0,2306.72,154591.6219,1508570,76876.1717,2369.44
2026-04-27T00:00:00,79485.66,76459.64,16046.92418,2982889,7712.53219,77371.32,56.8,54.95,255326.831,122144,122908.03,55.57,2404.37,2266.09,300363.8586,3192282,143798.2975,2303.67
2026-04-28T00:00:00,77478.0,75666.6,13210.72383,2352446,6518.95469,76342.77,55.79,54.67,182047.015,84905,83481.022,55.71,2310.88,2258.24,187932.2201,2346992,94578.0797,2289.42
2026-04-29T00:00:00,77904.93,74937.52,18279.93022,3032890,9680.02112,75780.0,57.71,54.35,407969.758,188804,191589.136,55.32,2346.95,2220.36,355078.1015,3588292,178999.8027,2252.9
2026-04-30T00:00:00,76669.14,75323.65,10381.81607,2569480,5585.19124,76346.57,55.99,54.93,195777.274,106126,90877.519,55.19,2279.0,2231.64,167194.2776,2649837,83993.1124,2257.51
2026-05-01T00:00:00,78914.12,76320.42,17315.46502,2388458,8322.98012,78231.13,56.03,54.9,249857.345,108255,125614.962,55.4,2325.28,2257.21,191082.555,1805481,89533.7329,2295.63
2026-05-02T00:00:00,79199.48,78040.0,6150.87642,936143,3297.03958,78686.85,55.71,55.05,166093.453,72397,77576.386,55.39,2343.6,2292.91,85588.4724,870699,45662.7959,2316.97
2026-05-03T00:00:00,79447.0,78084.08,7425.7929,1352474,3464.91412,78568.57,55.76,54.84,155415.526,78735,72037.356,55.29,2356.92,2297.59,151074.4342,1374290,74492.1738,2322.65
2026-05-04T00:00:00,80776.99,78202.0,26042.96135,3734604,13351.64548,79861.01,56.43,54.9,427752.647,158136,205289.652,54.96,2398.93,2309.24,453020.7985,4137093,220556.484,2347.16
2026-05-05T00:00:00,81791.48,79808.72,16947.17995,2490930,8628.14977,80905.52,56.61,54.76,348454.566,114282,168851.227,56.34,2399.5,2344.93,286636.7312,2512190,139328.0697,2360.77
2026-05-06T00:00:00,82850.0,80731.14,18798.77396,2794707,9976.68805,81447.01,57.93,56.08,382538.839,164697,180533.283,56.73,2423.74,2338.0,420667.3161,3062625,193007.5534,2350.84
2026-05-07T00:00:00,81708.32,79500.0,16154.80338,2540329,7625.14879,80006.0,57.4,56.05,307147.728,148023,129627.414,56.42,2352.3,2280.1,469521.9378,3191083,177521.5123,2291.06
2026-05-08T00:00:00,80500.0,79181.48,16001.31009,2265372,8328.38654,80193.17,58.99,56.06,336466.293,156984,162958.694,58.32,2321.22,2265.61,421035.1582,2568056,164773.9995,2307.06
2026-05-09T00:00:00,81080.0,80129.85,7548.42177,1002373,4032.72566,80678.4,59.14,57.62,242074.69,115995,120797.038,58.0,2338.37,2300.0,230431.157,1248625,90960.5803,2326.44
2026-05-10T00:00:00,82479.32,80279.77,12034.31882,1801608,6395.8966,82210.07,60.61,57.66,343635.287,182187,175245.893,60.43,2382.53,2311.83,398122.8623,2272749,219121.332,2371.27
2026-05-11T00:00:00,82380.0,80462.97,12951.76056,2576396,6132.37349,81745.65,60.59,58.06,329617.12,189558,161317.661,58.52,2374.92,2304.0,236962.0552,2594593,103490.2032,2339.87
2026-05-12T00:00:00,81788.0,79843.59,12386.25676,2345137,5716.20385,80504.47,58.68,57.05,304201.854,163282,142986.328,58.12,2340.85,2256.27,252981.1082,2520381,112560.2947,2274.96
2026-05-13T00:00:00,81324.64,78754.65,14810.05643,2350570,7161.64182,79313.61,58.97,56.28,350780.772,157947,168416.046,57.01,2323.36,2234.13,258455.7299,2145600,124180.3611,2258.65
2026-05-14T00:00:00,82048.13,78922.0,19727.86807,3101046,10750.20775,81089.99,59.56,56.63,352324.525,162318,176756.433,58.21,2319.33,2238.64,256680.8359,2730407,127752.3579,2283.25
2026-05-15T00:00:00,81664.45,78659.0,17351.27079,3184114,8333.17845,79113.21,58.52,56.39,315362.807,182630,140511.633,57.5,2300.29,2205.11,288536.5507,2977308,123184.0319,2224.66
2026-05-16T00:00:00,79227.77,77640.0,12132.86192,1597661,5776.31138,78148.05,57.71,55.57,218120.284,123080,103450.494,56.14,2231.51,2162.55,199288.5761,1541883,91742.2991,2180.77
2026-05-17T00:00:00,78599.99,76735.16,8442.7022,1570433,3897.8677,77457.67,56.52,53.72,274079.963,129779,135154.76,54.57,2198.14,2091.48,175116.8149,1638605,83798.741,2131.0
2026-05-18T00:00:00,77800.0,76051.0,18745.51678,3529328,8916.45791,77001.87,54.58,53.16,385819.159,192991,176500.549,54.37,2157.24,2077.23,381878.3932,3981985,183892.1637,2130.08
2026-05-19T00:00:00,77414.62,76144.71,11024.85978,2315121,5680.77448,76834.36,54.59,53.5,239681.253,112667,116053.368,54.5,2146.95,2094.47,186945.075,2356965,86073.6731,2111.93
2026-05-20T00:00:00,77853.04,76516.74,11296.26307,2437754,5606.16242,77552.23,54.56,53.29,295176.434,141187,141375.723,53.96,2149.0,2103.29,189088.294,2256505,93912.9824,2129.44
2026-05-21T00:00:00,78200.0,76719.47,11318.25841,2473146,5765.00854,77615.52,54.7,53.3,307246.246,148158,150878.73,54.18,2157.5,2105.15,232889.1117,2526150,118956.068,2133.76
2026-05-22T00:00:00,77900.0,75359.18,11272.36134,2370783,5204.99076,75539.5,54.58,52.26,346990.759,179452,162581.14,52.65,2141.39,2057.79,221783.2548,2344218,109989.3764,2065.85
2026-05-23T00:00:00,77404.18,74289.6,15086.88814,2103536,7738.58719,76752.01,54.24,51.47,280632.087,154705,141899.086,53.49,2149.95,2009.3,350546.2289,2641732,186016.0823,2117.68
2026-05-24T00:00:00,77543.15,76108.0,8398.00156,1612969,4513.13276,77064.96,53.68,51.97,197832.355,103247,95638.453,52.76,2132.14,2063.0,197748.7605,1928016,95960.6284,2099.85
2026-05-25T00:00:00,77905.52,76914.25,7672.32197,1778509,3644.38154,77322.01,53.2,52.45,240420.443,104038,119533.787,52.73,2141.98,2092.26,166428.5979,1786621,86258.1599,2113.01
2026-05-26T00:00:00,78080.0,75677.97,16953.47629,3360745,7867.0405,75930.01,53.12,51.63,232422.522,129051,109540.659,51.92,2140.49,2055.06,282553.3096,2963706,125284.8456,2073.77
2026-05-27T00:00:00,76174.15,74243.99,16877.77483,3367068,7990.81792,74449.3,52.88,51.67,248461.8,130303,125364.271,51.97,2097.4,2016.0,267963.1573,3056962,121588.1389,2024.84
2026-05-28T00:00:00,74590.77,72582.82,21274.02026,3799713,11285.37807,73617.51,52.14,50.33,335369.629,162328,163692.728,51.67,2030.0,1967.0,363834.9211,3609031,176081.0293,2009.9
2026-05-29T00:00:00,74514.1,72512.49,18686.74141,2897318,10668.37212,73460.78,52.34,51.16,239712.267,127074,118500.732,51.89,2046.59,1976.48,283145.695,2925370,142075.6321,2014.54
2026-05-30T00:00:00,74143.76,73216.0,7515.40909,1124406,4118.11087,73884.38,52.78,51.83,202049.623,91594,112236.588,52.45,2032.0,2002.0,97977.5349,969371,51565.2626,2022.44
2026-05-31T00:00:00,74275.66,73400.0,6986.45707,1363437,3407.47243,73674.39,52.76,51.39,171100.902,88436,80181.279,52.07,2038.0,1993.75,163735.4958,1454319,69842.5033,2007.01
2026-06-01T00:00:00,74092.0,70686.68,23921.09184,4237773,11600.30396,71408.9,52.29,50.1,322073.938,165718,150698.955,50.79,2021.5,1956.04,374428.2839,3806222,189965.6217,2006.73
2026-06-02T00:00:00,71408.9,66193.0,32858.19586,6250677,15675.4915,66760.83,50.84,46.3,518694.045,279956,242094.807,46.91,2006.78,1839.02,556885.5418,5759311,262471.3967,1859.84
2026-06-03T00:00:00,67516.0,64092.49,30138.3065,6676358,14567.29572,64142.75,48.56,46.82,464091.661,244495,210391.691,47.14,1893.07,1769.62,584760.4818,6496256,291410.2577,1813.05
2026-06-04T00:00:00,64764.32,61383.56,43577.17571,9057976,20172.82504,63885.99,47.48,43.9,540540.514,360329,239793.873,45.64,1820.5,1717.28,648306.1051,8222751,313120.6405,1770.77
2026-06-05T00:00:00,63978.0,59130.91,55027.28807,11658856,24879.51775,61056.47,45.85,41.94,635433.032,444150,306411.99,43.32,1774.99,1540.19,1257013.1608,13017779,605408.4543,1583.4
2026-06-06T00:00:00,61530.05,59500.0,19795.58877,5000874,9473.55921,60884.62,44.03,40.52,445059.153,272577,223941.563,41.39,1601.22,1505.68,558458.3672,6254953,267600.8258,1569.69
2026-06-07T00:00:00,64234.68,60746.0,26612.10443,4752461,14156.31067,63332.01,43.46,41.1,497116.605,260522,265822.659,42.83,1721.93,1564.1,458280.5909,5095675,228933.854,1690.51
2026-06-08T00:00:00,64200.0,62408.0,23053.38624,4887564,11227.99606,63085.99,43.82,42.04,380809.35,213677,195741.376,43.03,1714.5,1645.0,480027.3121,5759621,245621.2272,1690.49
2026-06-09T00:00:00,63526.01,60780.0,21636.21959,4347332,10357.23644,61730.0,43.5,41.81,335158.076,209673,171024.388,43.03,1696.88,1614.02,384147.2349,4501516,174461.5449,1639.52
2026-06-10T00:00:00,62857.99,60755.0,15998.71652,4655686,7714.59491,61510.99,43.24,41.25,336886.191,214030,168533.434,41.74,1667.96,1603.44,290791.2819,4680030,144480.8587,1621.59
2026-06-11T00:00:00,63933.02,61510.99,17380.94642,3446803,8975.49366,63625.99,42.95,41.72,265830.529,166724,137847.84,42.47,1693.59,1621.6,278507.7204,3410263,146755.8289,1673.46
2026-06-12T00:00:00,64394.44,62829.81,16397.0524,3154052,8373.87233,63580.01,43.54,42.19,301012.215,159330,149889.735,43.07,1691.07,1652.09,201888.0102,2888517,103835.6453,1666.41
2026-06-13T00:00:00,64762.77,63418.66,9960.74163,1489009,5326.34918,64458.01,44.4,42.95,222108.536,113634,127493.795,44.33,1697.28,1662.2,106751.6077,1222979,57726.9957,1681.18
2026-06-14T00:00:00,65800.0,63678.83,13203.03375,2060901,6966.04602,65746.45,45.44,43.73,248976.672,123656,126755.678,45.41,1732.28,1654.9,178009.9541,1935991,90922.7855,1725.62
2026-06-15T00:00:00,67292.15,65354.0,18559.80102,3140494,8827.32403,66328.74,46.29,44.77,444466.55,210567,214279.469,45.76,1849.54,1709.66,464135.2553,3136116,226908.449,1796.13
2026-06-16T00:00:00,66992.0,65360.92,14302.05801,2964629,6709.60119,65675.01,46.36,44.41,274832.158,156247,134035.543,45.69,1839.77,1758.0,353577.549,3651200,175935.254,1792.99
2026-06-17T00:00:00,66445.93,63915.77,19048.65409,3933123,9344.30808,64509.4,45.98,44.38,230701.228,165971,108250.538,44.92,1810.21,1725.34,334498.0575,4175463,156023.0739,1750.6
2026-06-18T00:00:00,64806.0,62272.07,16935.59661,3573931,8148.66252,62958.01,45.05,42.99,261982.744,144737,132396.843,43.86,1762.99,1671.79,312480.9656,3404966,150925.452,1711.11
2026-06-19T00:00:00,63666.0,62316.44,14247.424,2671918,6709.20964,63543.91,44.59,43.19,197842.738,123150,95115.527,44.07,1719.51,1679.11,165078.1984,2339768,86541.467,1711.19
2026-06-20T00:00:00,64388.0,63184.21,9522.10324,1970081,4669.85879,64298.01,44.63,43.77,157579.327,98807,74651.792,44.53,1749.55,1704.06,159791.8211,1842588,85441.3878,1741.08
2026-06-21T00:00:00,64588.0,63270.0,8034.66333,1768294,3833.13382,63311.99,46.08,44.39,203222.204,115877,100548.435,44.47,1741.45,1702.0,123762.4689,1658599,60145.8081,1706.94
2026-06-22T00:00:00,65622.83,63312.0,15423.10851,3521337,7677.53285,64020.01,45.84,44.29,197151.209,134696,93891.469,44.56,1779.9,1706.94,262657.182,3303043,132053.0362,1728.19
2026-06-23T00:00:00,64275.38,61938.0,20222.99292,3626190,9113.2674,62734.57,44.68,41.8,325938.161,160737,166389.733,42.17,1736.25,1635.65,248262.012,3415279,120633.5298,1667.13
2026-06-24T00:00:00,63239.06,59102.7,30678.28543,5367531,14451.4544,61077.99,42.42,39.32,379040.036,208795,179664.776,41.19,1693.67,1552.95,355728.3403,5254099,177192.2396,1622.17
2026-06-25T00:00:00,61962.4,58115.01,30386.00694,5683275,14406.15352,59794.0,42.0,39.28,364920.241,213285,169708.007,40.92,1660.54,1532.9,440671.005,4454580,236247.0286,1567.84
2026-06-26T00:00:00,60759.99,58337.0,27403.55723,6019134,13907.49037,60097.27,42.18,40.03,454853.245,207542,217461.751,41.91,1594.7,1512.0,423691.4393,4010582,219134.2695,1578.68
2026-06-27T00:00:00,60941.17,59855.16,9587.22916,1763416,5067.9265,60029.0,43.3,41.71,329191.931,125800,150648.717,42.17,1611.02,1562.86,131592.3598,1281824,67386.1857,1573.99
2026-06-28T00:00:00,60545.01,58905.0,8907.13796,2299232,4290.64588,59577.01,43.37,41.9,227075.393,132188,117072.353,42.53,1588.82,1548.37,140181.1417,1506628,70060.9956,1571.96
2026-06-29T00:00:00,60780.57,58900.01,20203.14178,4884336,10334.16227,60260.21,43.44,42.12,306960.233,177745,144810.827,43.2,1637.58,1550.43,309968.9748,2959728,155013.503,1613.07
2026-06-30T00:00:00,60276.54,58201.0,19639.82787,3804809,8879.55126,58624.71,43.21,41.59,292275.166,132254,147793.839,41.93,1614.41,1550.2,222057.2042,2013738,104379.84,1572.01
2026-07-01T00:00:00,61334.0,57800.19,25093.44662,4166849,12936.11295,60024.0,43.7,41.14,344831.479,160104,171096.794,42.71,1646.26,1552.92,306536.311,2678598,156369.5022,1609.58
2026-07-02T00:00:00,62200.0,59588.0,21382.14163,3883096,11394.85517,61560.0,43.93,42.42,360361.164,151729,191992.906,43.54,1725.0,1597.22,373453.5082,2999563,199786.5508,1700.57
2026-07-03T00:00:00,62979.86,61248.86,14048.98627,2571531,7249.98683,62583.26,45.35,43.1,309381.745,127018,163703.753,44.82,1775.78,1694.72,244416.868,2558467,129829.1354,1758.21
2026-07-04T00:00:00,63461.99,62328.24,9139.8274,1643288,4753.53597,63144.01,45.71,43.96,277720.818,118836,136015.85,44.86,1807.65,1744.09,190880.1497,1984105,98915.7658,1780.64
2026-07-05T00:00:00,63999.0,62436.59,9172.07758,1790183,4565.93641,63650.0,46.15,44.01,297125.987,130067,148462.544,45.82,1808.0,1748.79,389673.4191,2710301,186115.1562,1785.65
2026-07-06T00:00:00,64700.0,61306.84,21435.28437,3777895,11556.55192,64042.02,46.03,43.76,339845.051,153820,156807.928,44.84,1833.4,1728.95,305879.3304,2770665,156283.9234,1799.56
2026-07-07T00:00:00,64314.0,62671.39,16834.20823,3282102,8128.20476,63363.99,45.0,43.66,244017.888,124447,121106.807,43.91,1813.16,1757.57,241536.7253,2520272,117218.5185,1771.45
2026-07-08T00:00:00,63761.99,61544.56,18620.09796,3598487,8338.57026,62290.0,44.07,43.17,395441.486,151996,189302.666,43.66,1785.0,1713.44,225231.2254,2459826,107440.578,1743.54
2026-07-09T00:00:00,63500.0,61705.29,16742.80672,3176050,7922.48357,63230.0,44.33,43.42,215987.587,102259,103085.202,43.8,1762.36,1721.93,173705.2572,1852063,87235.1274,1745.16
2026-07-10T00:00:00,64692.83,62926.01,17589.00122,2927425,8727.5029,64161.72,44.9,43.59,213820.219,100144,103639.413,44.78,1812.0,1737.68,215605.8045,1885371,111540.9027,1796.85
2026-07-11T00:00:00,64504.11,63819.0,9151.97432,1406178,3908.28562,63819.0,45.55,44.6,171082.839,78505,87441.987,44.65,1830.0,1786.58,178703.4183,1196630,82847.9976,1787.76
2026-07-12T00:00:00,64290.11,63640.83,13914.83703,1919605,6757.00737,63780.0,44.9,43.98,149343.537,77152,73106.526,44.01,1826.92,1779.46,141072.9835,1163165,67542.1325,1806.8
2026-07-13T00:00:00,64425.0,61824.97,21682.50204,3349712,9861.43724,62334.52,44.55,42.92,238704.576,118074,116412.479,43.57,1846.0,1750.2,295031.6198,2649302,139033.3963,1776.72
2026-07-14T00:00:00,65100.0,62272.2,20552.41384,3080945,10847.48978,65043.98,45.5,43.42,280249.638,120584,157464.92,45.41,1896.14,1773.41,368913.772,3283907,202166.4648,1891.87
2026-07-15T00:00:00,65600.0,64485.0,18401.89741,2668919,9009.48362,64756.28,46.1,44.63,442147.019,166326,239007.173,45.18,1946.52,1864.38,319800.9693,2766157,164441.1035,1917.86
2026-07-16T00:00:00,64997.52,63748.74,18764.52679,2813481,9007.30607,63830.2,45.42,44.35,420200.16,122201,210108.33,44.94,1929.48,1857.54,271689.0863,2577028,124124.427,1864.71
2026-07-17T00:00:00,64387.99,62537.56,18189.89389,3239296,8618.43801,63931.67,45.91,44.09,375989.13,175164,175387.537,45.17,1871.08,1803.05,253027.7556,2654101,127019.9006,1841.93
2026-07-18T00:00:00,64865.0,63886.65,8031.18012,1088701,4100.21428,64834.22,47.89,45.06,448144.389,169538,240751.049,47.01,1867.58,1837.58,92597.9232,898148,49679.7706,1862.61
2026-07-19T00:00:00,64967.25,64280.0,8379.91474,1464337,4281.97001,64722.54,47.9,46.7,260983.155,138192,129935.729,47.07,1879.38,1851.71,143922.6662,1375145,72477.4109,1872.23
2026-07-20T00:00:00,65799.0,63100.0,21323.48702,3606847,10104.82668,65255.51,47.82,46.42,408695.191,219359,194477.446,47.37,1918.16,1843.14,271195.633,2898762,139935.4434,1904.77
2026-07-21T00:00:00,66956.15,65148.75,18618.28087,3005241,9545.80868,66556.16,48.15,46.66,237478.44,155734,115173.078,46.87,1953.0,1900.74,326965.6779,2430342,178850.1688,1930.09
2026-07-22T00:00:00,66739.89,65553.67,18074.86602,3381825,8854.46937,66114.49,47.63,46.33,201017.757,128437,97156.769,47.14,1956.45,1910.68,251140.8253,2535468,123958.4642,1934.25
2026-07-23T00:00:00,66313.14,64650.0,14698.22673,2557299,7036.32429,65098.97,47.56,46.2,326928.729,150291,156097.021,46.96,1941.5,1869.44,219789.0733,2040809,99799.0967,1878.38
2026-07-24T00:00:00,65808.59,63739.75,16821.2718,2467691,8133.22286,64139.99,47.42,45.89,262698.682,117645,114127.516,46.36,1909.8,1848.09,200795.4361,2134534,102087.8997,1861.44
2026-07-25T00:00:00,64475.28,63810.0,8863.0503,1005338,4621.49495,64375.0,46.7,45.75,185461.928,72993,88225.378,46.56,1877.07,1851.22,88434.488,763113,45312.7075,1874.89
2026-07-26T00:00:00,65577.0,64293.81,7933.06089,1138023,4091.47971,65399.99,48.28,46.49,279376.435,115824,150035.566,47.84,1967.36,1873.85,153233.6949,1515963,80698.9915,1954.72
2026-07-27T00:00:00,65744.6,63605.56,14791.90543,2921636,6694.82928,63755.86,47.85,45.94,252082.903,133880,124192.944,46.05,1981.24,1882.49,342451.48,3195743,162403.1192,1892.53
2026-07-28T00:00:00,64100.0,62742.47,13889.82996,2679943,7070.0283,63915.0,46.7,45.89,201004.218,113118,92786.002,46.21,1929.67,1856.88,289225.1629,2505196,142104.8161,1922.23
2026-07-29T00:00:00,64744.81,63267.34,16780.11912,3615294,8931.61763,63984.28,46.4,44.33,324342.523,152307,145349.835,45.45,1935.68,1872.0,298562.344,3050869,146699.4645,1910.72
2026-07-30T00:00:00,65176.6,63603.92,17131.58486,3246691,8996.1922,64780.02,45.84,44.88,218556.384,108369,116622.632,45.58,1936.99,1893.99,176531.6818,1937149,88629.7538,1918.31
2026-07-31T00:00:00,65409.56,62466.0,20475.60686,2740238,9659.56143,62887.88,45.91,44.18,189102.384,113293,95200.192,44.31,1936.15,1848.7,242904.7865,2209134,105152.1456,1862.6
2026-08-01T00:00:00,63150.0,62275.0,7563.08904,831983,3772.23898,62823.64,44.77,43.62,169001.062,87844,81594.179,44.25,1875.45,1822.06,108886.9878,880600,48007.9114,1844.94
2026-08-02T00:00:00,63796.33,62806.58,8387.01154,1286064,4566.33112,63570.0,45.05,44.12,121037.581,65926,61320.352,44.69,1898.5,1843.67,123655.0632,1129827,64503.1281,1885.36
2026-08-03T00:00:00,64080.0,62300.0,15543.29743,2494364,7987.90387,63520.0,44.78,44.02,174467.846,92359,81008.72,44.3,1885.95,1828.62,175607.0099,1775363,84775.068,1860.5
2026-08-04T00:00:00,64549.16,63322.01,13690.47909,2388039,7360.46366,64106.56,45.17,44.05,205760.634,100209,114404.452,44.85,1882.44,1848.38,185254.5452,1809806,93966.2161,1869.75
2026-08-05T00:00:00,65025.22,63880.0,12742.85528,2402227,6522.4825,64665.23,45.44,44.73,188665.203,97921,91068.678,45.33,1928.0,1855.5,238330.3269,2270605,124423.2562,1908.9
2026-08-06T00:00:00,64999.0,64172.0,9864.43284,2087951,4666.15261,64323.61,45.85,44.75,176882.467,93491,88290.713,45.45,1920.51,1892.04,177529.7135,1782371,81160.1351,1904.1
2026-08-07T00:00:00,65390.99,64166.0,11807.40403,2283383,5639.26621,64923.19,46.07,45.28,202788.839,96120,96304.473,45.54,1943.02,1894.35,210276.529,1579936,95029.1101,1914.18
2026-08-08T00:00:00,65192.54,64784.19,5760.14298,540447,2810.00611,64962.6,46.12,45.44,104396.17,49379,55054.402,46.02,1926.72,1912.27,56872.3931,433955,27552.6004,1916.74
2026-08-09T00:00:00,65474.46,64730.08,7031.23606,803981,3207.32922,64901.59,46.5,45.4,129520.201,62098,65177.623,45.46,1938.22,1907.56,87855.3253,681191,42718.9753,1910.65
2026-08-10T00:00:00,65391.14,63806.27,13638.40877,2054347,6946.62767,63970.01,45.78,45.0,189458.204,88109,94845.71,45.14,1931.57,1867.96,209809.0221,1866587,92868.0329,1873.16
2026-08-11T00:00:00,64515.43,63238.0,12891.63248,1660517,6363.01318,63600.0,45.58,44.93,160778.599,71311,84974.221,45.5,1897.8,1853.62,193300.5166,1441139,89434.2115,1882.59
2026-08-12T00:00:00,64500.0,63310.34,13627.06822,1990499,6993.82626,63479.99,45.67,44.67,222048.412,81493,116157.832,44.89,1925.0,1873.29,171255.9975,1564544,84089.6358,1879.81
2026-08-13T00:00:00,64010.0,62802.27,10793.85853,2078777,5588.30192,63490.86,45.08,44.63,150960.59,64501,79028.245,44.82,1900.0,1863.67,154140.6308,1514857,79343.6238,1886.15
2026-08-14T00:00:00,63617.45,62535.24,12340.82899,2184530,6678.27723,63043.56,44.94,43.39,221147.224,77602,114098.237,43.86,1891.3,1864.28,108123.7734,1319228,53799.6172,1882.2
2026-08-15T00:00:00,63187.98,62920.0,5405.16038,540313,3110.52011,63086.01,44.34,43.67,133996.145,53548,69842.911,44.12,1886.59,1876.01,48197.0909,409630,23013.4799,1882.64
2026-08-16T00:00:00,63390.0,62716.0,4737.23135,640294,2498.03555,62900.0,44.82,44.05,113639.255,50561,58208.295,44.16,1892.31,1869.17,68574.4231,573492,34107.2041,1876.0
2026-08-17T00:00:00,64610.01,62751.1,14255.64713,2111256,7186.91098,64532.1,44.66,43.84,187826.535,71603,94839.799,44.57,1918.71,1872.46,175727.2871,1441485,88860.7417,1913.6
2026-08-18T00:00:00,65058.81,64027.85,11789.91312,1608019,5759.24912,64725.42,44.75,44.15,183345.677,72750,86409.13,44.38,1923.27,1885.78,144436.9084,1229278,67921.8767,1917.85
2026-08-19T00:00:00,70000.0,64166.0,29054.29976,4160596,15646.86527,69334.79,47.24,44.34,361315.743,157159,191040.009,46.8,2333.65,1906.0,799553.3447,5279678,417055.9435,2252.8
2026-08-20T00:00:00,73400.0,68902.22,35904.79287,6249114,18144.94133,73025.15,48.6,46.48,378154.046,186720,189662.451,47.82,2360.0,2221.54,648620.7228,5641127,338052.5415,2326.82
2026-08-21T00:00:00,79500.0,73027.02,44339.56568,8928944,23033.87661,78338.03,54.19,47.77,797977.99,434156,414542.075,53.17,2546.78,2324.99,740662.9146,7242698,402068.9383,2516.3
2026-08-22T00:00:00,78828.15,76500.0,18524.50847,3950045,9413.19226,77074.93,55.45,50.32,949623.13,543788,484027.535,52.45,2529.99,2385.0,485164.8901,4481778,244219.4254,2422.6
2026-08-23T00:00:00,78052.85,75545.67,15367.23185,3627829,8207.35031,77734.0,53.2,50.62,381939.653,250331,175659.469,52.28,2484.62,2355.71,378847.2022,3810702,204739.2032,2463.41
2026-08-24T00:00:00,80000.0,76670.01,30179.29391,6334409,15033.99548,78992.75,54.19,51.25,653164.032,388004,333184.117,51.66,2532.95,2424.73,467435.1868,4314361,239011.3165,2482.31
2026-08-25T00:00:00,81272.62,77851.0,24772.51394,6360202,12633.43254,78539.14,52.99,49.45,409688.562,263545,181432.024,49.95,2532.5,2414.64,341388.961,3492228,156179.9493,2442.64
2026-08-26T00:00:00,79251.6,77632.58,14613.75887,4284527,7299.27224,79023.75,50.92,49.18,448859.374,240262,191861.266,50.51,2515.38,2432.32,250583.2707,2687659,128221.3698,2506.78
2026-08-27T00:00:00,80848.74,78546.13,16265.53695,4932285,7358.50047,80249.58,50.53,49.39,360736.63,179277,190809.627,49.92,2566.53,2481.74,336914.06,3426529,163836.3225,2510.94
2026-08-28T00:00:00,81478.87,76888.0,19756.43646,4822157,9300.40971,77845.87,50.49,48.0,355000.408,186058,159244.414,49.33,2535.05,2405.97,361082.4672,3449843,167131.5356,2442.8
2026-08-29T00:00:00,78330.0,77382.37,7016.30257,1519886,3594.89663,78230.0,49.51,48.5,220710.607,80362,92742.993,49.02,2459.76,2430.45,103523.9255,828389,54147.5103,2457.67
2026-08-30T00:00:00,79400.0,77000.0,9085.42405,2404922,4314.34369,77682.0,50.13,47.41,208133.979,118904,106891.305,47.94,2534.98,2387.28,268297.9503,2396145,126372.702,2416.88
2026-08-31T00:00:00,79250.0,77392.0,15303.90602,4354737,8150.6351,78581.29,49.05,47.72,247716.667,129632,120003.886,48.55,2489.95,2401.35,265221.8545,2904113,132003.0417,2467.65
2026-09-01T00:00:00,79220.61,76420.0,14130.63949,3662805,7128.14511,77439.0,50.09,48.3,330588.709,183909,181079.133,49.57,2485.5,2383.34,276587.6824,2474291,134387.9163,2418.57
