date,BTC.high_4,BTC.high_3,BTC.high_2,BTC.high_1,BTC.high,BTC.low_4,BTC.low_3,BTC.low_2,BTC.low_1,BTC.low,BTC.volume_4,BTC.volume_3,BTC.volume_2,BTC.volume_1,BTC.volume,BTC.return_4,BTC.return_3,BTC.return_2,BTC.return_1,BTC.return,BTC.close_4,BTC.close_3,BTC.close_2,BTC.close_1,BTC.close,XRP.high_4,XRP.high_3,XRP.high_2,XRP.high_1,XRP.high,XRP.low_4,XRP.low_3,XRP.low_2,XRP.low_1,XRP.low,XRP.volume_4,XRP.volume_3,XRP.volume_2,XRP.volume_1,XRP.volume,XRP.return_4,XRP.return_3,XRP.return_2,XRP.return_1,XRP.return,XRP.close_4,XRP.close_3,XRP.close_2,XRP.close_1,XRP.close,ETH.high_4,ETH.high_3,ETH.high_2,ETH.high_1,ETH.high,ETH.low_4,ETH.low_3,ETH.low_2,ETH.low_1,ETH.low,ETH.volume_4,ETH.volume_3,ETH.volume_2,ETH.volume_1,ETH.volume,ETH.return_4,ETH.return_3,ETH.return_2,ETH.return_1,ETH.return,ETH.close_4,ETH.close_3,ETH.close_2,ETH.close_1,ETH.close,target
2025-11-30T01:46:24,90656.08,91950,93092,91165.65,92000.01,86306.77,90089.91,90180.63,90155.47,90336.9,21675.82239,16833.50932,18830.86012,7429.88291,9687.74175,0.00939315,-0.004853069,-9.71E-04,-0.004872556,-0.045086211,90484.02,91333.95,90890.7,90802.44,90360,2.2547,2.2347,2.2752,2.2231,2.215,2.1447,2.1727,2.1565,2.1666,2.1524,1.102372023E8,8.26912206E7,1.408928689E8,5.70267841E7,5.24828889E7,-0.010524895,-0.009273149,0.009818766,-0.020855105,-0.058143852,2.2233,2.1999,2.1795,2.2009,2.155,3045,3071.37,3099,3052.64,3053.02,2888.69,2985.78,2994.36,2961.91,2975.3,364535.326,274980.3955,346616.0275,217904.1303,182722.4253,-0.003743524,0.005279863,-0.013852828,7.025385058010825E-4,-0.064250517,3026.56,3015.23,3031.15,2989.16,2991.26,2799.07
2025-12-01T01:46:24,91950,93092,91165.65,92000.01,90417,90089.91,90180.63,90155.47,90336.9,83822.76,16833.50932,18830.86012,7429.88291,9687.74175,34509.01227,-0.004853069,-9.71E-04,-0.004872556,-0.045086211,0.057852599743573846,91333.95,90890.7,90802.44,90360,86286.01,2.2347,2.2752,2.2231,2.215,2.1609,2.1727,2.1565,2.1666,2.1524,1.9835,8.26912206E7,1.408928689E8,5.70267841E7,5.24828889E7,1.739195531E8,-0.009273149,0.009818766,-0.020855105,-0.058143852,0.060846430506971444,2.1999,2.1795,2.2009,2.155,2.0297,3071.37,3099,3052.64,3053.02,2999.47,2985.78,2994.36,2961.91,2975.3,2716.04,274980.3955,346616.0275,217904.1303,182722.4253,849002.9909,0.005279863,-0.013852828,7.025385058010825E-4,-0.064250517,0.070380519,3015.23,3031.15,2989.16,2991.26,2799.07,2996.07
2025-12-02T01:46:24,93092,91165.65,92000.01,90417,92307.65,90180.63,90155.47,90336.9,83822.76,86184.39,18830.86012,7429.88291,9687.74175,34509.01227,28210.22732,-9.71E-04,-0.004872556,-0.045086211,0.057852599743573846,0.023577125147954712,90890.7,90802.44,90360,86286.01,91277.88,2.2752,2.2231,2.215,2.1609,2.1831,2.1565,2.1666,2.1524,1.9835,1.995,1.408928689E8,5.70267841E7,5.24828889E7,1.739195531E8,1.324643089E8,0.009818766,-0.020855105,-0.058143852,0.060846430506971444,0.020620471855842464,2.1795,2.2009,2.155,2.0297,2.1532,3099,3052.64,3053.02,2999.47,3033.76,2994.36,2961.91,2975.3,2716.04,2782.19,346616.0275,217904.1303,182722.4253,849002.9909,523707.3586,-0.013852828,7.025385058010825E-4,-0.064250517,0.070380519,0.064180743,3031.15,2989.16,2991.26,2799.07,2996.07,3188.36
2025-12-03T01:46:24,91165.65,92000.01,90417,92307.65,94150,90155.47,90336.9,83822.76,86184.39,90990.23,7429.88291,9687.74175,34509.01227,28210.22732,25712.52585,-0.004872556,-0.045086211,0.057852599743573846,0.023577125147954712,-0.014469557,90802.44,90360,86286.01,91277.88,93429.95,2.2231,2.215,2.1609,2.1831,2.219,2.1666,2.1524,1.9835,1.995,2.1414,5.70267841E7,5.24828889E7,1.739195531E8,1.324643089E8,1.115078744E8,-0.020855105,-0.058143852,0.060846430506971444,0.020620471855842464,-0.046232253,2.2009,2.155,2.0297,2.1532,2.1976,3052.64,3053.02,2999.47,3033.76,3214.99,2961.91,2975.3,2716.04,2782.19,2985.58,217904.1303,182722.4253,849002.9909,523707.3586,553669.8146,7.025385058010825E-4,-0.064250517,0.070380519,0.064180743,-0.017281612,2989.16,2991.26,2799.07,2996.07,3188.36,3133.26
2025-12-04T01:46:24,92000.01,90417,92307.65,94150,94080,90336.9,83822.76,86184.39,90990.23,90889,9687.74175,34509.01227,28210.22732,25712.52585,19803.94059,-0.045086211,0.057852599743573846,0.023577125147954712,-0.014469557,-0.02984446,90360,86286.01,91277.88,93429.95,92078.06,2.215,2.1609,2.1831,2.219,2.2146,2.1524,1.9835,1.995,2.1414,2.0691,5.24828889E7,1.739195531E8,1.324643089E8,1.115078744E8,1.010925176E8,-0.058143852,0.060846430506971444,0.020620471855842464,-0.046232253,-0.029389313,2.155,2.0297,2.1532,2.1976,2.096,3053.02,2999.47,3033.76,3214.99,3240.35,2975.3,2716.04,2782.19,2985.58,3066.37,182722.4253,849002.9909,523707.3586,553669.8146,486698.3987,-0.064250517,0.070380519,0.064180743,-0.017281612,-0.035579556,2991.26,2799.07,2996.07,3188.36,3133.26,3021.78
2025-12-05T01:46:24,90417,92307.65,94150,94080,92692.36,83822.76,86184.39,90990.23,90889,88056,34509.01227,28210.22732,25712.52585,19803.94059,19792.97218,0.057852599743573846,0.023577125147954712,-0.014469557,-0.02984446,-0.001043882,86286.01,91277.88,93429.95,92078.06,89330.04,2.1609,2.1831,2.219,2.2146,2.113,1.9835,1.995,2.1414,2.0691,2.0125,1.739195531E8,1.324643089E8,1.115078744E8,1.010925176E8,9.53380829E7,0.060846430506971444,0.020620471855842464,-0.046232253,-0.029389313,-0.001720409,2.0297,2.1532,2.1976,2.096,2.0344,2999.47,3033.76,3214.99,3240.35,3193.33,2716.04,2782.19,2985.58,3066.37,2983.08,849002.9909,523707.3586,553669.8146,486698.3987,530382.8986,0.070380519,0.064180743,-0.017281612,-0.035579556,0.005387553,2799.07,2996.07,3188.36,3133.26,3021.78,3038.06
2025-12-06T01:46:24,92307.65,94150,94080,92692.36,90289.97,86184.39,90990.23,90889,88056,88908.01,28210.22732,25712.52585,19803.94059,19792.97218,8409.50016,0.023577125147954712,-0.014469557,-0.02984446,-0.001043882,0.012982537807556774,91277.88,93429.95,92078.06,89330.04,89236.79,2.1831,2.219,2.2146,2.113,2.0504,1.995,2.1414,2.0691,2.0125,2.0154,1.324643089E8,1.115078744E8,1.010925176E8,9.53380829E7,4.35690248E7,0.020620471855842464,-0.046232253,-0.029389313,-0.001720409,0.006548821,2.1532,2.1976,2.096,2.0344,2.0309,3033.76,3214.99,3240.35,3193.33,3069,2782.19,2985.58,3066.37,2983.08,3012.58,523707.3586,553669.8146,486698.3987,530382.8986,159721.2488,0.064180743,-0.017281612,-0.035579556,0.005387553,0.00717234,2996.07,3188.36,3133.26,3021.78,3038.06,3059.85
2025-12-07T01:46:24,94150,94080,92692.36,90289.97,91760,90990.23,90889,88056,88908.01,87719.28,25712.52585,19803.94059,19792.97218,8409.50016,13021.11185,-0.014469557,-0.02984446,-0.001043882,0.012982537807556774,0.002644274,93429.95,92078.06,89330.04,89236.79,90395.31,2.219,2.2146,2.113,2.0504,2.1109,2.1414,2.0691,2.0125,2.0154,1.9894,1.115078744E8,1.010925176E8,9.53380829E7,4.35690248E7,8.37868598E7,-0.046232253,-0.029389313,-0.001720409,0.006548821,0.013795127678309364,2.1976,2.096,2.0344,2.0309,2.0442,3214.99,3240.35,3193.33,3069,3150,2985.58,3066.37,2983.08,3012.58,2907.52,553669.8146,486698.3987,530382.8986,159721.2488,391129.675,-0.017281612,-0.035579556,0.005387553,0.00717234,0.02101737,3188.36,3133.26,3021.78,3038.06,3059.85,3124.16
2025-12-08T01:46:24,94080,92692.36,90289.97,91760,92287.15,90889,88056,88908.01,87719.28,89612,19803.94059,19792.97218,8409.50016,13021.11185,15793.63887,-0.02984446,-0.001043882,0.012982537807556774,0.002644274,0.022557234,92078.06,89330.04,89236.79,90395.31,90634.34,2.2146,2.113,2.0504,2.1109,2.1239,2.0691,2.0125,2.0154,1.9894,2.0319,1.010925176E8,9.53380829E7,4.35690248E7,8.37868598E7,8.80497909E7,-0.029389313,-0.001720409,0.006548821,0.013795127678309364,0.016309593,2.096,2.0344,2.0309,2.0442,2.0724,3240.35,3193.33,3069,3150,3180.51,3066.37,2983.08,3012.58,2907.52,3040.87,486698.3987,530382.8986,159721.2488,391129.675,452820.2207,-0.035579556,0.005387553,0.00717234,0.02101737,0.062058281266004336,3133.26,3021.78,3038.06,3059.85,3124.16,3318.04
2025-12-09T01:46:24,92692.36,90289.97,91760,92287.15,94588.99,88056,88908.01,87719.28,89612,89500,19792.97218,8409.50016,13021.11185,15793.63887,21240.43014,-0.001043882,0.012982537807556774,0.002644274,0.022557234,-0.007158379,89330.04,89236.79,90395.31,90634.34,92678.8,2.113,2.0504,2.1109,2.1239,2.178,2.0125,2.0154,1.9894,2.0319,2.0419,9.53380829E7,4.35690248E7,8.37868598E7,8.80497909E7,1.13859655E8,-0.001720409,0.006548821,0.013795127678309364,0.016309593,-0.030576394,2.0344,2.0309,2.0442,2.0724,2.1062,3193.33,3069,3150,3180.51,3397.85,2983.08,3012.58,2907.52,3040.87,3090.8,530382.8986,159721.2488,391129.675,452820.2207,603859.9458,0.005387553,0.00717234,0.02101737,0.062058281266004336,0.001838435,3021.78,3038.06,3059.85,3124.16,3318.04,3324.14
2025-12-10T01:46:24,90289.97,91760,92287.15,94588.99,94476,88908.01,87719.28,89612,89500,91563.15,8409.50016,13021.11185,15793.63887,21240.43014,18998.68083,0.012982537807556774,0.002644274,0.022557234,-0.007158379,0.005412248,89236.79,90395.31,90634.34,92678.8,92015.37,2.0504,2.1109,2.1239,2.178,2.1108,2.0154,1.9894,2.0319,2.0419,2.0346,4.35690248E7,8.37868598E7,8.80497909E7,1.13859655E8,1.251327004E8,0.006548821,0.013795127678309364,0.016309593,-0.030576394,-0.003820159,2.0309,2.0442,2.0724,2.1062,2.0418,3069,3150,3180.51,3397.85,3447.44,3012.58,2907.52,3040.87,3090.8,3288.1,159721.2488,391129.675,452820.2207,603859.9458,539585.4535,0.00717234,0.02101737,0.062058281266004336,0.001838435,-0.026096975,3038.06,3059.85,3124.16,3318.04,3324.14,3237.39
2025-12-11T01:46:24,91760,92287.15,94588.99,94476,93555,87719.28,89612,89500,91563.15,89260.63,13021.11185,15793.63887,21240.43014,18998.68083,19972.58758,0.002644274,0.022557234,-0.007158379,0.005412248,-0.024266328,90395.31,90634.34,92678.8,92015.37,92513.38,2.1109,2.1239,2.178,2.1108,2.057,1.9894,2.0319,2.0419,2.0346,1.9767,8.37868598E7,8.80497909E7,1.13859655E8,1.251327004E8,1.25057005E8,0.013795127678309364,0.016309593,-0.030576394,-0.003820159,-0.013077679,2.0442,2.0724,2.1062,2.0418,2.034,3150,3180.51,3397.85,3447.44,3327.37,2907.52,3040.87,3090.8,3288.1,3145.28,391129.675,452820.2207,603859.9458,539585.4535,504114.2391,0.02101737,0.062058281266004336,0.001838435,-0.026096975,-0.047115114,3059.85,3124.16,3318.04,3324.14,3237.39,3084.86
2025-12-12T01:46:24,92287.15,94588.99,94476,93555,92754,89612,89500,91563.15,89260.63,89480,15793.63887,21240.43014,18998.68083,19972.58758,16679.19169,0.022557234,-0.007158379,0.005412248,-0.024266328,-3.15E-04,90634.34,92678.8,92015.37,92513.38,90268.42,2.1239,2.178,2.1108,2.057,2.0478,2.0319,2.0419,2.0346,1.9767,1.9692,8.80497909E7,1.13859655E8,1.251327004E8,1.25057005E8,7.79871247E7,0.016309593,-0.030576394,-0.003820159,-0.013077679,0.007621799,2.0724,2.1062,2.0418,2.034,2.0074,3180.51,3397.85,3447.44,3327.37,3265.5,3040.87,3090.8,3288.1,3145.28,3045.31,452820.2207,603859.9458,539585.4535,504114.2391,435686.4435,0.062058281266004336,0.001838435,-0.026096975,-0.047115114,0.009653599,3124.16,3318.04,3324.14,3237.39,3084.86,3114.64
2025-12-13T01:46:24,94588.99,94476,93555,92754,90634.55,89500,91563.15,89260.63,89480,89766.39,21240.43014,18998.68083,19972.58758,16679.19169,5895.70788,-0.007158379,0.005412248,-0.024266328,-3.15E-04,-0.022914891,92678.8,92015.37,92513.38,90268.42,90240.01,2.178,2.1108,2.057,2.0478,2.0482,2.0419,2.0346,1.9767,1.9692,2.0068,1.13859655E8,1.251327004E8,1.25057005E8,7.79871247E7,4.41932671E7,-0.030576394,-0.003820159,-0.013077679,0.007621799,-0.021901419,2.1062,2.0418,2.034,2.0074,2.0227,3397.85,3447.44,3327.37,3265.5,3135.68,3090.8,3288.1,3145.28,3045.31,3078.6,603859.9458,539585.4535,504114.2391,435686.4435,136465.7567,0.001838435,-0.026096975,-0.047115114,0.009653599,-0.016419233,3318.04,3324.14,3237.39,3084.86,3114.64,3063.5
2025-12-14T01:46:24,94476,93555,92754,90634.55,90472.4,91563.15,89260.63,89480,89766.39,87577.36,18998.68083,19972.58758,16679.19169,5895.70788,9416.94004,0.005412248,-0.024266328,-3.15E-04,-0.022914891,-0.019735139,92015.37,92513.38,90268.42,90240.01,88172.17,2.1108,2.057,2.0478,2.0482,2.0306,2.0346,1.9767,1.9692,2.0068,1.9527,1.251327004E8,1.25057005E8,7.79871247E7,4.41932671E7,4.51485879E7,-0.003820159,-0.013077679,0.007621799,-0.021901419,-0.040588354,2.0418,2.034,2.0074,2.0227,1.9784,3447.44,3327.37,3265.5,3135.68,3129.54,3288.1,3145.28,3045.31,3078.6,3024.44,539585.4535,504114.2391,435686.4435,136465.7567,279058.3545,-0.026096975,-0.047115114,0.009653599,-0.016419233,-0.03220173,3324.14,3237.39,3084.86,3114.64,3063.5,2964.85
2025-12-15T01:46:24,93555,92754,90634.55,90472.4,90052.64,89260.63,89480,89766.39,87577.36,85146.64,19972.58758,16679.19169,5895.70788,9416.94004,19778.6919,-0.024266328,-3.15E-04,-0.022914891,-0.019735139,0.016560286412174698,92513.38,90268.42,90240.01,88172.17,86432.08,2.057,2.0478,2.0482,2.0306,2.0143,1.9767,1.9692,2.0068,1.9527,1.8695,1.25057005E8,7.79871247E7,4.41932671E7,4.51485879E7,1.157463586E8,-0.013077679,0.007621799,-0.021901419,-0.040588354,0.016648227174543003,2.034,2.0074,2.0227,1.9784,1.8981,3327.37,3265.5,3135.68,3129.54,3177.5,3145.28,3045.31,3078.6,3024.44,2894.57,504114.2391,435686.4435,136465.7567,279058.3545,520509.9555,-0.047115114,0.009653599,-0.016419233,-0.03220173,-8.60E-04,3237.39,3084.86,3114.64,3063.5,2964.85,2962.3
2025-12-16T01:46:24,92754,90634.55,90472.4,90052.64,88175.98,89480,89766.39,87577.36,85146.64,85266,16679.19169,5895.70788,9416.94004,19778.6919,18456.05017,-3.15E-04,-0.022914891,-0.019735139,0.016560286412174698,-0.018439983,90268.42,90240.01,88172.17,86432.08,87863.42,2.0478,2.0482,2.0306,2.0143,1.9491,1.9692,2.0068,1.9527,1.8695,1.852,7.79871247E7,4.41932671E7,4.51485879E7,1.157463586E8,1.012833948E8,0.007621799,-0.021901419,-0.040588354,0.016648227174543003,-0.034720423,2.0074,2.0227,1.9784,1.8981,1.9297,3265.5,3135.68,3129.54,3177.5,2981.87,3045.31,3078.6,3024.44,2894.57,2876,435686.4435,136465.7567,279058.3545,520509.9555,378293.1159,0.009653599,-0.016419233,-0.03220173,-8.60E-04,-0.043483104,3084.86,3114.64,3063.5,2964.85,2962.3,2833.49
2025-12-17T01:46:24,90634.55,90472.4,90052.64,88175.98,90365.85,89766.39,87577.36,85146.64,85266,85314,5895.70788,9416.94004,19778.6919,18456.05017,19834.11729,-0.022914891,-0.019735139,0.016560286412174698,-0.018439983,-0.008427445,90240.01,88172.17,86432.08,87863.42,86243.22,2.0482,2.0306,2.0143,1.9491,1.9874,2.0068,1.9527,1.8695,1.852,1.8474,4.41932671E7,4.51485879E7,1.157463586E8,1.012833948E8,1.117148928E8,-0.021901419,-0.040588354,0.016648227174543003,-0.034720423,-0.029580716,2.0227,1.9784,1.8981,1.9297,1.8627,3135.68,3129.54,3177.5,2981.87,3030.92,3078.6,3024.44,2894.57,2876,2791.02,136465.7567,279058.3545,520509.9555,378293.1159,497630.4162,-0.016419233,-0.03220173,-8.60E-04,-0.043483104,-0.001736375,3114.64,3063.5,2964.85,2962.3,2833.49,2828.57
2025-12-18T01:46:24,90472.4,90052.64,88175.98,90365.85,89477.61,87577.36,85146.64,85266,85314,84450.01,9416.94004,19778.6919,18456.05017,19834.11729,25405.41763,-0.019735139,0.016560286412174698,-0.018439983,-0.008427445,0.030643592264923174,88172.17,86432.08,87863.42,86243.22,85516.41,2.0306,2.0143,1.9491,1.9874,1.9341,1.9527,1.8695,1.852,1.8474,1.8,4.51485879E7,1.157463586E8,1.012833948E8,1.117148928E8,1.26981039E8,-0.040588354,0.016648227174543003,-0.034720423,-0.029580716,0.056207125,1.9784,1.8981,1.9297,1.8627,1.8076,3129.54,3177.5,2981.87,3030.92,2997.4,3024.44,2894.57,2876,2791.02,2775.19,279058.3545,520509.9555,378293.1159,497630.4162,595253.7997,-0.03220173,-8.60E-04,-0.043483104,-0.001736375,0.053359118,3063.5,2964.85,2962.3,2833.49,2828.57,2979.5
2025-12-19T01:46:24,90052.64,88175.98,90365.85,89477.61,89399.97,85146.64,85266,85314,84450.01,85110.24,19778.6919,18456.05017,19834.11729,25405.41763,21256.65004,0.016560286412174698,-0.018439983,-0.008427445,0.030643592264923174,0.002541046,86432.08,87863.42,86243.22,85516.41,88136.94,2.0143,1.9491,1.9874,1.9341,1.9213,1.8695,1.852,1.8474,1.8,1.7711,1.157463586E8,1.012833948E8,1.117148928E8,1.26981039E8,1.446015103E8,0.016648227174543003,-0.034720423,-0.029580716,0.056207125,0.012727844123192954,1.8981,1.9297,1.8627,1.8076,1.9092,3177.5,2981.87,3030.92,2997.4,3020,2894.57,2876,2791.02,2775.19,2808.63,520509.9555,378293.1159,497630.4162,595253.7997,531702.5439,-8.60E-04,-0.043483104,-0.001736375,0.053359118,-5.27E-04,2964.85,2962.3,2833.49,2828.57,2979.5,2977.93
2025-12-20T01:46:24,88175.98,90365.85,89477.61,89399.97,88573.07,85266,85314,84450.01,85110.24,87795.76,18456.05017,19834.11729,25405.41763,21256.65004,5123.13194,-0.018439983,-0.008427445,0.030643592264923174,0.002541046,0.00337208,87863.42,86243.22,85516.41,88136.94,88360.9,1.9491,1.9874,1.9341,1.9213,1.9588,1.852,1.8474,1.8,1.7711,1.8936,1.012833948E8,1.117148928E8,1.26981039E8,1.446015103E8,5.32350235E7,-0.034720423,-0.029580716,0.056207125,0.012727844123192954,-0.005792604,1.9297,1.8627,1.8076,1.9092,1.9335,2981.87,3030.92,2997.4,3020,2994.41,2876,2791.02,2775.19,2808.63,2964.17,378293.1159,497630.4162,595253.7997,531702.5439,91783.7734,-0.043483104,-0.001736375,0.053359118,-5.27E-04,0.008089512,2962.3,2833.49,2828.57,2979.5,2977.93,3002.02
2025-12-21T01:46:24,90365.85,89477.61,89399.97,88573.07,89081.77,85314,84450.01,85110.24,87795.76,87600.04,19834.11729,25405.41763,21256.65004,5123.13194,7132.87258,-0.008427445,0.030643592264923174,0.002541046,0.00337208,-4.29E-04,86243.22,85516.41,88136.94,88360.9,88658.86,1.9874,1.9341,1.9213,1.9588,1.9498,1.8474,1.8,1.7711,1.8936,1.8948,1.117148928E8,1.26981039E8,1.446015103E8,5.32350235E7,5.30292729E7,-0.029580716,0.056207125,0.012727844123192954,-0.005792604,-0.009363783,1.8627,1.8076,1.9092,1.9335,1.9223,3030.92,2997.4,3020,2994.41,3013.4,2791.02,2775.19,2808.63,2964.17,2944,497630.4162,595253.7997,531702.5439,91783.7734,162244.8067,-0.001736375,0.053359118,-5.27E-04,0.008089512,0.002488325,2833.49,2828.57,2979.5,2977.93,3002.02,3009.49
2025-12-22T01:46:24,89477.61,89399.97,88573.07,89081.77,90588.23,84450.01,85110.24,87795.76,87600.04,87900,25405.41763,21256.65004,5123.13194,7132.87258,14673.2197,0.030643592264923174,0.002541046,0.00337208,-4.29E-04,-0.012805009,85516.41,88136.94,88360.9,88658.86,88620.79,1.9341,1.9213,1.9588,1.9498,1.9493,1.8,1.7711,1.8936,1.8948,1.8917,1.26981039E8,1.446015103E8,5.32350235E7,5.30292729E7,8.87316142E7,0.056207125,0.012727844123192954,-0.005792604,-0.009363783,-0.016226435,1.8076,1.9092,1.9335,1.9223,1.9043,2997.4,3020,2994.41,3013.4,3077.39,2775.19,2808.63,2964.17,2944,2963.43,595253.7997,531702.5439,91783.7734,162244.8067,298443.5633,0.053359118,-5.27E-04,0.008089512,0.002488325,-0.01477659,2828.57,2979.5,2977.93,3002.02,3009.49,2965.02
2025-12-23T01:46:24,89399.97,88573.07,89081.77,90588.23,88940,85110.24,87795.76,87600.04,87900,86601.9,21256.65004,5123.13194,7132.87258,14673.2197,13910.32904,0.002541046,0.00337208,-4.29E-04,-0.012805009,0.002096907,88136.94,88360.9,88658.86,88620.79,87486,1.9213,1.9588,1.9498,1.9493,1.91,1.7711,1.8936,1.8948,1.8917,1.863,1.446015103E8,5.32350235E7,5.30292729E7,8.87316142E7,7.78156938E7,0.012727844123192954,-0.005792604,-0.009363783,-0.016226435,-0.005658162,1.9092,1.9335,1.9223,1.9043,1.8734,3020,2994.41,3013.4,3077.39,3035.79,2808.63,2964.17,2944,2963.43,2900.93,531702.5439,91783.7734,162244.8067,298443.5633,386465.747,-5.27E-04,0.008089512,0.002488325,-0.01477659,-0.005919016,2979.5,2977.93,3002.02,3009.49,2965.02,2947.47
2025-12-24T01:46:24,88573.07,89081.77,90588.23,88940,88049.89,87795.76,87600.04,87900,86601.9,86420,5123.13194,7132.87258,14673.2197,13910.32904,9140.8432,0.00337208,-4.29E-04,-0.012805009,0.002096907,-0.005066531,88360.9,88658.86,88620.79,87486,87669.45,1.9588,1.9498,1.9493,1.91,1.8783,1.8936,1.8948,1.8917,1.863,1.8372,5.32350235E7,5.30292729E7,8.87316142E7,7.78156938E7,5.98959798E7,-0.005792604,-0.009363783,-0.016226435,-0.005658162,-0.016212154,1.9335,1.9223,1.9043,1.8734,1.8628,2994.41,3013.4,3077.39,3035.79,2978.15,2964.17,2944,2963.43,2900.93,2888.7,91783.7734,162244.8067,298443.5633,386465.747,197035.5598,0.008089512,0.002488325,-0.01477659,-0.005919016,-0.014765205,2977.93,3002.02,3009.49,2965.02,2947.47,2903.95
2025-12-25T01:46:24,89081.77,90588.23,88940,88049.89,88592.74,87600.04,87900,86601.9,86420,86934.72,7132.87258,14673.2197,13910.32904,9140.8432,7096.58235,-4.29E-04,-0.012805009,0.002096907,-0.005066531,0.001654222,88658.86,88620.79,87486,87669.45,87225.27,1.9498,1.9493,1.91,1.8783,1.8892,1.8948,1.8917,1.863,1.8372,1.8291,5.30292729E7,8.87316142E7,7.78156938E7,5.98959798E7,4.61448084E7,-0.009363783,-0.016226435,-0.005658162,-0.016212154,0.006056968,1.9223,1.9043,1.8734,1.8628,1.8326,3013.4,3077.39,3035.79,2978.15,2971.46,2944,2963.43,2900.93,2888.7,2891.2,162244.8067,298443.5633,386465.747,197035.5598,188721.2981,0.002488325,-0.01477659,-0.005919016,-0.014765205,0.008278379,3002.02,3009.49,2965.02,2947.47,2903.95,2927.99
2025-12-26T01:46:24,90588.23,88940,88049.89,88592.74,89567.75,87900,86601.9,86420,86934.72,86655.08,14673.2197,13910.32904,9140.8432,7096.58235,18344.61505,-0.012805009,0.002096907,-0.005066531,0.001654222,0.005808087,88620.79,87486,87669.45,87225.27,87369.56,1.9493,1.91,1.8783,1.8892,1.8833,1.8917,1.863,1.8372,1.8291,1.8246,8.87316142E7,7.78156938E7,5.98959798E7,4.61448084E7,7.68255308E7,-0.016226435,-0.005658162,-0.016212154,0.006056968,0.016163150187123745,1.9043,1.8734,1.8628,1.8326,1.8437,3077.39,3035.79,2978.15,2971.46,2994.38,2963.43,2900.93,2888.7,2891.2,2894.26,298443.5633,386465.747,197035.5598,188721.2981,314830.9989,-0.01477659,-0.005919016,-0.014765205,0.008278379,0.007192648,3009.49,2965.02,2947.47,2903.95,2927.99,2949.05
2025-12-27T01:46:24,88940,88049.89,88592.74,89567.75,87984,86601.9,86420,86934.72,86655.08,87253.05,13910.32904,9140.8432,7096.58235,18344.61505,4469.55156,0.002096907,-0.005066531,0.001654222,0.005808087,8.614312207483123E-4,87486,87669.45,87225.27,87369.56,87877.01,1.91,1.8783,1.8892,1.8833,1.8788,1.863,1.8372,1.8291,1.8246,1.8417,7.78156938E7,5.98959798E7,4.61448084E7,7.68255308E7,3.12444713E7,-0.005658162,-0.016212154,0.006056968,0.016163150187123745,-0.004323459,1.8734,1.8628,1.8326,1.8437,1.8735,3035.79,2978.15,2971.46,2994.38,2960.89,2900.93,2888.7,2891.2,2894.26,2917.13,386465.747,197035.5598,188721.2981,314830.9989,95040.3956,-0.005919016,-0.014765205,0.008278379,0.007192648,6.307115850866118E-4,2965.02,2947.47,2903.95,2927.99,2949.05,2950.91
2025-12-28T01:46:24,88049.89,88592.74,89567.75,87984,88088.75,86420,86934.72,86655.08,87253.05,87435,9140.8432,7096.58235,18344.61505,4469.55156,4446.29285,-0.005066531,0.001654222,0.005808087,8.614312207483123E-4,-0.008135963,87669.45,87225.27,87369.56,87877.01,87952.71,1.8783,1.8892,1.8833,1.8788,1.8796,1.8372,1.8291,1.8246,1.8417,1.8539,5.98959798E7,4.61448084E7,7.68255308E7,3.12444713E7,2.65972383E7,-0.016212154,0.006056968,0.016163150187123745,-0.004323459,-0.00782674,1.8628,1.8326,1.8437,1.8735,1.8654,2978.15,2971.46,2994.38,2960.89,2961.23,2888.7,2891.2,2894.26,2917.13,2924.54,197035.5598,188721.2981,314830.9989,95040.3956,128834.139,-0.014765205,0.008278379,0.007192648,6.307115850866118E-4,-0.004408809,2947.47,2903.95,2927.99,2949.05,2950.91,2937.9
2025-12-29T01:46:24,88592.74,89567.75,87984,88088.75,90406.08,86934.72,86655.08,87253.05,87435,86806.5,7096.58235,18344.61505,4469.55156,4446.29285,19894.98575,0.001654222,0.005808087,8.614312207483123E-4,-0.008135963,0.014309961824741375,87225.27,87369.56,87877.01,87952.71,87237.13,1.8892,1.8833,1.8788,1.8796,1.918,1.8291,1.8246,1.8417,1.8539,1.845,4.61448084E7,7.68255308E7,3.12444713E7,2.65972383E7,7.02657085E7,0.006056968,0.016163150187123745,-0.004323459,-0.00782674,0.014480225,1.8326,1.8437,1.8735,1.8654,1.8508,2971.46,2994.38,2960.89,2961.23,3057.78,2891.2,2894.26,2917.13,2924.54,2910.25,188721.2981,314830.9989,95040.3956,128834.139,485959.1824,0.008278379,0.007192648,6.307115850866118E-4,-0.004408809,0.012182170938425394,2903.95,2927.99,2949.05,2950.91,2937.9,2973.69
2025-12-30T01:46:24,89567.75,87984,88088.75,90406.08,89400,86655.08,87253.05,87435,86806.5,86845.66,18344.61505,4469.55156,4446.29285,19894.98575,13105.91001,0.005808087,8.614312207483123E-4,-0.008135963,0.014309961824741375,-0.009462229,87369.56,87877.01,87952.71,87237.13,88485.49,1.8833,1.8788,1.8796,1.918,1.8864,1.8246,1.8417,1.8539,1.845,1.8439,7.68255308E7,3.12444713E7,2.65972383E7,7.02657085E7,4.83377356E7,0.016163150187123745,-0.004323459,-0.00782674,0.014480225,-0.018800597,1.8437,1.8735,1.8654,1.8508,1.8776,2994.38,2960.89,2961.23,3057.78,3009.8,2894.26,2917.13,2924.54,2910.25,2919.44,314830.9989,95040.3956,128834.139,485959.1824,286583.2879,0.007192648,6.307115850866118E-4,-0.004408809,0.012182170938425394,-6.89E-04,2927.99,2949.05,2950.91,2937.9,2973.69,2971.64
2025-12-31T01:46:24,87984,88088.75,90406.08,89400,89200,87253.05,87435,86806.5,86845.66,87250,4469.55156,4446.29285,19894.98575,13105.91001,11558.62047,8.614312207483123E-4,-0.008135963,0.014309961824741375,-0.009462229,0.013586357,87877.01,87952.71,87237.13,88485.49,87648.22,1.8788,1.8796,1.918,1.8864,1.8839,1.8417,1.8539,1.845,1.8439,1.8123,3.12444713E7,2.65972383E7,7.02657085E7,4.83377356E7,5.83348938E7,-0.004323459,-0.00782674,0.014480225,-0.018800597,0.020409271019920672,1.8735,1.8654,1.8508,1.8776,1.8423,2960.89,2961.23,3057.78,3009.8,3028.08,2917.13,2924.54,2910.25,2919.44,2958.91,95040.3956,128834.139,485959.1824,286583.2879,233729.5887,6.307115850866118E-4,-0.004408809,0.012182170938425394,-6.89E-04,0.010953547536040767,2949.05,2950.91,2937.9,2973.69,2971.64,3004.19
2026-01-01T01:46:24,88088.75,90406.08,89400,89200,88919.45,87435,86806.5,86845.66,87250,87550.43,4446.29285,19894.98575,13105.91001,11558.62047,6279.57133,-0.008135963,0.014309961824741375,-0.009462229,0.013586357,0.01301331,87952.71,87237.13,88485.49,87648.22,88839.04,1.8796,1.918,1.8864,1.8839,1.8811,1.8539,1.845,1.8439,1.8123,1.8261,2.65972383E7,7.02657085E7,4.83377356E7,5.83348938E7,4.10825891E7,-0.00782674,0.014480225,-0.018800597,0.020409271019920672,0.067556785,1.8654,1.8508,1.8776,1.8423,1.8799,2961.23,3057.78,3009.8,3028.08,3010,2924.54,2910.25,2919.44,2958.91,2971.15,128834.139,485959.1824,286583.2879,233729.5887,136088.5207,-0.004408809,0.012182170938425394,-6.89E-04,0.010953547536040767,0.040363625,2950.91,2937.9,2973.69,2971.64,3004.19,3125.45
2026-01-02T01:46:24,90406.08,89400,89200,88919.45,90961.81,86806.5,86845.66,87250,87550.43,88379.88,19894.98575,13105.91001,11558.62047,6279.57133,17396.97301,0.014309961824741375,-0.009462229,0.013586357,0.01301331,0.007032381,87237.13,88485.49,87648.22,88839.04,89995.13,1.918,1.8864,1.8839,1.8811,2.0315,1.845,1.8439,1.8123,1.8261,1.8689,7.02657085E7,4.83377356E7,5.83348938E7,4.10825891E7,1.273479072E8,0.014480225,-0.018800597,0.020409271019920672,0.067556785,0.005630575,1.8508,1.8776,1.8423,1.8799,2.0069,3057.78,3009.8,3028.08,3010,3150.01,2910.25,2919.44,2958.91,2971.15,2992.49,485959.1824,286583.2879,233729.5887,136088.5207,369891.2449,0.012182170938425394,-6.89E-04,0.010953547536040767,0.040363625,5.311235182134762E-4,2937.9,2973.69,2971.64,3004.19,3125.45,3127.11
2026-01-03T01:46:24,89400,89200,88919.45,90961.81,90741.16,86845.66,87250,87550.43,88379.88,89314.01,13105.91001,11558.62047,6279.57133,17396.97301,7057.46716,-0.009462229,0.013586357,0.01301331,0.007032381,0.009949683,88485.49,87648.22,88839.04,89995.13,90628.01,1.8864,1.8839,1.8811,2.0315,2.0561,1.8439,1.8123,1.8261,1.8689,1.9844,4.83377356E7,5.83348938E7,4.10825891E7,1.273479072E8,7.43865221E7,-0.018800597,0.020409271019920672,0.067556785,0.005630575,0.036022198,1.8776,1.8423,1.8799,2.0069,2.0182,3009.8,3028.08,3010,3150.01,3136.71,2919.44,2958.91,2971.15,2992.49,3076,286583.2879,233729.5887,136088.5207,369891.2449,134405.2258,-6.89E-04,0.010953547536040767,0.040363625,5.311235182134762E-4,0.005625002,2973.69,2971.64,3004.19,3125.45,3127.11,3144.7
2026-01-04T01:46:24,89200,88919.45,90961.81,90741.16,91810,87250,87550.43,88379.88,89314.01,90628,11558.62047,6279.57133,17396.97301,7057.46716,10426.5297,0.013586357,0.01301331,0.007032381,0.009949683,0.025455991184503774,87648.22,88839.04,89995.13,90628.01,91529.73,1.8839,1.8811,2.0315,2.0561,2.1204,1.8123,1.8261,1.8689,1.9844,2.0163,5.83348938E7,4.10825891E7,1.273479072E8,7.43865221E7,1.137570863E8,0.020409271019920672,0.067556785,0.005630575,0.036022198,0.12286575159022427,1.8423,1.8799,2.0069,2.0182,2.0909,3028.08,3010,3150.01,3136.71,3167.22,2958.91,2971.15,2992.49,3076,3118.75,233729.5887,136088.5207,369891.2449,134405.2258,181576.0686,0.010953547536040767,0.040363625,5.311235182134762E-4,0.005625002,0.025531847,2971.64,3004.19,3125.45,3127.11,3144.7,3224.99
2026-01-05T01:46:24,88919.45,90961.81,90741.16,91810,94789.08,87550.43,88379.88,89314.01,90628,91514.81,6279.57133,17396.97301,7057.46716,10426.5297,20673.59584,0.01301331,0.007032381,0.009949683,0.025455991184503774,-0.0011905,88839.04,89995.13,90628.01,91529.73,93859.71,1.8811,2.0315,2.0561,2.1204,2.3695,1.8261,1.8689,1.9844,2.0163,2.0877,4.10825891E7,1.273479072E8,7.43865221E7,1.137570863E8,2.103180253E8,0.067556785,0.005630575,0.036022198,0.12286575159022427,-0.018570577,1.8799,2.0069,2.0182,2.0909,2.3478,3010,3150.01,3136.71,3167.22,3265.66,2971.15,2992.49,3076,3118.75,3135.02,136088.5207,369891.2449,134405.2258,181576.0686,382446.6618,0.040363625,5.311235182134762E-4,0.005625002,0.025531847,0.022279139,3004.19,3125.45,3127.11,3144.7,3224.99,3296.84
2026-01-06T01:46:24,90961.81,90741.16,91810,94789.08,94444.44,88379.88,89314.01,90628,91514.81,91262.94,17396.97301,7057.46716,10426.5297,20673.59584,18546.41829,0.007032381,0.009949683,0.025455991184503774,-0.0011905,-0.025427857,89995.13,90628.01,91529.73,93859.71,93747.97,2.0315,2.0561,2.1204,2.3695,2.4172,1.8689,1.9844,2.0163,2.0877,2.2046,1.273479072E8,7.43865221E7,1.137570863E8,2.103180253E8,2.703721081E8,0.005630575,0.036022198,0.12286575159022427,-0.018570577,-0.06010763,2.0069,2.0182,2.0909,2.3478,2.3042,3150.01,3136.71,3167.22,3265.66,3308.86,2992.49,3076,3118.75,3135.02,3183.27,369891.2449,134405.2258,181576.0686,382446.6618,412503.5066,5.311235182134762E-4,0.005625002,0.025531847,0.022279139,-0.038861455,3125.45,3127.11,3144.7,3224.99,3296.84,3168.72
2026-01-07T01:46:24,90741.16,91810,94789.08,94444.44,93747.97,89314.01,90628,91514.81,91262.94,90675.52,7057.46716,10426.5297,20673.59584,18546.41829,14276.49025,0.009949683,0.025455991184503774,-0.0011905,-0.025427857,-0.002891396,90628.01,91529.73,93859.71,93747.97,91364.16,2.0561,2.1204,2.3695,2.4172,2.3205,1.9844,2.0163,2.0877,2.2046,2.1517,7.43865221E7,1.137570863E8,2.103180253E8,2.703721081E8,1.156032777E8,0.036022198,0.12286575159022427,-0.018570577,-0.06010763,-0.01962414,2.0182,2.0909,2.3478,2.3042,2.1657,3136.71,3167.22,3265.66,3308.86,3296.84,3076,3118.75,3135.02,3183.27,3125.42,134405.2258,181576.0686,382446.6618,412503.5066,321350.1225,0.005625002,0.025531847,0.022279139,-0.038861455,-0.019588351,3127.11,3144.7,3224.99,3296.84,3168.72,3106.65
2026-01-08T01:46:24,91810,94789.08,94444.44,93747.97,91687.99,90628,91514.81,91262.94,90675.52,89311,10426.5297,20673.59584,18546.41829,14276.49025,16132.79117,0.025455991184503774,-0.0011905,-0.025427857,-0.002891396,-0.005035237,91529.73,93859.71,93747.97,91364.16,91099.99,2.1204,2.3695,2.4172,2.3205,2.1925,2.0163,2.0877,2.2046,2.1517,2.0649,1.137570863E8,2.103180253E8,2.703721081E8,1.156032777E8,1.565360805E8,0.12286575159022427,-0.018570577,-0.06010763,-0.01962414,-0.012905049,2.0909,2.3478,2.3042,2.1657,2.1232,3167.22,3265.66,3308.86,3296.84,3184.39,3118.75,3135.02,3183.27,3125.42,3054.65,181576.0686,382446.6618,412503.5066,321350.1225,343616.1005,0.025531847,0.022279139,-0.038861455,-0.019588351,-0.005874495,3144.7,3224.99,3296.84,3168.72,3106.65,3088.4
2026-01-09T01:46:24,94789.08,94444.44,93747.97,91687.99,92082.55,91514.81,91262.94,90675.52,89311,89694.66,20673.59584,18546.41829,14276.49025,16132.79117,15590.27939,-0.0011905,-0.025427857,-0.002891396,-0.005035237,-0.001506819,93859.71,93747.97,91364.16,91099.99,90641.28,2.3695,2.4172,2.3205,2.1925,2.1622,2.0877,2.2046,2.1517,2.0649,2.0727,2.103180253E8,2.703721081E8,1.156032777E8,1.565360805E8,1.17777092E8,-0.018570577,-0.06010763,-0.01962414,-0.012905049,-0.002433438,2.3478,2.3042,2.1657,2.1232,2.0958,3265.66,3308.86,3296.84,3184.39,3148.41,3135.02,3183.27,3125.42,3054.65,3058.69,382446.6618,412503.5066,321350.1225,343616.1005,274587.4533,0.022279139,-0.038861455,-0.019588351,-0.005874495,-5.44E-04,3224.99,3296.84,3168.72,3106.65,3088.4,3086.72
2026-01-10T01:46:24,94444.44,93747.97,91687.99,92082.55,90832,91262.94,90675.52,89311,89694.66,90404,18546.41829,14276.49025,16132.79117,15590.27939,3104.11722,-0.025427857,-0.002891396,-0.005035237,-0.001506819,0.005623465,93747.97,91364.16,91099.99,90641.28,90504.7,2.4172,2.3205,2.1925,2.1622,2.1106,2.2046,2.1517,2.0649,2.0727,2.0806,2.703721081E8,1.156032777E8,1.565360805E8,1.17777092E8,3.15899813E7,-0.06010763,-0.01962414,-0.012905049,-0.002433438,-0.007748601,2.3042,2.1657,2.1232,2.0958,2.0907,3308.86,3296.84,3184.39,3148.41,3104.12,3183.27,3125.42,3054.65,3058.69,3077.99,412503.5066,321350.1225,343616.1005,274587.4533,82341.0546,-0.038861455,-0.019588351,-0.005874495,-5.44E-04,0.011899362430022814,3296.84,3168.72,3106.65,3088.4,3086.72,3123.45
2026-01-11T01:46:24,93747.97,91687.99,92082.55,90832,91283.89,90675.52,89311,89694.66,90404,90236,14276.49025,16132.79117,15590.27939,3104.11722,5477.13594,-0.002891396,-0.005035237,-0.001506819,0.005623465,0.003104479,91364.16,91099.99,90641.28,90504.7,91013.65,2.3205,2.1925,2.1622,2.1106,2.11,2.1517,2.0649,2.0727,2.0806,2.045,1.156032777E8,1.565360805E8,1.17777092E8,3.15899813E7,5.05455782E7,-0.01962414,-0.012905049,-0.002433438,-0.007748601,-0.009881899,2.1657,2.1232,2.0958,2.0907,2.0745,3296.84,3184.39,3148.41,3104.12,3147.27,3125.42,3054.65,3058.69,3077.99,3084.46,321350.1225,343616.1005,274587.4533,82341.0546,149381.2965,-0.019588351,-0.005874495,-5.44E-04,0.011899362430022814,-0.008868399,3168.72,3106.65,3088.4,3086.72,3123.45,3095.75
2026-01-12T01:46:24,91687.99,92082.55,90832,91283.89,92519.95,89311,89694.66,90404,90236,90128.44,16132.79117,15590.27939,3104.11722,5477.13594,16188.08268,-0.005035237,-0.001506819,0.005623465,0.003104479,0.045103739,91099.99,90641.28,90504.7,91013.65,91296.2,2.1925,2.1622,2.1106,2.11,2.1086,2.0649,2.0727,2.0806,2.045,2.035,1.565360805E8,1.17777092E8,3.15899813E7,5.05455782E7,1.101400383E8,-0.012905049,-0.002433438,-0.007748601,-0.009881899,0.054284323271665234,2.1232,2.0958,2.0907,2.0745,2.054,3184.39,3148.41,3104.12,3147.27,3171.49,3054.65,3058.69,3077.99,3084.46,3065.55,343616.1005,274587.4533,82341.0546,149381.2965,297373.4681,-0.005874495,-5.44E-04,0.011899362430022814,-0.008868399,0.074318017,3106.65,3088.4,3086.72,3123.45,3095.75,3325.82
2026-01-13T01:46:24,92082.55,90832,91283.89,92519.95,96495,89694.66,90404,90236,90128.44,91042.66,15590.27939,3104.11722,5477.13594,16188.08268,23021.51482,-0.001506819,0.005623465,0.003104479,0.045103739,0.016116922044982905,90641.28,90504.7,91013.65,91296.2,95414,2.1622,2.1106,2.11,2.1086,2.185,2.0727,2.0806,2.045,2.035,2.0474,1.17777092E8,3.15899813E7,5.05455782E7,1.101400383E8,1.133740063E8,-0.002433438,-0.007748601,-0.009881899,0.054284323271665234,-0.012052644,2.0958,2.0907,2.0745,2.054,2.1655,3148.41,3104.12,3147.27,3171.49,3367.79,3058.69,3077.99,3084.46,3065.55,3091.96,274587.4533,82341.0546,149381.2965,297373.4681,457782.2816,-5.44E-04,0.011899362430022814,-0.008868399,0.074318017,0.008749722,3088.4,3086.72,3123.45,3095.75,3325.82,3354.92
2026-01-14T01:46:24,90832,91283.89,92519.95,96495,97924.49,90404,90236,90128.44,91042.66,94559.28,3104.11722,5477.13594,16188.08268,23021.51482,22851.89428,0.005623465,0.003104479,0.045103739,0.016116922044982905,-0.013893298,90504.7,91013.65,91296.2,95414,96951.78,2.1106,2.11,2.1086,2.185,2.1924,2.0806,2.045,2.035,2.0474,2.1116,3.15899813E7,5.05455782E7,1.101400383E8,1.133740063E8,1.350016035E8,-0.007748601,-0.009881899,0.054284323271665234,-0.012052644,-0.028278957,2.0907,2.0745,2.054,2.1655,2.1394,3104.12,3147.27,3171.49,3367.79,3402.89,3077.99,3084.46,3065.55,3091.96,3280.48,82341.0546,149381.2965,297373.4681,457782.2816,503440.0759,0.011899362430022814,-0.008868399,0.074318017,0.008749722,-0.010799065,3086.72,3123.45,3095.75,3325.82,3354.92,3318.69
2026-01-15T01:46:24,91283.89,92519.95,96495,97924.49,97193.34,90236,90128.44,91042.66,94559.28,95134.48,5477.13594,16188.08268,23021.51482,22851.89428,21725.81369,0.003104479,0.045103739,0.016116922044982905,-0.013893298,-5.63E-04,91013.65,91296.2,95414,96951.78,95604.8,2.11,2.1086,2.185,2.1924,2.1434,2.045,2.035,2.0474,2.1116,2.0532,5.05455782E7,1.101400383E8,1.133740063E8,1.350016035E8,8.96396837E7,-0.009881899,0.054284323271665234,-0.012052644,-0.028278957,-0.005339362,2.0745,2.054,2.1655,2.1394,2.0789,3147.27,3171.49,3367.79,3402.89,3384.19,3084.46,3065.55,3091.96,3280.48,3273.72,149381.2965,297373.4681,457782.2816,503440.0759,389993.836,-0.008868399,0.074318017,0.008749722,-0.010799065,-0.006752664,3123.45,3095.75,3325.82,3354.92,3318.69,3296.28
2026-01-16T01:46:24,92519.95,96495,97924.49,97193.34,95871.47,90128.44,91042.66,94559.28,95134.48,94293.46,16188.08268,23021.51482,22851.89428,21725.81369,11167.7146,0.045103739,0.016116922044982905,-0.013893298,-5.63E-04,-0.004219425,91296.2,95414,96951.78,95604.8,95550.94,2.1086,2.185,2.1924,2.1434,2.0866,2.035,2.0474,2.1116,2.0532,2.0263,1.101400383E8,1.133740063E8,1.350016035E8,8.96396837E7,6.08946195E7,0.054284323271665234,-0.012052644,-0.028278957,-0.005339362,-0.002272947,2.054,2.1655,2.1394,2.0789,2.0678,3171.49,3367.79,3402.89,3384.19,3326.79,3065.55,3091.96,3280.48,3273.72,3253.01,297373.4681,457782.2816,503440.0759,389993.836,223921.7876,0.074318017,0.008749722,-0.010799065,-0.006752664,0.004332156,3095.75,3325.82,3354.92,3318.69,3296.28,3310.56
2026-01-17T01:46:24,96495,97924.49,97193.34,95871.47,95639.45,91042.66,94559.28,95134.48,94293.46,95021.67,23021.51482,22851.89428,21725.81369,11167.7146,4280.80137,0.016116922044982905,-0.013893298,-5.63E-04,-0.004219425,-0.015498314,95414,96951.78,95604.8,95550.94,95147.77,2.185,2.1924,2.1434,2.0866,2.0834,2.0474,2.1116,2.0532,2.0263,2.0536,1.133740063E8,1.350016035E8,8.96396837E7,6.08946195E7,3.11384549E7,-0.012052644,-0.028278957,-0.005339362,-0.002272947,-0.034753526,2.1655,2.1394,2.0789,2.0678,2.0631,3367.79,3402.89,3384.19,3326.79,3330.26,3091.96,3280.48,3273.72,3253.01,3283.96,457782.2816,503440.0759,389993.836,223921.7876,124325.0303,0.008749722,-0.010799065,-0.006752664,0.004332156,-0.00801375,3325.82,3354.92,3318.69,3296.28,3310.56,3284.03
2026-01-18T01:46:24,97924.49,97193.34,95871.47,95639.45,95531.12,94559.28,95134.48,94293.46,95021.67,93615.4,22851.89428,21725.81369,11167.7146,4280.80137,6895.17819,-0.013893298,-5.63E-04,-0.004219425,-0.015498314,-0.011125281,96951.78,95604.8,95550.94,95147.77,93673.14,2.1924,2.1434,2.0866,2.0834,2.0679,2.1116,2.0532,2.0263,2.0536,1.9861,1.350016035E8,8.96396837E7,6.08946195E7,3.11384549E7,4.65066977E7,-0.028278957,-0.005339362,-0.002272947,-0.034753526,-0.00271166,2.1394,2.0789,2.0678,2.0631,1.9914,3402.89,3384.19,3326.79,3330.26,3368.82,3280.48,3273.72,3253.01,3283.96,3278.86,503440.0759,389993.836,223921.7876,124325.0303,173354.3026,-0.010799065,-0.006752664,0.004332156,-0.00801375,-0.02876953,3354.92,3318.69,3296.28,3310.56,3284.03,3189.55
2026-01-19T01:46:24,97193.34,95871.47,95639.45,95531.12,93673.14,95134.48,94293.46,95021.67,93615.4,91910.2,21725.81369,11167.7146,4280.80137,6895.17819,14295.52747,-5.63E-04,-0.004219425,-0.015498314,-0.011125281,-0.04537725,95604.8,95550.94,95147.77,93673.14,92631,2.1434,2.0866,2.0834,2.0679,2.0299,2.0532,2.0263,2.0536,1.9861,1.847,8.96396837E7,6.08946195E7,3.11384549E7,4.65066977E7,1.593499007E8,-0.005339362,-0.002272947,-0.034753526,-0.00271166,-0.048338369,2.0789,2.0678,2.0631,1.9914,1.986,3384.19,3326.79,3330.26,3368.82,3284.58,3273.72,3253.01,3283.96,3278.86,3165.38,389993.836,223921.7876,124325.0303,173354.3026,442540.5596,-0.006752664,0.004332156,-0.00801375,-0.02876953,-0.0782775,3318.69,3296.28,3310.56,3284.03,3189.55,2939.88
2026-01-20T01:46:24,95871.47,95639.45,95531.12,93673.14,92870,94293.46,95021.67,93615.4,91910.2,87895.98,11167.7146,4280.80137,6895.17819,14295.52747,22007.3261,-0.004219425,-0.015498314,-0.011125281,-0.04537725,0.011614804688940003,95550.94,95147.77,93673.14,92631,88427.66,2.0866,2.0834,2.0679,2.0299,1.9909,2.0263,2.0536,1.9861,1.847,1.87,6.08946195E7,3.11384549E7,4.65066977E7,1.593499007E8,1.27376122E8,-0.002272947,-0.034753526,-0.00271166,-0.048338369,0.030476190476190528,2.0678,2.0631,1.9914,1.986,1.89,3326.79,3330.26,3368.82,3284.58,3200.5,3253.01,3283.96,3278.86,3165.38,2920,223921.7876,124325.0303,173354.3026,442540.5596,518166.4787,0.004332156,-0.00801375,-0.02876953,-0.0782775,0.014418955875749987,3296.28,3310.56,3284.03,3189.55,2939.88,2982.27
2026-01-21T01:46:24,95639.45,95531.12,93673.14,92870,90574,95021.67,93615.4,91910.2,87895.98,87263.53,4280.80137,6895.17819,14295.52747,22007.3261,20617.50372,-0.015498314,-0.011125281,-0.04537725,0.011614804688940003,0.001173107,95147.77,93673.14,92631,88427.66,89454.73,2.0834,2.0679,2.0299,1.9909,1.9907,2.0536,1.9861,1.847,1.87,1.8712,3.11384549E7,4.65066977E7,1.593499007E8,1.27376122E8,1.478421355E8,-0.034753526,-0.00271166,-0.048338369,0.030476190476190528,-0.012322859,2.0631,1.9914,1.986,1.89,1.9476,3330.26,3368.82,3284.58,3200.5,3069.07,3283.96,3278.86,3165.38,2920,2866.11,124325.0303,173354.3026,442540.5596,518166.4787,577800.2481,-0.00801375,-0.02876953,-0.0782775,0.014418955875749987,-0.009918619,3310.56,3284.03,3189.55,2939.88,2982.27,2952.69
2026-01-22T01:46:24,95531.12,93673.14,92870,90574,90359.99,93615.4,91910.2,87895.98,87263.53,88515.37,6895.17819,14295.52747,22007.3261,20617.50372,10825.50492,-0.011125281,-0.04537725,0.011614804688940003,0.001173107,4.532173912654715E-4,93673.14,92631,88427.66,89454.73,89559.67,2.0679,2.0299,1.9909,1.9907,1.9679,1.9861,1.847,1.87,1.8712,1.9016,4.65066977E7,1.593499007E8,1.27376122E8,1.478421355E8,6.16274449E7,-0.00271166,-0.048338369,0.030476190476190528,-0.012322859,-0.002079434,1.9914,1.986,1.89,1.9476,1.9236,3368.82,3284.58,3200.5,3069.07,3038.33,3278.86,3165.38,2920,2866.11,2906.02,173354.3026,442540.5596,518166.4787,577800.2481,291660.7349,-0.02876953,-0.0782775,0.014418955875749987,-0.009918619,0.001259868,3284.03,3189.55,2939.88,2982.27,2952.69,2956.41
2026-01-23T01:46:24,93673.14,92870,90574,90359.99,91224.99,91910.2,87895.98,87263.53,88515.37,88578.36,14295.52747,22007.3261,20617.50372,10825.50492,13918.48919,-0.04537725,0.011614804688940003,0.001173107,4.532173912654715E-4,-0.004184363,92631,88427.66,89454.73,89559.67,89600.26,2.0299,1.9909,1.9907,1.9679,1.9656,1.847,1.87,1.8712,1.9016,1.8873,1.593499007E8,1.27376122E8,1.478421355E8,6.16274449E7,7.60767069E7,-0.048338369,0.030476190476190528,-0.012322859,-0.002079434,-0.002760992,1.986,1.89,1.9476,1.9236,1.9196,3284.58,3200.5,3069.07,3038.33,3019.26,3165.38,2920,2866.11,2906.02,2892.4,442540.5596,518166.4787,577800.2481,291660.7349,318415.3317,-0.0782775,0.014418955875749987,-0.009918619,0.001259868,-0.001079011,3189.55,2939.88,2982.27,2952.69,2956.41,2953.22
2026-01-24T01:46:24,92870,90574,90359.99,91224.99,89957.39,87895.98,87263.53,88515.37,88578.36,89162.08,22007.3261,20617.50372,10825.50492,13918.48919,4226.56737,0.011614804688940003,0.001173107,4.532173912654715E-4,-0.004184363,-0.028635139,88427.66,89454.73,89559.67,89600.26,89225.34,1.9909,1.9907,1.9679,1.9656,1.9276,1.87,1.8712,1.9016,1.8873,1.91,1.27376122E8,1.478421355E8,6.16274449E7,7.60767069E7,2.71599999E7,0.030476190476190528,-0.012322859,-0.002079434,-0.002760992,-0.041111633,1.89,1.9476,1.9236,1.9196,1.9143,3200.5,3069.07,3038.33,3019.26,2970.41,2920,2866.11,2906.02,2892.4,2943.84,518166.4787,577800.2481,291660.7349,318415.3317,92082.9039,0.014418955875749987,-0.009918619,0.001259868,-0.001079011,-0.046163171,2939.88,2982.27,2952.69,2956.41,2953.22,2816.89
2026-01-25T01:46:24,90574,90359.99,91224.99,89957.39,89319.13,87263.53,88515.37,88578.36,89162.08,86074.72,20617.50372,10825.50492,13918.48919,4226.56737,14426.22019,0.001173107,4.532173912654715E-4,-0.004184363,-0.028635139,0.019345945,89454.73,89559.67,89600.26,89225.34,86670.36,1.9907,1.9679,1.9656,1.9276,1.9168,1.8712,1.9016,1.8873,1.91,1.8111,1.478421355E8,6.16274449E7,7.60767069E7,2.71599999E7,9.15331103E7,-0.012322859,-0.002079434,-0.002760992,-0.041111633,0.037317498,1.9476,1.9236,1.9196,1.9143,1.8356,3069.07,3038.33,3019.26,2970.41,2960.29,2866.11,2906.02,2892.4,2943.84,2787,577800.2481,291660.7349,318415.3317,92082.9039,380186.5326,-0.009918619,0.001259868,-0.001079011,-0.046163171,0.040278463,2982.27,2952.69,2956.41,2953.22,2816.89,2930.35
2026-01-26T01:46:24,90359.99,91224.99,89957.39,89319.13,88860,88515.37,88578.36,89162.08,86074.72,86509.63,10825.50492,13918.48919,4226.56737,14426.22019,17766.51453,4.532173912654715E-4,-0.004184363,-0.028635139,0.019345945,0.010220145363038577,89559.67,89600.26,89225.34,86670.36,88347.08,1.9679,1.9656,1.9276,1.9168,1.946,1.9016,1.8873,1.91,1.8111,1.8331,6.16274449E7,7.60767069E7,2.71599999E7,9.15331103E7,1.044811536E8,-0.002079434,-0.002760992,-0.041111633,0.037317498,0.006144635,1.9236,1.9196,1.9143,1.8356,1.9041,3038.33,3019.26,2970.41,2960.29,2951.21,2906.02,2892.4,2943.84,2787,2812.37,291660.7349,318415.3317,92082.9039,380186.5326,485169.3372,0.001259868,-0.001079011,-0.046163171,0.040278463,0.032903919,2952.69,2956.41,2953.22,2816.89,2930.35,3026.77
2026-01-27T01:46:24,91224.99,89957.39,89319.13,88860,89523.16,88578.36,89162.08,86074.72,86509.63,87304.33,13918.48919,4226.56737,14426.22019,17766.51453,13125.40425,-0.004184363,-0.028635139,0.019345945,0.010220145363038577,5.601120448179859E-4,89600.26,89225.34,86670.36,88347.08,89250,1.9656,1.9276,1.9168,1.946,1.9295,1.8873,1.91,1.8111,1.8331,1.8741,7.60767069E7,2.71599999E7,9.15331103E7,1.044811536E8,6.46198271E7,-0.002760992,-0.041111633,0.037317498,0.006144635,-0.002453283,1.9196,1.9143,1.8356,1.9041,1.9158,3019.26,2970.41,2960.29,2951.21,3035.08,2892.4,2943.84,2787,2812.37,2899.77,318415.3317,92082.9039,380186.5326,485169.3372,478792.3988,-0.001079011,-0.046163171,0.040278463,0.032903919,-0.005282859,2956.41,2953.22,2816.89,2930.35,3026.77,3010.78
2026-01-28T01:46:24,89957.39,89319.13,88860,89523.16,90600,89162.08,86074.72,86509.63,87304.33,88833.65,4226.56737,14426.22019,17766.51453,13125.40425,14332.18502,-0.028635139,0.019345945,0.010220145363038577,5.601120448179859E-4,-0.052069771,89225.34,86670.36,88347.08,89250,89299.99,1.9276,1.9168,1.946,1.9295,1.9427,1.91,1.8111,1.8331,1.8741,1.8944,2.71599999E7,9.15331103E7,1.044811536E8,6.46198271E7,6.74258585E7,-0.041111633,0.037317498,0.006144635,-0.002453283,-0.054157292,1.9143,1.8356,1.9041,1.9158,1.9111,2970.41,2960.29,2951.21,3035.08,3045.78,2943.84,2787,2812.37,2899.77,2983.67,92082.9039,380186.5326,485169.3372,478792.3988,296607.6549,-0.046163171,0.040278463,0.032903919,-0.005282859,-0.062505397,2953.22,2816.89,2930.35,3026.77,3010.78,2822.59
2026-01-29T01:46:24,89319.13,88860,89523.16,90600,89348,86074.72,86509.63,87304.33,88833.65,83383.33,14426.22019,17766.51453,13125.40425,14332.18502,30431.38201,0.019345945,0.010220145363038577,5.601120448179859E-4,-0.052069771,-0.004603299,86670.36,88347.08,89250,89299.99,84650.16,1.9168,1.946,1.9295,1.9427,1.9134,1.8111,1.8331,1.8741,1.8944,1.778,9.15331103E7,1.044811536E8,6.46198271E7,6.74258585E7,1.49409911E8,0.037317498,0.006144635,-0.002453283,-0.054157292,-0.040053109,1.8356,1.9041,1.9158,1.9111,1.8076,2960.29,2951.21,3035.08,3045.78,3013.5,2787,2812.37,2899.77,2983.67,2754.53,380186.5326,485169.3372,478792.3988,296607.6549,561288.5979,0.040278463,0.032903919,-0.005282859,-0.062505397,-0.040817122,2816.89,2930.35,3026.77,3010.78,2822.59,2707.38
2026-01-30T01:46:24,88860,89523.16,90600,89348,84735.75,86509.63,87304.33,88833.65,83383.33,81118,17766.51453,13125.40425,14332.18502,30431.38201,35195.84793,0.010220145363038577,5.601120448179859E-4,-0.052069771,-0.004603299,-0.06550401,88347.08,89250,89299.99,84650.16,84260.49,1.946,1.9295,1.9427,1.9134,1.8131,1.8331,1.8741,1.8944,1.778,1.7107,1.044811536E8,6.46198271E7,6.74258585E7,1.49409911E8,2.297203067E8,0.006144635,-0.002453283,-0.054157292,-0.040053109,-0.050714615,1.9041,1.9158,1.9111,1.8076,1.7352,2951.21,3035.08,3045.78,3013.5,2828.65,2812.37,2899.77,2983.67,2754.53,2636.01,485169.3372,478792.3988,296607.6549,561288.5979,793279.6252,0.032903919,-0.005282859,-0.062505397,-0.040817122,-0.094345825,2930.35,3026.77,3010.78,2822.59,2707.38,2451.95
2026-01-31T01:46:24,89523.16,90600,89348,84735.75,84270.02,87304.33,88833.65,83383.33,81118,75719.9,13125.40425,14332.18502,30431.38201,35195.84793,39491.89133,5.601120448179859E-4,-0.052069771,-0.004603299,-0.06550401,-0.022515309,89250,89299.99,84650.16,84260.49,78741.09,1.9295,1.9427,1.9134,1.8131,1.7547,1.8741,1.8944,1.778,1.7107,1.5028,6.46198271E7,6.74258585E7,1.49409911E8,2.297203067E8,3.323694679E8,-0.002453283,-0.054157292,-0.040053109,-0.050714615,-0.034239922,1.9158,1.9111,1.8076,1.7352,1.6472,3035.08,3045.78,3013.5,2828.65,2714.64,2899.77,2983.67,2754.53,2636.01,2250,478792.3988,296607.6549,561288.5979,793279.6252,1113097.713,-0.005282859,-0.062505397,-0.040817122,-0.094345825,-0.074145068,3026.77,3010.78,2822.59,2707.38,2451.95,2270.15
2026-02-01T01:46:24,90600,89348,84735.75,84270.02,79424,88833.65,83383.33,81118,75719.9,75700,14332.18502,30431.38201,35195.84793,39491.89133,25395.48168,-0.052069771,-0.004603299,-0.06550401,-0.022515309,0.023001704210088736,89299.99,84650.16,84260.49,78741.09,76968.21,1.9427,1.9134,1.8131,1.7547,1.6805,1.8944,1.778,1.7107,1.5028,1.5526,6.74258585E7,1.49409911E8,2.297203067E8,3.323694679E8,1.82387658E8,-0.054157292,-0.040053109,-0.050714615,-0.034239922,0.018229821473472414,1.9111,1.8076,1.7352,1.6472,1.5908,3045.78,3013.5,2828.65,2714.64,2475.98,2983.67,2754.53,2636.01,2250,2222,296607.6549,561288.5979,793279.6252,1113097.713,1026573.947,-0.062505397,-0.040817122,-0.094345825,-0.074145068,0.033861199,3010.78,2822.59,2707.38,2451.95,2270.15,2347.02
2026-02-02T01:46:24,89348,84735.75,84270.02,79424,79360,83383.33,81118,75719.9,75700,74604,30431.38201,35195.84793,39491.89133,25395.48168,42273.59016,-0.004603299,-0.06550401,-0.022515309,0.023001704210088736,-0.037699421,84650.16,84260.49,78741.09,76968.21,78738.61,1.9134,1.8131,1.7547,1.6805,1.6571,1.778,1.7107,1.5028,1.5526,1.5307,1.49409911E8,2.297203067E8,3.323694679E8,1.82387658E8,2.181073047E8,-0.040053109,-0.050714615,-0.034239922,0.018229821473472414,-0.025126559,1.8076,1.7352,1.6472,1.5908,1.6198,3013.5,2828.65,2714.64,2475.98,2396.62,2754.53,2636.01,2250,2222,2157.14,561288.5979,793279.6252,1113097.713,1026573.947,1248535.211,-0.040817122,-0.094345825,-0.074145068,0.033861199,-0.048273981,2822.59,2707.38,2451.95,2270.15,2347.02,2233.72
2026-02-03T01:46:24,84735.75,84270.02,79424,79360,79186.81,81118,75719.9,75700,74604,72945.5,35195.84793,39491.89133,25395.48168,42273.59016,39120.10889,-0.06550401,-0.022515309,0.023001704210088736,-0.037699421,-0.034372084,84260.49,78741.09,76968.21,78738.61,75770.21,1.8131,1.7547,1.6805,1.6571,1.6339,1.7107,1.5028,1.5526,1.5307,1.5274,2.297203067E8,3.323694679E8,1.82387658E8,2.181073047E8,1.905530424E8,-0.050714615,-0.034239922,0.018229821473472414,-0.025126559,-0.042492559,1.7352,1.6472,1.5908,1.6198,1.5791,2828.65,2714.64,2475.98,2396.62,2359.88,2636.01,2250,2222,2157.14,2110,793279.6252,1113097.713,1026573.947,1248535.211,1321099.387,-0.094345825,-0.074145068,0.033861199,-0.048273981,-0.038259048,2707.38,2451.95,2270.15,2347.02,2233.72,2148.26
2026-02-04T01:46:24,84270.02,79424,79360,79186.81,76971.52,75719.9,75700,74604,72945.5,71888,39491.89133,25395.48168,42273.59016,39120.10889,38375.36,-0.022515309,0.023001704210088736,-0.037699421,-0.034372084,-0.140174314,78741.09,76968.21,78738.61,75770.21,73165.83,1.7547,1.6805,1.6571,1.6339,1.6122,1.5028,1.5526,1.5307,1.5274,1.4948,3.323694679E8,1.82387658E8,2.181073047E8,1.905530424E8,1.943867029E8,-0.034239922,0.018229821473472414,-0.025126559,-0.042492559,-0.196693122,1.6472,1.5908,1.6198,1.5791,1.512,2714.64,2475.98,2396.62,2359.88,2295.74,2250,2222,2157.14,2110,2076.68,1113097.713,1026573.947,1248535.211,1321099.387,1264743.43,-0.074145068,0.033861199,-0.048273981,-0.038259048,-0.149623416,2451.95,2270.15,2347.02,2233.72,2148.26,1826.83
2026-02-05T01:46:24,79424,79360,79186.81,76971.52,73341.18,75700,74604,72945.5,71888,62345,25395.48168,42273.59016,39120.10889,38375.36,106298.829,0.023001704210088736,-0.037699421,-0.034372084,-0.140174314,0.12192683309102888,76968.21,78738.61,75770.21,73165.83,62909.86,1.6805,1.6571,1.6339,1.6122,1.5154,1.5526,1.5307,1.5274,1.4948,1.1371,1.82387658E8,2.181073047E8,1.905530424E8,1.943867029E8,7.44109671E8,0.018229821473472414,-0.025126559,-0.042492559,-0.196693122,0.21011032438662944,1.5908,1.6198,1.5791,1.512,1.2146,2475.98,2396.62,2359.88,2295.74,2173.77,2222,2157.14,2110,2076.68,1818.18,1026573.947,1248535.211,1321099.387,1264743.43,1952286.695,0.033861199,-0.048273981,-0.038259048,-0.149623416,0.1294865970013631,2270.15,2347.02,2233.72,2148.26,1826.83,2063.38
2026-02-06T01:46:24,79360,79186.81,76971.52,73341.18,71751.33,74604,72945.5,71888,62345,60000,42273.59016,39120.10889,38375.36,106298.829,92539.21531,-0.037699421,-0.034372084,-0.140174314,0.12192683309102888,-0.018289533,78738.61,75770.21,73165.83,62909.86,70580.26,1.6571,1.6339,1.6122,1.5154,1.5442,1.5307,1.5274,1.4948,1.1371,1.1172,2.181073047E8,1.905530424E8,1.943867029E8,7.44109671E8,7.081228008E8,-0.025126559,-0.042492559,-0.196693122,0.21011032438662944,-0.03177303,1.6198,1.5791,1.512,1.2146,1.4698,2396.62,2359.88,2295.74,2173.77,2093.94,2157.14,2110,2076.68,1818.18,1747.8,1248535.211,1321099.387,1264743.43,1952286.695,2102311.557,-0.048273981,-0.038259048,-0.149623416,0.1294865970013631,0.011486008393994232,2347.02,2233.72,2148.26,1826.83,2063.38,2087.08
2026-02-07T01:46:24,79186.81,76971.52,73341.18,71751.33,71690.07,72945.5,71888,62345,60000,67300,39120.10889,38375.36,106298.829,92539.21531,44255.48036,-0.034372084,-0.140174314,0.12192683309102888,-0.018289533,0.015023947392803917,75770.21,73165.83,62909.86,70580.26,69289.38,1.6339,1.6122,1.5154,1.5442,1.4879,1.5274,1.4948,1.1371,1.1172,1.3858,1.905530424E8,1.943867029E8,7.44109671E8,7.081228008E8,2.743103403E8,-0.042492559,-0.196693122,0.21011032438662944,-0.03177303,0.005410723,1.5791,1.512,1.2146,1.4698,1.4231,2359.88,2295.74,2173.77,2093.94,2121.7,2110,2076.68,1818.18,1747.8,1994.57,1321099.387,1264743.43,1952286.695,2102311.557,1142616.449,-0.038259048,-0.149623416,0.1294865970013631,0.011486008393994232,0.001274508,2233.72,2148.26,1826.83,2063.38,2087.08,2089.74
2026-02-08T01:46:24,76971.52,73341.18,71751.33,71690.07,72271.41,71888,62345,60000,67300,68888,38375.36,106298.829,92539.21531,44255.48036,21420.53168,-0.140174314,0.12192683309102888,-0.018289533,0.015023947392803917,-0.002735376,73165.83,62909.86,70580.26,69289.38,70330.38,1.6122,1.5154,1.5442,1.4879,1.4703,1.4948,1.1371,1.1172,1.3858,1.4099,1.943867029E8,7.44109671E8,7.081228008E8,2.743103403E8,1.260126184E8,-0.196693122,0.21011032438662944,-0.03177303,0.005410723,0.00433324,1.512,1.2146,1.4698,1.4231,1.4308,2295.74,2173.77,2093.94,2121.7,2152.03,2076.68,1818.18,1747.8,1994.57,2064.1,1264743.43,1952286.695,2102311.557,1142616.449,482837.2515,-0.149623416,0.1294865970013631,0.011486008393994232,0.001274508,0.007311914,2148.26,1826.83,2063.38,2087.08,2089.74,2105.02
2026-02-09T01:46:24,73341.18,71751.33,71690.07,72271.41,71453.53,62345,60000,67300,68888,68308,106298.829,92539.21531,44255.48036,21420.53168,29152.72842,0.12192683309102888,-0.018289533,0.015023947392803917,-0.002735376,-0.018487981,62909.86,70580.26,69289.38,70330.38,70138,1.5154,1.5442,1.4879,1.4703,1.4642,1.1371,1.1172,1.3858,1.4099,1.3728,7.44109671E8,7.081228008E8,2.743103403E8,1.260126184E8,1.685462818E8,0.21011032438662944,-0.03177303,0.005410723,0.00433324,-0.025817676,1.2146,1.4698,1.4231,1.4308,1.437,2173.77,2093.94,2121.7,2152.03,2147.73,1818.18,1747.8,1994.57,2064.1,2008.62,1952286.695,2102311.557,1142616.449,482837.2515,625378.5569,0.1294865970013631,0.011486008393994232,0.001274508,0.007311914,-0.039120768,1826.83,2063.38,2087.08,2089.74,2105.02,2022.67
2026-02-10T01:46:24,71751.33,71690.07,72271.41,71453.53,70527.59,60000,67300,68888,68308,67800,92539.21531,44255.48036,21420.53168,29152.72842,20373.77072,-0.018289533,0.015023947392803917,-0.002735376,-0.018487981,-0.025548185,70580.26,69289.38,70330.38,70138,68841.29,1.5442,1.4879,1.4703,1.4642,1.4532,1.1172,1.3858,1.4099,1.3728,1.3916,7.081228008E8,2.743103403E8,1.260126184E8,1.685462818E8,1.133993737E8,-0.03177303,0.005410723,0.00433324,-0.025817676,-0.021572969,1.4698,1.4231,1.4308,1.437,1.3999,2093.94,2121.7,2152.03,2147.73,2124.71,1747.8,1994.57,2064.1,2008.62,1989.38,2102311.557,1142616.449,482837.2515,625378.5569,574321.6908,0.011486008393994232,0.001274508,0.007311914,-0.039120768,-0.040288332,2063.38,2087.08,2089.74,2105.02,2022.67,1941.18
2026-02-11T01:46:24,71690.07,72271.41,71453.53,70527.59,69292.88,67300,68888,68308,67800,65756,44255.48036,21420.53168,29152.72842,20373.77072,28718.24602,0.015023947392803917,-0.002735376,-0.018487981,-0.025548185,-0.012079898,69289.38,70330.38,70138,68841.29,67082.52,1.4879,1.4703,1.4642,1.4532,1.4205,1.3858,1.4099,1.3728,1.3916,1.3421,2.743103403E8,1.260126184E8,1.685462818E8,1.133993737E8,1.726962637E8,0.005410723,0.00433324,-0.025817676,-0.021572969,-0.004526539,1.4231,1.4308,1.437,1.3999,1.3697,2121.7,2152.03,2147.73,2124.71,2032.31,1994.57,2064.1,2008.62,1989.38,1903.19,1142616.449,482837.2515,625378.5569,574321.6908,529655.8177,0.001274508,0.007311914,-0.039120768,-0.040288332,0.003436054,2087.08,2089.74,2105.02,2022.67,1941.18,1947.85
2026-02-12T01:46:24,72271.41,71453.53,70527.59,69292.88,68410.52,68888,68308,67800,65756,65118,21420.53168,29152.72842,20373.77072,28718.24602,24271.74283,-0.002735376,-0.018487981,-0.025548185,-0.012079898,0.038957378,70330.38,70138,68841.29,67082.52,66272.17,1.4703,1.4642,1.4532,1.4205,1.4082,1.4099,1.3728,1.3916,1.3421,1.3461,1.260126184E8,1.685462818E8,1.133993737E8,1.726962637E8,1.168562641E8,0.00433324,-0.025817676,-0.021572969,-0.004526539,0.031976530986432036,1.4308,1.437,1.3999,1.3697,1.3635,2152.03,2147.73,2124.71,2032.31,2001.42,2064.1,2008.62,1989.38,1903.19,1897.24,482837.2515,625378.5569,574321.6908,529655.8177,427567.1469,0.007311914,-0.039120768,-0.040288332,0.003436054,0.051785302,2089.74,2105.02,2022.67,1941.18,1947.85,2048.72
2026-02-13T01:46:24,71453.53,70527.59,69292.88,68410.52,69482.97,68308,67800,65756,65118,65872.46,29152.72842,20373.77072,28718.24602,24271.74283,20244.54955,-0.018487981,-0.025548185,-0.012079898,0.038957378,0.014073119,70138,68841.29,67082.52,66272.17,68853.96,1.4642,1.4532,1.4205,1.4082,1.4285,1.3728,1.3916,1.3421,1.3461,1.3485,1.685462818E8,1.133993737E8,1.726962637E8,1.168562641E8,1.250277394E8,-0.025817676,-0.021572969,-0.004526539,0.031976530986432036,0.072702722,1.437,1.3999,1.3697,1.3635,1.4071,2147.73,2124.71,2032.31,2001.42,2073.68,2008.62,1989.38,1903.19,1897.24,1924.72,625378.5569,574321.6908,529655.8177,427567.1469,425649.7698,-0.039120768,-0.040288332,0.003436054,0.051785302,0.018484712,2105.02,2022.67,1941.18,1947.85,2048.72,2086.59
2026-02-14T01:46:24,70527.59,69292.88,68410.52,69482.97,70560.01,67800,65756,65118,65872.46,68730.13,20373.77072,28718.24602,24271.74283,20244.54955,18114.78393,-0.025548185,-0.012079898,0.038957378,0.014073119,-0.014184018,68841.29,67082.52,66272.17,68853.96,69822.95,1.4532,1.4205,1.4082,1.4285,1.5138,1.3916,1.3421,1.3461,1.3485,1.4051,1.133993737E8,1.726962637E8,1.168562641E8,1.250277394E8,1.131405384E8,-0.021572969,-0.004526539,0.031976530986432036,0.072702722,-0.022591758,1.3999,1.3697,1.3635,1.4071,1.5094,2124.71,2032.31,2001.42,2073.68,2107.67,1989.38,1903.19,1897.24,1924.72,2042.37,574321.6908,529655.8177,427567.1469,425649.7698,220677.2355,-0.040288332,0.003436054,0.051785302,0.018484712,-0.057514893,2022.67,1941.18,1947.85,2048.72,2086.59,1966.58
2026-02-15T01:46:24,69292.88,68410.52,69482.97,70560.01,70983,65756,65118,65872.46,68730.13,68000,28718.24602,24271.74283,20244.54955,18114.78393,22290.05208,-0.012079898,0.038957378,0.014073119,-0.014184018,8.695010415124824E-4,67082.52,66272.17,68853.96,69822.95,68832.58,1.4205,1.4082,1.4285,1.5138,1.6714,1.3421,1.3461,1.3485,1.4051,1.445,1.726962637E8,1.168562641E8,1.250277394E8,1.131405384E8,2.993064724E8,-0.004526539,0.031976530986432036,0.072702722,-0.022591758,0.008337287,1.3697,1.3635,1.4071,1.5094,1.4753,2032.31,2001.42,2073.68,2107.67,2103.32,1903.19,1897.24,1924.72,2042.37,1928.88,529655.8177,427567.1469,425649.7698,220677.2355,834778.0952,0.003436054,0.051785302,0.018484712,-0.057514893,0.016144779,1941.18,1947.85,2048.72,2086.59,1966.58,1998.33
2026-02-16T01:46:24,68410.52,69482.97,70560.01,70983,70126.67,65118,65872.46,68730.13,68000,67294.11,24271.74283,20244.54955,18114.78393,22290.05208,15515.76534,0.038957378,0.014073119,-0.014184018,8.695010415124824E-4,-0.02016056,66272.17,68853.96,69822.95,68832.58,68892.43,1.4082,1.4285,1.5138,1.6714,1.5171,1.3461,1.3485,1.4051,1.445,1.4485,1.168562641E8,1.250277394E8,1.131405384E8,2.993064724E8,1.45403123E8,0.031976530986432036,0.072702722,-0.022591758,0.008337287,-0.008940575,1.3635,1.4071,1.5094,1.4753,1.4876,2001.42,2073.68,2107.67,2103.32,2023.51,1897.24,1924.72,2042.37,1928.88,1937.24,427567.1469,425649.7698,220677.2355,834778.0952,351347.9433,0.051785302,0.018484712,-0.057514893,0.016144779,-0.003337787,1947.85,2048.72,2086.59,1966.58,1998.33,1991.66
2026-02-17T01:46:24,69482.97,70560.01,70983,70126.67,69241.5,65872.46,68730.13,68000,67294.11,66621.06,20244.54955,18114.78393,22290.05208,15515.76534,16489.06921,0.014073119,-0.014184018,8.695010415124824E-4,-0.02016056,-0.015443935,68853.96,69822.95,68832.58,68892.43,67503.52,1.4285,1.5138,1.6714,1.5171,1.495,1.3485,1.4051,1.445,1.4485,1.4268,1.250277394E8,1.131405384E8,2.993064724E8,1.45403123E8,9.883839E7,0.072702722,-0.022591758,0.008337287,-0.008940575,-0.035542291,1.4071,1.5094,1.4753,1.4876,1.4743,2073.68,2107.67,2103.32,2023.51,2015.33,1924.72,2042.37,1928.88,1937.24,1941.66,425649.7698,220677.2355,834778.0952,351347.9433,406246.9427,0.018484712,-0.057514893,0.016144779,-0.003337787,-0.017949851,2048.72,2086.59,1966.58,1998.33,1991.66,1955.91
2026-02-18T01:46:24,70560.01,70983,70126.67,69241.5,68476.22,68730.13,68000,67294.11,66621.06,65870,18114.78393,22290.05208,15515.76534,16489.06921,15492.43839,-0.014184018,8.695010415124824E-4,-0.02016056,-0.015443935,0.008166143,69822.95,68832.58,68892.43,67503.52,66461,1.5138,1.6714,1.5171,1.495,1.4943,1.4051,1.445,1.4485,1.4268,1.4102,1.131405384E8,2.993064724E8,1.45403123E8,9.883839E7,8.58318539E7,-0.022591758,0.008337287,-0.008940575,-0.035542291,-0.010619594,1.5094,1.4753,1.4876,1.4743,1.4219,2107.67,2103.32,2023.51,2015.33,2039.05,2042.37,1928.88,1937.24,1941.66,1923.78,220677.2355,834778.0952,351347.9433,406246.9427,393639.0086,-0.057514893,0.016144779,-0.003337787,-0.017949851,-0.003491981,2086.59,1966.58,1998.33,1991.66,1955.91,1949.08
2026-02-19T01:46:24,70983,70126.67,69241.5,68476.22,67320,68000,67294.11,66621.06,65870,65631.83,22290.05208,15515.76534,16489.06921,15492.43839,14542.26988,8.695010415124824E-4,-0.02016056,-0.015443935,0.008166143,0.015167513808559597,68832.58,68892.43,67503.52,66461,67003.73,1.6714,1.5171,1.495,1.4943,1.4381,1.445,1.4485,1.4268,1.4102,1.382,2.993064724E8,1.45403123E8,9.883839E7,8.58318539E7,1.082596771E8,0.008337287,-0.008940575,-0.035542291,-0.010619594,0.015922661359112862,1.4753,1.4876,1.4743,1.4219,1.4068,2103.32,2023.51,2015.33,2039.05,1987.55,1928.88,1937.24,1941.66,1923.78,1907,834778.0952,351347.9433,406246.9427,393639.0086,300257.0733,0.016144779,-0.003337787,-0.017949851,-0.003491981,0.010158638947606144,1966.58,1998.33,1991.66,1955.91,1949.08,1968.88
2026-02-20T01:46:24,70126.67,69241.5,68476.22,67320,68318.39,67294.11,66621.06,65870,65631.83,66280.2,15515.76534,16489.06921,15492.43839,14542.26988,35351.87091,-0.02016056,-0.015443935,0.008166143,0.015167513808559597,-6.48E-04,68892.43,67503.52,66461,67003.73,68020.01,1.5171,1.495,1.4943,1.4381,1.4389,1.4485,1.4268,1.4102,1.382,1.3775,1.45403123E8,9.883839E7,8.58318539E7,1.082596771E8,1.237097044E8,-0.008940575,-0.035542291,-0.010619594,0.015922661359112862,8.396305625523844E-4,1.4876,1.4743,1.4219,1.4068,1.4292,2023.51,2015.33,2039.05,1987.55,1981.18,1937.24,1941.66,1923.78,1907,1922.97,351347.9433,406246.9427,393639.0086,300257.0733,386253.5557,-0.003337787,-0.017949851,-0.003491981,0.010158638947606144,0.002270326,1998.33,1991.66,1955.91,1949.08,1968.88,1973.35
2026-02-21T01:46:24,69241.5,68476.22,67320,68318.39,68698.7,66621.06,65870,65631.83,66280.2,67534.69,16489.06921,15492.43839,14542.26988,35351.87091,8032.84131,-0.015443935,0.008166143,0.015167513808559597,-6.48E-04,-0.004891879,67503.52,66461,67003.73,68020.01,67975.93,1.495,1.4943,1.4381,1.4389,1.4642,1.4268,1.4102,1.382,1.3775,1.4198,9.883839E7,8.58318539E7,1.082596771E8,1.237097044E8,5.39979203E7,-0.035542291,-0.010619594,0.015922661359112862,8.396305625523844E-4,-0.026006711,1.4743,1.4219,1.4068,1.4292,1.4304,2015.33,2039.05,1987.55,1981.18,1995.56,1941.66,1923.78,1907,1922.97,1955.62,406246.9427,393639.0086,300257.0733,386253.5557,179173.8456,-0.017949851,-0.003491981,0.010158638947606144,0.002270326,-0.007869866,1991.66,1955.91,1949.08,1968.88,1973.35,1957.82
2026-02-22T01:46:24,68476.22,67320,68318.39,68698.7,68245,65870,65631.83,66280.2,67534.69,67190,15492.43839,14542.26988,35351.87091,8032.84131,8175.13484,0.008166143,0.015167513808559597,-6.48E-04,-0.004891879,-0.044163658,66461,67003.73,68020.01,67975.93,67643.4,1.4943,1.4381,1.4389,1.4642,1.4338,1.4102,1.382,1.3775,1.4198,1.38,8.58318539E7,1.082596771E8,1.237097044E8,5.39979203E7,6.1166336E7,-0.010619594,0.015922661359112862,8.396305625523844E-4,-0.026006711,-0.029715762,1.4219,1.4068,1.4292,1.4304,1.3932,2039.05,1987.55,1981.18,1995.56,1983.13,1923.78,1907,1922.97,1955.62,1935,393639.0086,300257.0733,386253.5557,179173.8456,155325.6482,-0.003491981,0.010158638947606144,0.002270326,-0.007869866,-0.051853592,1955.91,1949.08,1968.88,1973.35,1957.82,1856.3
2026-02-23T01:46:24,67320,68318.39,68698.7,68245,67684.86,65631.83,66280.2,67534.69,67190,63888.79,14542.26988,35351.87091,8032.84131,8175.13484,33075.90923,0.015167513808559597,-6.48E-04,-0.004891879,-0.044163658,-0.009246935,67003.73,68020.01,67975.93,67643.4,64656.02,1.4381,1.4389,1.4642,1.4338,1.4248,1.382,1.3775,1.4198,1.38,1.3301,1.082596771E8,1.237097044E8,5.39979203E7,6.1166336E7,1.888957004E8,0.015922661359112862,8.396305625523844E-4,-0.026006711,-0.029715762,-0.002663116,1.4068,1.4292,1.4304,1.3932,1.3518,1987.55,1981.18,1995.56,1983.13,1958.33,1907,1922.97,1955.62,1935,1837.13,300257.0733,386253.5557,179173.8456,155325.6482,547359.4869,0.010158638947606144,0.002270326,-0.007869866,-0.051853592,-0.002348758,1949.08,1968.88,1973.35,1957.82,1856.3,1851.94
2026-02-24T01:46:24,68318.39,68698.7,68245,67684.86,65026.75,66280.2,67534.69,67190,63888.79,62510.28,35351.87091,8032.84131,8175.13484,33075.90923,23102.83622,-6.48E-04,-0.004891879,-0.044163658,-0.009246935,0.06134879,68020.01,67975.93,67643.4,64656.02,64058.15,1.4389,1.4642,1.4338,1.4248,1.3676,1.3775,1.4198,1.38,1.3301,1.3124,1.237097044E8,5.39979203E7,6.1166336E7,1.888957004E8,1.392395718E8,8.396305625523844E-4,-0.026006711,-0.029715762,-0.002663116,0.063566236,1.4292,1.4304,1.3932,1.3518,1.3482,1981.18,1995.56,1983.13,1958.33,1869.58,1922.97,1955.62,1935,1837.13,1800,386253.5557,179173.8456,155325.6482,547359.4869,438064.0284,0.002270326,-0.007869866,-0.051853592,-0.002348758,0.11098631705130833,1968.88,1973.35,1957.82,1856.3,1851.94,2057.48
2026-02-25T01:46:24,68698.7,68245,67684.86,65026.75,69988.83,67534.69,67190,63888.79,62510.28,63913.27,8032.84131,8175.13484,33075.90923,23102.83622,30749.99259,-0.004891879,-0.044163658,-0.009246935,0.06134879,-0.007396301,67975.93,67643.4,64656.02,64058.15,67988.04,1.4642,1.4338,1.4248,1.3676,1.4935,1.4198,1.38,1.3301,1.3124,1.3404,5.39979203E7,6.1166336E7,1.888957004E8,1.392395718E8,2.450885052E8,-0.026006711,-0.029715762,-0.002663116,0.063566236,-0.02175884,1.4304,1.3932,1.3518,1.3482,1.4339,1995.56,1983.13,1958.33,1869.58,2148.39,1955.62,1935,1837.13,1800,1846.74,179173.8456,155325.6482,547359.4869,438064.0284,682979.4378,-0.007869866,-0.051853592,-0.002348758,0.11098631705130833,-0.014483737,1973.35,1957.82,1856.3,1851.94,2057.48,2027.68
2026-02-26T01:46:24,68245,67684.86,65026.75,69988.83,68860,67190,63888.79,62510.28,63913.27,66500,8175.13484,33075.90923,23102.83622,30749.99259,20737.77792,-0.044163658,-0.009246935,0.06134879,-0.007396301,-0.023902729,67643.4,64656.02,64058.15,67988.04,67485.18,1.4338,1.4248,1.3676,1.4935,1.4691,1.38,1.3301,1.3124,1.3404,1.3827,6.1166336E7,1.888957004E8,1.392395718E8,2.450885052E8,1.608291418E8,-0.029715762,-0.002663116,0.063566236,-0.02175884,-0.033150353,1.3932,1.3518,1.3482,1.4339,1.4027,1983.13,1958.33,1869.58,2148.39,2083.33,1935,1837.13,1800,1846.74,1975.35,155325.6482,547359.4869,438064.0284,682979.4378,439783.3566,-0.051853592,-0.002348758,0.11098631705130833,-0.014483737,-0.04825219,1957.82,1856.3,1851.94,2057.48,2027.68,1929.84
2026-02-27T01:46:24,67684.86,65026.75,69988.83,68860,68216.8,63888.79,62510.28,63913.27,66500,64914.46,33075.90923,23102.83622,30749.99259,20737.77792,21228.58424,-0.009246935,0.06134879,-0.007396301,-0.023902729,0.016716637240956168,64656.02,64058.15,67988.04,67485.18,65872.1,1.4248,1.3676,1.4935,1.4691,1.4262,1.3301,1.3124,1.3404,1.3827,1.3386,1.888957004E8,1.392395718E8,2.450885052E8,1.608291418E8,1.651081686E8,-0.002663116,0.063566236,-0.02175884,-0.033150353,0.014747087450228593,1.3518,1.3482,1.4339,1.4027,1.3562,1958.33,1869.58,2148.39,2083.33,2063.52,1837.13,1800,1846.74,1975.35,1887,547359.4869,438064.0284,682979.4378,439783.3566,428687.234,-0.002348758,0.11098631705130833,-0.014483737,-0.04825219,0.01796522,1856.3,1851.94,2057.48,2027.68,1929.84,1964.51
2026-02-28T01:46:24,65026.75,69988.83,68860,68216.8,67760,62510.28,63913.27,66500,64914.46,63030,23102.83622,30749.99259,20737.77792,21228.58424,22548.71649,0.06134879,-0.007396301,-0.023902729,0.016716637240956168,-0.017869669,64058.15,67988.04,67485.18,65872.1,66973.26,1.3676,1.4935,1.4691,1.4262,1.3931,1.3124,1.3404,1.3827,1.3386,1.27,1.392395718E8,2.450885052E8,1.608291418E8,1.651081686E8,2.299896797E8,0.063566236,-0.02175884,-0.033150353,0.014747087450228593,-0.017293998,1.3482,1.4339,1.4027,1.3562,1.3762,1869.58,2148.39,2083.33,2063.52,1984.99,1800,1846.74,1975.35,1887,1835.36,438064.0284,682979.4378,439783.3566,428687.234,461680.9835,0.11098631705130833,-0.014483737,-0.04825219,0.01796522,-0.012624013,1851.94,2057.48,2027.68,1929.84,1964.51,1939.71
2026-03-01T01:46:24,69988.83,68860,68216.8,67760,68199.99,63913.27,66500,64914.46,63030,65056,30749.99259,20737.77792,21228.58424,22548.71649,23201.85859,-0.007396301,-0.023902729,0.016716637240956168,-0.017869669,0.046423743931530474,67988.04,67485.18,65872.1,66973.26,65776.47,1.4935,1.4691,1.4262,1.3931,1.4333,1.3404,1.3827,1.3386,1.27,1.3369,2.450885052E8,1.608291418E8,1.651081686E8,2.299896797E8,1.779413269E8,-0.02175884,-0.033150353,0.014747087450228593,-0.017293998,0.027802425,1.4339,1.4027,1.3562,1.3762,1.3524,2148.39,2083.33,2063.52,1984.99,2054.8,1846.74,1975.35,1887,1835.36,1907.41,682979.4378,439783.3566,428687.234,461680.9835,529196.8464,-0.014483737,-0.04825219,0.01796522,-0.012624013,0.045182011744023524,2057.48,2027.68,1929.84,1964.51,1939.71,2027.35
2026-03-02T01:46:24,68860,68216.8,67760,68199.99,70096,66500,64914.46,63030,65056,65259.21,20737.77792,21228.58424,22548.71649,23201.85859,32010.38431,-0.023902729,0.016716637240956168,-0.017869669,0.046423743931530474,-0.007148911,67485.18,65872.1,66973.26,65776.47,68830.06,1.4691,1.4262,1.3931,1.4333,1.423,1.3827,1.3386,1.27,1.3369,1.3341,1.608291418E8,1.651081686E8,2.299896797E8,1.779413269E8,1.668020778E8,-0.033150353,0.014747087450228593,-0.017293998,0.027802425,-0.021079137,1.4027,1.3562,1.3762,1.3524,1.39,2083.33,2063.52,1984.99,2054.8,2090,1975.35,1887,1835.36,1907.41,1920,439783.3566,428687.234,461680.9835,529196.8464,577406.3749,-0.04825219,0.01796522,-0.012624013,0.045182011744023524,-0.021974499,2027.68,1929.84,1964.51,1939.71,2027.35,1982.8
2026-03-03T01:46:24,68216.8,67760,68199.99,70096,69258.08,64914.46,63030,65056,65259.21,66158,21228.58424,22548.71649,23201.85859,32010.38431,24972.2418,0.016716637240956168,-0.017869669,0.046423743931530474,-0.007148911,0.063343528,65872.1,66973.26,65776.47,68830.06,68338,1.4262,1.3931,1.4333,1.423,1.3953,1.3386,1.27,1.3369,1.3341,1.3366,1.651081686E8,2.299896797E8,1.779413269E8,1.668020778E8,1.356028974E8,0.014747087450228593,-0.017293998,0.027802425,-0.021079137,0.051591092819872154,1.3562,1.3762,1.3524,1.39,1.3607,2063.52,1984.99,2054.8,2090,2041.48,1887,1835.36,1907.41,1920,1929.56,428687.234,461680.9835,529196.8464,577406.3749,509329.8534,0.01796522,-0.012624013,0.045182011744023524,-0.021974499,0.072866653,1929.84,1964.51,1939.71,2027.35,1982.8,2127.28
2026-03-04T01:46:24,67760,68199.99,70096,69258.08,74050,63030,65056,65259.21,66158,67400,22548.71649,23201.85859,32010.38431,24972.2418,44919.0761,-0.017869669,0.046423743931530474,-0.007148911,0.063343528,-0.02444102,66973.26,65776.47,68830.06,68338,72666.77,1.3931,1.4333,1.423,1.3953,1.4732,1.27,1.3369,1.3341,1.3366,1.3452,2.299896797E8,1.779413269E8,1.668020778E8,1.356028974E8,2.380257792E8,-0.017293998,0.027802425,-0.021079137,0.051591092819872154,-0.019009015,1.3762,1.3524,1.39,1.3607,1.4309,1984.99,2054.8,2090,2041.48,2199,1835.36,1907.41,1920,1929.56,1945.08,461680.9835,529196.8464,577406.3749,509329.8534,737644.8152,-0.012624013,0.045182011744023524,-0.021974499,0.072866653,-0.025581964,1964.51,1939.71,2027.35,1982.8,2127.28,2072.86
2026-03-05T01:46:24,68199.99,70096,69258.08,74050,73558.15,65056,65259.21,66158,67400,70645.47,23201.85859,32010.38431,24972.2418,44919.0761,26590.51253,0.046423743931530474,-0.007148911,0.063343528,-0.02444102,-0.039168737,65776.47,68830.06,68338,72666.77,70890.72,1.4333,1.423,1.3953,1.4732,1.4525,1.3369,1.3341,1.3366,1.3452,1.396,1.779413269E8,1.668020778E8,1.356028974E8,2.380257792E8,1.181689922E8,0.027802425,-0.021079137,0.051591092819872154,-0.019009015,-0.028781079,1.3524,1.39,1.3607,1.4309,1.4037,2054.8,2090,2041.48,2199,2163.66,1907.41,1920,1929.56,1945.08,2054.75,529196.8464,577406.3749,509329.8534,737644.8152,432157.8126,0.045182011744023524,-0.021974499,0.072866653,-0.025581964,-0.04543481,1939.71,2027.35,1982.8,2127.28,2072.86,1978.68
2026-03-06T01:46:24,70096,69258.08,74050,73558.15,71419.98,65259.21,66158,67400,70645.47,67744.78,32010.38431,24972.2418,44919.0761,26590.51253,22629.88722,-0.007148911,0.063343528,-0.02444102,-0.039168737,-0.012495372,68830.06,68338,72666.77,70890.72,68114.02,1.423,1.3953,1.4732,1.4525,1.4148,1.3341,1.3366,1.3452,1.396,1.346,1.668020778E8,1.356028974E8,2.380257792E8,1.181689922E8,1.138479789E8,-0.021079137,0.051591092819872154,-0.019009015,-0.028781079,-0.004841194,1.39,1.3607,1.4309,1.4037,1.3633,2090,2041.48,2199,2163.66,2093.33,1920,1929.56,1945.08,2054.75,1955.95,577406.3749,509329.8534,737644.8152,432157.8126,411597.7569,-0.021974499,0.072866653,-0.025581964,-0.04543481,-0.004593972,2027.35,1982.8,2127.28,2072.86,1978.68,1969.59
2026-03-07T01:46:24,69258.08,74050,73558.15,71419.98,68551.04,66158,67400,70645.47,67744.78,66915.26,24972.2418,44919.0761,26590.51253,22629.88722,12719.54315,0.063343528,-0.02444102,-0.039168737,-0.012495372,-0.019203897,68338,72666.77,70890.72,68114.02,67262.91,1.3953,1.4732,1.4525,1.4148,1.3749,1.3366,1.3452,1.396,1.346,1.3468,1.356028974E8,2.380257792E8,1.181689922E8,1.138479789E8,4.77766373E7,0.051591092819872154,-0.019009015,-0.028781079,-0.004841194,-0.01230928,1.3607,1.4309,1.4037,1.3633,1.3567,2041.48,2199,2163.66,2093.33,1996.04,1929.56,1945.08,2054.75,1955.95,1948.09,509329.8534,737644.8152,432157.8126,411597.7569,184459.82,0.072866653,-0.025581964,-0.04543481,-0.004593972,-0.016495819,1982.8,2127.28,2072.86,1978.68,1969.59,1937.1
2026-03-08T01:46:24,74050,73558.15,71419.98,68551.04,68200,67400,70645.47,67744.78,66915.26,65618.49,44919.0761,26590.51253,22629.88722,12719.54315,21593.63901,-0.02444102,-0.039168737,-0.012495372,-0.019203897,0.037303550640279494,72666.77,70890.72,68114.02,67262.91,65971.2,1.4732,1.4525,1.4148,1.3749,1.3712,1.3452,1.396,1.346,1.3468,1.3218,2.380257792E8,1.181689922E8,1.138479789E8,4.77766373E7,7.98256437E7,-0.019009015,-0.028781079,-0.004841194,-0.01230928,0.017238805970149176,1.4309,1.4037,1.3633,1.3567,1.34,2199,2163.66,2093.33,1996.04,1979.8,1945.08,2054.75,1955.95,1948.09,1916.14,737644.8152,432157.8126,411597.7569,184459.82,391189.7317,-0.025581964,-0.04543481,-0.004593972,-0.016495819,0.028847246,2127.28,2072.86,1978.68,1969.59,1937.1,1992.98
2026-03-09T01:46:24,73558.15,71419.98,68551.04,68200,69516.65,70645.47,67744.78,66915.26,65618.49,65821.97,26590.51253,22629.88722,12719.54315,21593.63901,28896.7213,-0.039168737,-0.012495372,-0.019203897,0.037303550640279494,0.022160194855752047,70890.72,68114.02,67262.91,65971.2,68432.16,1.4525,1.4148,1.3749,1.3712,1.3841,1.396,1.346,1.3468,1.3218,1.333,1.181689922E8,1.138479789E8,4.77766373E7,7.98256437E7,1.301008012E8,-0.028781079,-0.004841194,-0.01230928,0.017238805970149176,0.017020028,1.4037,1.3633,1.3567,1.34,1.3631,2163.66,2093.33,1996.04,1979.8,2053.52,2054.75,1955.95,1948.09,1916.14,1929.65,432157.8126,411597.7569,184459.82,391189.7317,550825.4883,-0.04543481,-0.004593972,-0.016495819,0.028847246,0.021841664241487608,2072.86,1978.68,1969.59,1937.1,1992.98,2036.51
2026-03-10T01:46:24,71419.98,68551.04,68200,69516.65,71777,67744.78,66915.26,65618.49,65821.97,68391.41,22629.88722,12719.54315,21593.63901,28896.7213,32602.57726,-0.012495372,-0.019203897,0.037303550640279494,0.022160194855752047,0.003477266,68114.02,67262.91,65971.2,68432.16,69948.63,1.4148,1.3749,1.3712,1.3841,1.4427,1.346,1.3468,1.3218,1.333,1.3605,1.138479789E8,4.77766373E7,7.98256437E7,1.301008012E8,1.763139066E8,-0.004841194,-0.01230928,0.017238805970149176,0.017020028,-0.001154151,1.3633,1.3567,1.34,1.3631,1.3863,2093.33,1996.04,1979.8,2053.52,2088.19,1955.95,1948.09,1916.14,1929.65,1991,411597.7569,184459.82,391189.7317,550825.4883,463411.8739,-0.004593972,-0.016495819,0.028847246,0.021841664241487608,0.007591419,1978.68,1969.59,1937.1,1992.98,2036.51,2051.97
2026-03-11T01:46:24,68551.04,68200,69516.65,71777,71321,66915.26,65618.49,65821.97,68391.41,68977.91,12719.54315,21593.63901,28896.7213,32602.57726,27249.27542,-0.019203897,0.037303550640279494,0.022160194855752047,0.003477266,0.004978925,67262.91,65971.2,68432.16,69948.63,70191.86,1.3749,1.3712,1.3841,1.4427,1.4112,1.3468,1.3218,1.333,1.3605,1.3706,4.77766373E7,7.98256437E7,1.301008012E8,1.763139066E8,1.11034871E8,-0.01230928,0.017238805970149176,0.017020028,-0.001154151,-7.22E-05,1.3567,1.34,1.3631,1.3863,1.3847,1996.04,1979.8,2053.52,2088.19,2085.58,1948.09,1916.14,1929.65,1991,2007.17,184459.82,391189.7317,550825.4883,463411.8739,350061.256,-0.016495819,0.028847246,0.021841664241487608,0.007591419,0.010502102857254338,1969.59,1937.1,1992.98,2036.51,2051.97,2073.52
2026-03-12T01:46:24,68200,69516.65,71777,71321,70800,65618.49,65821.97,68391.41,68977.91,69205.91,21593.63901,28896.7213,32602.57726,27249.27542,21997.1605,0.037303550640279494,0.022160194855752047,0.003477266,0.004978925,0.005509677,65971.2,68432.16,69948.63,70191.86,70541.34,1.3712,1.3841,1.4427,1.4112,1.3936,1.3218,1.333,1.3605,1.3706,1.365,7.98256437E7,1.301008012E8,1.763139066E8,1.11034871E8,8.96896073E7,0.017238805970149176,0.017020028,-0.001154151,-7.22E-05,0.010327893,1.34,1.3631,1.3863,1.3847,1.3846,1979.8,2053.52,2088.19,2085.58,2095,1916.14,1929.65,1991,2007.17,2017.59,391189.7317,550825.4883,463411.8739,350061.256,400507.8132,0.028847246,0.021841664241487608,0.007591419,0.010502102857254338,0.009018481,1937.1,1992.98,2036.51,2051.97,2073.52,2092.22
2026-03-13T01:46:24,69516.65,71777,71321,70800,73913.74,65821.97,68391.41,68977.91,69205.91,70386.01,28896.7213,32602.57726,27249.27542,21997.1605,35996.61678,0.022160194855752047,0.003477266,0.004978925,0.005509677,0.003975046,68432.16,69948.63,70191.86,70541.34,70930,1.3841,1.4427,1.4112,1.3936,1.4528,1.333,1.3605,1.3706,1.365,1.3831,1.301008012E8,1.763139066E8,1.11034871E8,8.96896073E7,2.030747255E8,0.017020028,-0.001154151,-7.22E-05,0.010327893,0.005289871,1.3631,1.3863,1.3847,1.3846,1.3989,2053.52,2088.19,2085.58,2095,2209.03,1929.65,1991,2007.17,2017.59,2070.12,550825.4883,463411.8739,350061.256,400507.8132,599657.0399,0.021841664241487608,0.007591419,0.010502102857254338,0.009018481,0.001883167,1992.98,2036.51,2051.97,2073.52,2092.22,2096.16
2026-03-14T01:46:24,71777,71321,70800,73913.74,71307.92,68391.41,68977.91,69205.91,70386.01,70317,32602.57726,27249.27542,21997.1605,35996.61678,13017.24737,0.003477266,0.004978925,0.005509677,0.003975046,0.022514339,69948.63,70191.86,70541.34,70930,71211.95,1.4427,1.4112,1.3936,1.4528,1.4084,1.3605,1.3706,1.365,1.3831,1.3834,1.763139066E8,1.11034871E8,8.96896073E7,2.030747255E8,5.82111065E7,-0.001154151,-7.22E-05,0.010327893,0.005289871,0.030150039109720535,1.3863,1.3847,1.3846,1.3989,1.4063,2088.19,2085.58,2095,2209.03,2106.09,1991,2007.17,2017.59,2070.12,2061.6,463411.8739,350061.256,400507.8132,599657.0399,152500.5822,0.007591419,0.010502102857254338,0.009018481,0.001883167,0.039185940004579964,2036.51,2051.97,2073.52,2092.22,2096.16,2178.3
2026-03-15T01:46:24,71321,70800,73913.74,71307.92,73199,68977.91,69205.91,70386.01,70317,70858.82,27249.27542,21997.1605,35996.61678,13017.24737,14037.30704,0.004978925,0.005509677,0.003975046,0.022514339,0.028420286742170908,70191.86,70541.34,70930,71211.95,72815.24,1.4112,1.3936,1.4528,1.4084,1.4649,1.3706,1.365,1.3831,1.3834,1.4021,1.11034871E8,8.96896073E7,2.030747255E8,5.82111065E7,9.74043997E7,-7.22E-05,0.010327893,0.005289871,0.030150039109720535,0.065092842,1.3847,1.3846,1.3989,1.4063,1.4487,2085.58,2095,2209.03,2106.09,2202.87,2007.17,2017.59,2070.12,2061.6,2083.35,350061.256,400507.8132,599657.0399,152500.5822,280825.9377,0.010502102857254338,0.009018481,0.001883167,0.039185940004579964,0.080186384,2051.97,2073.52,2092.22,2096.16,2178.3,2352.97
2026-03-16T01:46:24,70800,73913.74,71307.92,73199,74909.08,69205.91,70386.01,70317,70858.82,72270.41,21997.1605,35996.61678,13017.24737,14037.30704,28409.53019,0.005509677,0.003975046,0.022514339,0.028420286742170908,-0.013024161,70541.34,70930,71211.95,72815.24,74884.67,1.3936,1.4528,1.4084,1.4649,1.5522,1.365,1.3831,1.3834,1.4021,1.4357,8.96896073E7,2.030747255E8,5.82111065E7,9.74043997E7,2.185791636E8,0.010327893,0.005289871,0.030150039109720535,0.065092842,-0.016072586,1.3846,1.3989,1.4063,1.4487,1.543,2095,2209.03,2106.09,2202.87,2386.02,2017.59,2070.12,2061.6,2083.35,2164.73,400507.8132,599657.0399,152500.5822,280825.9377,845892.7756,0.009018481,0.001883167,0.039185940004579964,0.080186384,-0.015121315,2073.52,2092.22,2096.16,2178.3,2352.97,2317.39
2026-03-17T01:46:24,73913.74,71307.92,73199,74909.08,76000,70386.01,70317,70858.82,72270.41,73399.19,35996.61678,13017.24737,14037.30704,28409.53019,24521.26636,0.003975046,0.022514339,0.028420286742170908,-0.013024161,-0.036028184,70930,71211.95,72815.24,74884.67,73909.36,1.4528,1.4084,1.4649,1.5522,1.607,1.3831,1.3834,1.4021,1.4357,1.4941,2.030747255E8,5.82111065E7,9.74043997E7,2.185791636E8,2.328447301E8,0.005289871,0.030150039109720535,0.065092842,-0.016072586,-0.035239099,1.3989,1.4063,1.4487,1.543,1.5182,2209.03,2106.09,2202.87,2386.02,2376.66,2070.12,2061.6,2083.35,2164.73,2294.15,599657.0399,152500.5822,280825.9377,845892.7756,493831.1016,0.001883167,0.039185940004579964,0.080186384,-0.015121315,-0.049193273,2092.22,2096.16,2178.3,2352.97,2317.39,2203.39
2026-03-18T01:46:24,71307.92,73199,74909.08,76000,74672.34,70317,70858.82,72270.41,73399.19,70500,13017.24737,14037.30704,28409.53019,24521.26636,23392.88093,0.022514339,0.028420286742170908,-0.013024161,-0.036028184,-0.018478652,71211.95,72815.24,74884.67,73909.36,71246.54,1.4084,1.4649,1.5522,1.607,1.5414,1.3834,1.4021,1.4357,1.4941,1.4359,5.82111065E7,9.74043997E7,2.185791636E8,2.328447301E8,1.395376856E8,0.030150039109720535,0.065092842,-0.016072586,-0.035239099,-0.011743019,1.4063,1.4487,1.543,1.5182,1.4647,2106.09,2202.87,2386.02,2376.66,2350,2061.6,2083.35,2164.73,2294.15,2153.21,152500.5822,280825.9377,845892.7756,493831.1016,488040.8887,0.039185940004579964,0.080186384,-0.015121315,-0.049193273,-0.029763228,2096.16,2178.3,2352.97,2317.39,2203.39,2137.81
2026-03-19T01:46:24,73199,74909.08,76000,74672.34,71613.79,70858.82,72270.41,73399.19,70500,68793.35,14037.30704,28409.53019,24521.26636,23392.88093,22364.81819,0.028420286742170908,-0.013024161,-0.036028184,-0.018478652,0.008304447,72815.24,74884.67,73909.36,71246.54,69930,1.4649,1.5522,1.607,1.5414,1.4817,1.4021,1.4357,1.4941,1.4359,1.4219,9.74043997E7,2.185791636E8,2.328447301E8,1.395376856E8,1.189073526E8,0.065092842,-0.016072586,-0.035239099,-0.011743019,-0.001588946,1.4487,1.543,1.5182,1.4647,1.4475,2202.87,2386.02,2376.66,2350,2233.72,2083.35,2164.73,2294.15,2153.21,2099.38,280825.9377,845892.7756,493831.1016,488040.8887,490791.679,0.080186384,-0.015121315,-0.049193273,-0.029763228,0.003933932,2178.3,2352.97,2317.39,2203.39,2137.81,2146.22
2026-03-20T01:46:24,74909.08,76000,74672.34,71613.79,71367,72270.41,73399.19,70500,68793.35,69388,28409.53019,24521.26636,23392.88093,22364.81819,18121.16745,-0.013024161,-0.036028184,-0.018478652,0.008304447,-0.022586775,74884.67,73909.36,71246.54,69930,70510.73,1.5522,1.607,1.5414,1.4817,1.4665,1.4357,1.4941,1.4359,1.4219,1.4248,2.185791636E8,2.328447301E8,1.395376856E8,1.189073526E8,8.79556836E7,-0.016072586,-0.035239099,-0.011743019,-0.001588946,-0.025325215,1.543,1.5182,1.4647,1.4475,1.4452,2386.02,2376.66,2350,2233.72,2176.84,2164.73,2294.15,2153.21,2099.38,2116.88,845892.7756,493831.1016,488040.8887,490791.679,300156.1778,-0.015121315,-0.049193273,-0.029763228,0.003933932,-0.02858514,2352.97,2317.39,2203.39,2137.81,2146.22,2084.87
2026-03-21T01:46:24,76000,74672.34,71613.79,71367,71100.94,73399.19,70500,68793.35,69388,68571.42,24521.26636,23392.88093,22364.81819,18121.16745,13397.1675,-0.036028184,-0.018478652,0.008304447,-0.022586775,-0.015367802,73909.36,71246.54,69930,70510.73,68918.12,1.607,1.5414,1.4817,1.4665,1.453,1.4941,1.4359,1.4219,1.4248,1.4003,2.328447301E8,1.395376856E8,1.189073526E8,8.79556836E7,5.71475109E7,-0.035239099,-0.011743019,-0.001588946,-0.025325215,-0.016896209,1.5182,1.4647,1.4475,1.4452,1.4086,2376.66,2350,2233.72,2176.84,2168.27,2294.15,2153.21,2099.38,2116.88,2070.78,493831.1016,488040.8887,490791.679,300156.1778,132559.4646,-0.049193273,-0.029763228,0.003933932,-0.02858514,-0.01485944,2317.39,2203.39,2137.81,2146.22,2084.87,2053.89
2026-03-22T01:46:24,74672.34,71613.79,71367,71100.94,69588.79,70500,68793.35,69388,68571.42,67360.66,23392.88093,22364.81819,18121.16745,13397.1675,14843.78682,-0.018478652,0.008304447,-0.022586775,-0.015367802,0.04490856,71246.54,69930,70510.73,68918.12,67859,1.5414,1.4817,1.4665,1.453,1.4263,1.4359,1.4219,1.4248,1.4003,1.3712,1.395376856E8,1.189073526E8,8.79556836E7,5.71475109E7,7.71822064E7,-0.011743019,-0.001588946,-0.025325215,-0.016896209,0.034300982091276626,1.4647,1.4475,1.4452,1.4086,1.3848,2350,2233.72,2176.84,2168.27,2127.21,2153.21,2099.38,2116.88,2070.78,2026,488040.8887,490791.679,300156.1778,132559.4646,313070.5572,-0.029763228,0.003933932,-0.02858514,-0.01485944,0.047782501,2203.39,2137.81,2146.22,2084.87,2053.89,2152.03
2026-03-23T01:46:24,71613.79,71367,71100.94,69588.79,71817.09,68793.35,69388,68571.42,67360.66,67445.18,22364.81819,18121.16745,13397.1675,14843.78682,28335.09119,0.008304447,-0.022586775,-0.015367802,0.04490856,-0.004931991,69930,70510.73,68918.12,67859,70906.45,1.4817,1.4665,1.453,1.4263,1.4661,1.4219,1.4248,1.4003,1.3712,1.3618,1.189073526E8,8.79556836E7,5.71475109E7,7.71822064E7,1.700652593E8,-0.001588946,-0.025325215,-0.016896209,0.034300982091276626,-0.011380297,1.4475,1.4452,1.4086,1.3848,1.4323,2233.72,2176.84,2168.27,2127.21,2198.57,2099.38,2116.88,2070.78,2026,2023.04,490791.679,300156.1778,132559.4646,313070.5572,614508.4369,0.003933932,-0.02858514,-0.01485944,0.047782501,0.001951646,2137.81,2146.22,2084.87,2053.89,2152.03,2156.23
2026-03-24T01:46:24,71367,71100.94,69588.79,71817.09,71400,69388,68571.42,67360.66,67445.18,68923.07,18121.16745,13397.1675,14843.78682,28335.09119,20702.42244,-0.022586775,-0.015367802,0.04490856,-0.004931991,0.011051956198656478,70510.73,68918.12,67859,70906.45,70556.74,1.4665,1.453,1.4263,1.4661,1.435,1.4248,1.4003,1.3712,1.3618,1.3835,8.79556836E7,5.71475109E7,7.71822064E7,1.700652593E8,1.033805003E8,-0.025325215,-0.016896209,0.034300982091276626,-0.011380297,-0.001059322,1.4452,1.4086,1.3848,1.4323,1.416,2176.84,2168.27,2127.21,2198.57,2175.16,2116.88,2070.78,2026,2023.04,2103.02,300156.1778,132559.4646,313070.5572,614508.4369,316703.4728,-0.02858514,-0.01485944,0.047782501,0.001951646,0.005931649,2146.22,2084.87,2053.89,2152.03,2156.23,2169.02
2026-03-25T01:46:24,71100.94,69588.79,71817.09,71400,72026.09,68571.42,67360.66,67445.18,68923.07,70408,13397.1675,14843.78682,28335.09119,20702.42244,17719.50066,-0.015367802,0.04490856,-0.004931991,0.011051956198656478,-0.035272531,68918.12,67859,70906.45,70556.74,71336.53,1.453,1.4263,1.4661,1.435,1.4379,1.4003,1.3712,1.3618,1.3835,1.4019,5.71475109E7,7.71822064E7,1.700652593E8,1.033805003E8,9.70408127E7,-0.016896209,0.034300982091276626,-0.011380297,-0.001059322,-0.037893248,1.4086,1.3848,1.4323,1.416,1.4145,2168.27,2127.21,2198.57,2175.16,2199.02,2070.78,2026,2023.04,2103.02,2146.35,132559.4646,313070.5572,614508.4369,316703.4728,275641.5255,-0.01485944,0.047782501,0.001951646,0.005931649,-0.050064084,2084.87,2053.89,2152.03,2156.23,2169.02,2060.43
2026-03-26T01:46:24,69588.79,71817.09,71400,72026.09,71436.82,67360.66,67445.18,68923.07,70408,68153,14843.78682,28335.09119,20702.42244,17719.50066,20820.45768,0.04490856,-0.004931991,0.011051956198656478,-0.035272531,-0.03506276,67859,70906.45,70556.74,71336.53,68820.31,1.4263,1.4661,1.435,1.4379,1.4165,1.3712,1.3618,1.3835,1.4019,1.336,7.71822064E7,1.700652593E8,1.033805003E8,9.70408127E7,1.308420254E8,0.034300982091276626,-0.011380297,-0.001059322,-0.037893248,-0.025865236,1.3848,1.4323,1.416,1.4145,1.3609,2127.21,2198.57,2175.16,2199.02,2172.19,2026,2023.04,2103.02,2146.35,2034.54,313070.5572,614508.4369,316703.4728,275641.5255,338010.6238,0.047782501,0.001951646,0.005931649,-0.050064084,-0.032847512,2053.89,2152.03,2156.23,2169.02,2060.43,1992.75
2026-03-27T01:46:24,71817.09,71400,72026.09,71436.82,69179.05,67445.18,68923.07,70408,68153,65548.25,28335.09119,20702.42244,17719.50066,20820.45768,28603.69557,-0.004931991,0.011051956198656478,-0.035272531,-0.03506276,-4.56E-04,70906.45,70556.74,71336.53,68820.31,66407.28,1.4661,1.435,1.4379,1.4165,1.3726,1.3618,1.3835,1.4019,1.336,1.3184,1.700652593E8,1.033805003E8,9.70408127E7,1.308420254E8,1.19257397E8,-0.011380297,-0.001059322,-0.037893248,-0.025865236,0.00573282,1.4323,1.416,1.4145,1.3609,1.3257,2198.57,2175.16,2199.02,2172.19,2077.19,2023.04,2103.02,2146.35,2034.54,1970.93,614508.4369,316703.4728,275641.5255,338010.6238,394873.5248,0.001951646,0.005931649,-0.050064084,-0.032847512,9.986199974909092E-4,2152.03,2156.23,2169.02,2060.43,1992.75,1994.74
2026-03-28T01:46:24,71400,72026.09,71436.82,69179.05,67288.94,68923.07,70408,68153,65548.25,65932.09,20702.42244,17719.50066,20820.45768,28603.69557,11462.39847,0.011051956198656478,-0.035272531,-0.03506276,-4.56E-04,-0.005515462,70556.74,71336.53,68820.31,66407.28,66377.03,1.435,1.4379,1.4165,1.3726,1.3582,1.3835,1.4019,1.336,1.3184,1.3191,1.033805003E8,9.70408127E7,1.308420254E8,1.19257397E8,5.37171263E7,-0.001059322,-0.037893248,-0.025865236,0.00573282,-0.004125103,1.416,1.4145,1.3609,1.3257,1.3333,2175.16,2199.02,2172.19,2077.19,2047.45,2103.02,2146.35,2034.54,1970.93,1983.17,316703.4728,275641.5255,338010.6238,394873.5248,154831.8055,0.005931649,-0.050064084,-0.032847512,9.986199974909092E-4,-0.005063317,2156.23,2169.02,2060.43,1992.75,1994.74,1984.64
2026-03-29T01:46:24,72026.09,71436.82,69179.05,67288.94,67130.5,70408,68153,65548.25,65932.09,65000,17719.50066,20820.45768,28603.69557,11462.39847,10052.85584,-0.035272531,-0.03506276,-4.56E-04,-0.005515462,0.011913784580826273,71336.53,68820.31,66407.28,66377.03,66010.93,1.4379,1.4165,1.3726,1.3582,1.3433,1.4019,1.336,1.3184,1.3191,1.2954,9.70408127E7,1.308420254E8,1.19257397E8,5.37171263E7,6.13390186E7,-0.037893248,-0.025865236,0.00573282,-0.004125103,-0.002711252,1.4145,1.3609,1.3257,1.3333,1.3278,2199.02,2172.19,2077.19,2047.45,2019.65,2146.35,2034.54,1970.93,1983.17,1938.82,275641.5255,338010.6238,394873.5248,154831.8055,166726.7382,-0.050064084,-0.032847512,9.986199974909092E-4,-0.005063317,0.021081909,2169.02,2060.43,1992.75,1994.74,1984.64,2026.48
2026-03-30T01:46:24,71436.82,69179.05,67288.94,67130.5,68169.65,68153,65548.25,65932.09,65000,65800.59,20820.45768,28603.69557,11462.39847,10052.85584,18353.38975,-0.03506276,-4.56E-04,-0.005515462,0.011913784580826273,0.022263002,68820.31,66407.28,66377.03,66010.93,66797.37,1.4165,1.3726,1.3582,1.3433,1.3669,1.336,1.3184,1.3191,1.2954,1.3166,1.308420254E8,1.19257397E8,5.37171263E7,6.13390186E7,1.0020262E8,-0.025865236,0.00573282,-0.004125103,-0.002711252,0.012762422594774139,1.3609,1.3257,1.3333,1.3278,1.3242,2172.19,2077.19,2047.45,2019.65,2085,2034.54,1970.93,1983.17,1938.82,1980.28,338010.6238,394873.5248,154831.8055,166726.7382,338304.4344,-0.032847512,9.986199974909092E-4,-0.005063317,0.021081909,0.03895918,2060.43,1992.75,1994.74,1984.64,2026.48,2105.43
2026-03-31T01:46:24,69179.05,67288.94,67130.5,68169.65,68589.49,65548.25,65932.09,65000,65800.59,65998.05,28603.69557,11462.39847,10052.85584,18353.38975,22105.40662,-4.56E-04,-0.005515462,0.011913784580826273,0.022263002,-0.002497786,66407.28,66377.03,66010.93,66797.37,68284.48,1.3726,1.3582,1.3433,1.3669,1.3503,1.3184,1.3191,1.2954,1.3166,1.3038,1.19257397E8,5.37171263E7,6.13390186E7,1.0020262E8,1.013184138E8,0.00573282,-0.004125103,-0.002711252,0.012762422594774139,0.004995899,1.3257,1.3333,1.3278,1.3242,1.3411,2077.19,2047.45,2019.65,2085,2124.03,1970.93,1983.17,1938.82,1980.28,2012.64,394873.5248,154831.8055,166726.7382,338304.4344,421897.9023,9.986199974909092E-4,-0.005063317,0.021081909,0.03895918,0.016585685584417472,1992.75,1994.74,1984.64,2026.48,2105.43,2140.35
