date,ETH.open_10,ETH.open_9,ETH.open_8,ETH.open_7,ETH.open_6,ETH.open_5,ETH.open_4,ETH.open_3,ETH.open_2,ETH.open_1,ETH.open,ETH.high_10,ETH.high_9,ETH.high_8,ETH.high_7,ETH.high_6,ETH.high_5,ETH.high_4,ETH.high_3,ETH.high_2,ETH.high_1,ETH.high,ETH.low_10,ETH.low_9,ETH.low_8,ETH.low_7,ETH.low_6,ETH.low_5,ETH.low_4,ETH.low_3,ETH.low_2,ETH.low_1,ETH.low,ETH.volume_10,ETH.volume_9,ETH.volume_8,ETH.volume_7,ETH.volume_6,ETH.volume_5,ETH.volume_4,ETH.volume_3,ETH.volume_2,ETH.volume_1,ETH.volume,ETH.quoteAssetVolume_10,ETH.quoteAssetVolume_9,ETH.quoteAssetVolume_8,ETH.quoteAssetVolume_7,ETH.quoteAssetVolume_6,ETH.quoteAssetVolume_5,ETH.quoteAssetVolume_4,ETH.quoteAssetVolume_3,ETH.quoteAssetVolume_2,ETH.quoteAssetVolume_1,ETH.quoteAssetVolume,ETH.numberOfTrades_10,ETH.numberOfTrades_9,ETH.numberOfTrades_8,ETH.numberOfTrades_7,ETH.numberOfTrades_6,ETH.numberOfTrades_5,ETH.numberOfTrades_4,ETH.numberOfTrades_3,ETH.numberOfTrades_2,ETH.numberOfTrades_1,ETH.numberOfTrades,ETH.takerBuyBaseAssetVolume_10,ETH.takerBuyBaseAssetVolume_9,ETH.takerBuyBaseAssetVolume_8,ETH.takerBuyBaseAssetVolume_7,ETH.takerBuyBaseAssetVolume_6,ETH.takerBuyBaseAssetVolume_5,ETH.takerBuyBaseAssetVolume_4,ETH.takerBuyBaseAssetVolume_3,ETH.takerBuyBaseAssetVolume_2,ETH.takerBuyBaseAssetVolume_1,ETH.takerBuyBaseAssetVolume,ETH.takerBuyQuoteAssetVolume_10,ETH.takerBuyQuoteAssetVolume_9,ETH.takerBuyQuoteAssetVolume_8,ETH.takerBuyQuoteAssetVolume_7,ETH.takerBuyQuoteAssetVolume_6,ETH.takerBuyQuoteAssetVolume_5,ETH.takerBuyQuoteAssetVolume_4,ETH.takerBuyQuoteAssetVolume_3,ETH.takerBuyQuoteAssetVolume_2,ETH.takerBuyQuoteAssetVolume_1,ETH.takerBuyQuoteAssetVolume,ETH.return_10,ETH.return_9,ETH.return_8,ETH.return_7,ETH.return_6,ETH.return_5,ETH.return_4,ETH.return_3,ETH.return_2,ETH.return_1,ETH.close_10,ETH.close_9,ETH.close_8,ETH.close_7,ETH.close_6,ETH.close_5,ETH.close_4,ETH.close_3,ETH.close_2,ETH.close_1,ETH.close,ETH.low,ETH.high
2026-05-01T00:00:00,2313.84,2327.15,2374.08,2330.27,2314.98,2319.49,2369.45,2303.66,2289.42,2252.9,2257.51,2338.75,2423.75,2382,2337.5,2323.21,2380,2404.37,2310.88,2346.95,2279,2325.28,2284.19,2312.95,2285.42,2300.22,2300.55,2306.72,2266.09,2258.24,2220.36,2231.64,2257.21,226645.977,379707.1259,356645.6923,183887.6181,68139.2191,154591.6219,300363.8586,187932.2201,355078.1015,167194.2776,191082.555,5.2418694963958E8,9.06985929200687E8,8.31612346681225E8,4.26084826217819E8,1.57673587538543E8,3.63039217940693E8,6.97653543100754E8,4.29094630508975E8,8.11555243527633E8,3.77557889671635E8,4.38751255827916E8,3398934,4230243,4079579,2413824,658757,1508570,3192282,2346992,3588292,2649837,1805481,108621.4578,191758.2678,169637.8993,88184.8381,33589.8529,76876.1717,143798.2975,94578.0797,178999.8027,83993.1124,89533.7329,2.51286503845979E8,4.5799692349354E8,3.95788711633604E8,2.04323992883765E8,7.7727130994055E7,1.80579327354915E8,3.34290742028397E8,2.15948355744806E8,4.09301744342773E8,1.89738754617926E8,2.05580455528971E8,0.005743674,0.020166384,-0.018453542,-0.006552917,0.001948173,0.021530502263418863,-0.027757614,-0.006185782,-0.015951638,0.002046251,2327.14,2374.07,2330.26,2314.99,2319.5,2369.44,2303.67,2289.42,2252.9,2257.51,2295.63,2257.21,2325.28
2026-05-02T00:00:00,2327.15,2374.08,2330.27,2314.98,2319.49,2369.45,2303.66,2289.42,2252.9,2257.51,2295.63,2423.75,2382,2337.5,2323.21,2380,2404.37,2310.88,2346.95,2279,2325.28,2343.6,2312.95,2285.42,2300.22,2300.55,2306.72,2266.09,2258.24,2220.36,2231.64,2257.21,2292.91,379707.1259,356645.6923,183887.6181,68139.2191,154591.6219,300363.8586,187932.2201,355078.1015,167194.2776,191082.555,85588.4724,9.06985929200687E8,8.31612346681225E8,4.26084826217819E8,1.57673587538543E8,3.63039217940693E8,6.97653543100754E8,4.29094630508975E8,8.11555243527633E8,3.77557889671635E8,4.38751255827916E8,1.97914496937889E8,4230243,4079579,2413824,658757,1508570,3192282,2346992,3588292,2649837,1805481,870699,191758.2678,169637.8993,88184.8381,33589.8529,76876.1717,143798.2975,94578.0797,178999.8027,83993.1124,89533.7329,45662.7959,4.5799692349354E8,3.95788711633604E8,2.04323992883765E8,7.7727130994055E7,1.80579327354915E8,3.34290742028397E8,2.15948355744806E8,4.09301744342773E8,1.89738754617926E8,2.05580455528971E8,1.0564997974995E8,0.020166384,-0.018453542,-0.006552917,0.001948173,0.021530502263418863,-0.027757614,-0.006185782,-0.015951638,0.002046251,0.016885860970715472,2374.07,2330.26,2314.99,2319.5,2369.44,2303.67,2289.42,2252.9,2257.51,2295.63,2316.97,2292.91,2343.6
2026-05-03T00:00:00,2374.08,2330.27,2314.98,2319.49,2369.45,2303.66,2289.42,2252.9,2257.51,2295.63,2316.97,2382,2337.5,2323.21,2380,2404.37,2310.88,2346.95,2279,2325.28,2343.6,2356.92,2285.42,2300.22,2300.55,2306.72,2266.09,2258.24,2220.36,2231.64,2257.21,2292.91,2297.59,356645.6923,183887.6181,68139.2191,154591.6219,300363.8586,187932.2201,355078.1015,167194.2776,191082.555,85588.4724,151074.4342,8.31612346681225E8,4.26084826217819E8,1.57673587538543E8,3.63039217940693E8,6.97653543100754E8,4.29094630508975E8,8.11555243527633E8,3.77557889671635E8,4.38751255827916E8,1.97914496937889E8,3.51370000018079E8,4079579,2413824,658757,1508570,3192282,2346992,3588292,2649837,1805481,870699,1374290,169637.8993,88184.8381,33589.8529,76876.1717,143798.2975,94578.0797,178999.8027,83993.1124,89533.7329,45662.7959,74492.1738,3.95788711633604E8,2.04323992883765E8,7.7727130994055E7,1.80579327354915E8,3.34290742028397E8,2.15948355744806E8,4.09301744342773E8,1.89738754617926E8,2.05580455528971E8,1.0564997974995E8,1.73304008274475E8,-0.018453542,-0.006552917,0.001948173,0.021530502263418863,-0.027757614,-0.006185782,-0.015951638,0.002046251,0.016885860970715472,0.009295923,2330.26,2314.99,2319.5,2369.44,2303.67,2289.42,2252.9,2257.51,2295.63,2316.97,2322.65,2297.59,2356.92
2026-05-04T00:00:00,2330.27,2314.98,2319.49,2369.45,2303.66,2289.42,2252.9,2257.51,2295.63,2316.97,2322.65,2337.5,2323.21,2380,2404.37,2310.88,2346.95,2279,2325.28,2343.6,2356.92,2398.93,2300.22,2300.55,2306.72,2266.09,2258.24,2220.36,2231.64,2257.21,2292.91,2297.59,2309.24,183887.6181,68139.2191,154591.6219,300363.8586,187932.2201,355078.1015,167194.2776,191082.555,85588.4724,151074.4342,453020.7985,4.26084826217819E8,1.57673587538543E8,3.63039217940693E8,6.97653543100754E8,4.29094630508975E8,8.11555243527633E8,3.77557889671635E8,4.38751255827916E8,1.97914496937889E8,3.51370000018079E8,1.067990750066591E9,2413824,658757,1508570,3192282,2346992,3588292,2649837,1805481,870699,1374290,4137093,88184.8381,33589.8529,76876.1717,143798.2975,94578.0797,178999.8027,83993.1124,89533.7329,45662.7959,74492.1738,220556.484,2.04323992883765E8,7.7727130994055E7,1.80579327354915E8,3.34290742028397E8,2.15948355744806E8,4.09301744342773E8,1.89738754617926E8,2.05580455528971E8,1.0564997974995E8,1.73304008274475E8,5.19975851029142E8,-0.006552917,0.001948173,0.021530502263418863,-0.027757614,-0.006185782,-0.015951638,0.002046251,0.016885860970715472,0.009295923,0.002451478,2314.99,2319.5,2369.44,2303.67,2289.42,2252.9,2257.51,2295.63,2316.97,2322.65,2347.16,2309.24,2398.93
2026-05-05T00:00:00,2314.98,2319.49,2369.45,2303.66,2289.42,2252.9,2257.51,2295.63,2316.97,2322.65,2347.17,2323.21,2380,2404.37,2310.88,2346.95,2279,2325.28,2343.6,2356.92,2398.93,2399.5,2300.55,2306.72,2266.09,2258.24,2220.36,2231.64,2257.21,2292.91,2297.59,2309.24,2344.93,68139.2191,154591.6219,300363.8586,187932.2201,355078.1015,167194.2776,191082.555,85588.4724,151074.4342,453020.7985,286636.7312,1.57673587538543E8,3.63039217940693E8,6.97653543100754E8,4.29094630508975E8,8.11555243527633E8,3.77557889671635E8,4.38751255827916E8,1.97914496937889E8,3.51370000018079E8,1.067990750066591E9,6.81480549110581E8,658757,1508570,3192282,2346992,3588292,2649837,1805481,870699,1374290,4137093,2512190,33589.8529,76876.1717,143798.2975,94578.0797,178999.8027,83993.1124,89533.7329,45662.7959,74492.1738,220556.484,139328.0697,7.7727130994055E7,1.80579327354915E8,3.34290742028397E8,2.15948355744806E8,4.09301744342773E8,1.89738754617926E8,2.05580455528971E8,1.0564997974995E8,1.73304008274475E8,5.19975851029142E8,3.31307244778156E8,0.001948173,0.021530502263418863,-0.027757614,-0.006185782,-0.015951638,0.002046251,0.016885860970715472,0.009295923,0.002451478,0.010552601554259041,2319.5,2369.44,2303.67,2289.42,2252.9,2257.51,2295.63,2316.97,2322.65,2347.16,2360.77,2344.93,2399.5
2026-05-06T00:00:00,2319.49,2369.45,2303.66,2289.42,2252.9,2257.51,2295.63,2316.97,2322.65,2347.17,2360.76,2380,2404.37,2310.88,2346.95,2279,2325.28,2343.6,2356.92,2398.93,2399.5,2423.74,2306.72,2266.09,2258.24,2220.36,2231.64,2257.21,2292.91,2297.59,2309.24,2344.93,2338,154591.6219,300363.8586,187932.2201,355078.1015,167194.2776,191082.555,85588.4724,151074.4342,453020.7985,286636.7312,420667.3161,3.63039217940693E8,6.97653543100754E8,4.29094630508975E8,8.11555243527633E8,3.77557889671635E8,4.38751255827916E8,1.97914496937889E8,3.51370000018079E8,1.067990750066591E9,6.81480549110581E8,9.99441628415373E8,1508570,3192282,2346992,3588292,2649837,1805481,870699,1374290,4137093,2512190,3062625,76876.1717,143798.2975,94578.0797,178999.8027,83993.1124,89533.7329,45662.7959,74492.1738,220556.484,139328.0697,193007.5534,1.80579327354915E8,3.34290742028397E8,2.15948355744806E8,4.09301744342773E8,1.89738754617926E8,2.05580455528971E8,1.0564997974995E8,1.73304008274475E8,5.19975851029142E8,3.31307244778156E8,4.59022962968137E8,0.021530502263418863,-0.027757614,-0.006185782,-0.015951638,0.002046251,0.016885860970715472,0.009295923,0.002451478,0.010552601554259041,0.005798497,2369.44,2303.67,2289.42,2252.9,2257.51,2295.63,2316.97,2322.65,2347.16,2360.77,2350.84,2338,2423.74
2026-05-07T00:00:00,2369.45,2303.66,2289.42,2252.9,2257.51,2295.63,2316.97,2322.65,2347.17,2360.76,2350.84,2404.37,2310.88,2346.95,2279,2325.28,2343.6,2356.92,2398.93,2399.5,2423.74,2352.3,2266.09,2258.24,2220.36,2231.64,2257.21,2292.91,2297.59,2309.24,2344.93,2338,2280.1,300363.8586,187932.2201,355078.1015,167194.2776,191082.555,85588.4724,151074.4342,453020.7985,286636.7312,420667.3161,469521.9378,6.97653543100754E8,4.29094630508975E8,8.11555243527633E8,3.77557889671635E8,4.38751255827916E8,1.97914496937889E8,3.51370000018079E8,1.067990750066591E9,6.81480549110581E8,9.99441628415373E8,1.084720938606199E9,3192282,2346992,3588292,2649837,1805481,870699,1374290,4137093,2512190,3062625,3191083,143798.2975,94578.0797,178999.8027,83993.1124,89533.7329,45662.7959,74492.1738,220556.484,139328.0697,193007.5534,177521.5123,3.34290742028397E8,2.15948355744806E8,4.09301744342773E8,1.89738754617926E8,2.05580455528971E8,1.0564997974995E8,1.73304008274475E8,5.19975851029142E8,3.31307244778156E8,4.59022962968137E8,4.10305896179507E8,-0.027757614,-0.006185782,-0.015951638,0.002046251,0.016885860970715472,0.009295923,0.002451478,0.010552601554259041,0.005798497,-0.004206255,2303.67,2289.42,2252.9,2257.51,2295.63,2316.97,2322.65,2347.16,2360.77,2350.84,2291.06,2280.1,2352.3
2026-05-08T00:00:00,2303.66,2289.42,2252.9,2257.51,2295.63,2316.97,2322.65,2347.17,2360.76,2350.84,2291.06,2310.88,2346.95,2279,2325.28,2343.6,2356.92,2398.93,2399.5,2423.74,2352.3,2321.22,2258.24,2220.36,2231.64,2257.21,2292.91,2297.59,2309.24,2344.93,2338,2280.1,2265.61,187932.2201,355078.1015,167194.2776,191082.555,85588.4724,151074.4342,453020.7985,286636.7312,420667.3161,469521.9378,421035.1582,4.29094630508975E8,8.11555243527633E8,3.77557889671635E8,4.38751255827916E8,1.97914496937889E8,3.51370000018079E8,1.067990750066591E9,6.81480549110581E8,9.99441628415373E8,1.084720938606199E9,9.64540001642085E8,2346992,3588292,2649837,1805481,870699,1374290,4137093,2512190,3062625,3191083,2568056,94578.0797,178999.8027,83993.1124,89533.7329,45662.7959,74492.1738,220556.484,139328.0697,193007.5534,177521.5123,164773.9995,2.15948355744806E8,4.09301744342773E8,1.89738754617926E8,2.05580455528971E8,1.0564997974995E8,1.73304008274475E8,5.19975851029142E8,3.31307244778156E8,4.59022962968137E8,4.10305896179507E8,3.7728768273126E8,-0.006185782,-0.015951638,0.002046251,0.016885860970715472,0.009295923,0.002451478,0.010552601554259041,0.005798497,-0.004206255,-0.025429208,2289.42,2252.9,2257.51,2295.63,2316.97,2322.65,2347.16,2360.77,2350.84,2291.06,2307.06,2265.61,2321.22
2026-05-09T00:00:00,2289.42,2252.9,2257.51,2295.63,2316.97,2322.65,2347.17,2360.76,2350.84,2291.06,2307.07,2346.95,2279,2325.28,2343.6,2356.92,2398.93,2399.5,2423.74,2352.3,2321.22,2338.37,2220.36,2231.64,2257.21,2292.91,2297.59,2309.24,2344.93,2338,2280.1,2265.61,2300,355078.1015,167194.2776,191082.555,85588.4724,151074.4342,453020.7985,286636.7312,420667.3161,469521.9378,421035.1582,230431.157,8.11555243527633E8,3.77557889671635E8,4.38751255827916E8,1.97914496937889E8,3.51370000018079E8,1.067990750066591E9,6.81480549110581E8,9.99441628415373E8,1.084720938606199E9,9.64540001642085E8,5.34441724095869E8,3588292,2649837,1805481,870699,1374290,4137093,2512190,3062625,3191083,2568056,1248625,178999.8027,83993.1124,89533.7329,45662.7959,74492.1738,220556.484,139328.0697,193007.5534,177521.5123,164773.9995,90960.5803,4.09301744342773E8,1.89738754617926E8,2.05580455528971E8,1.0564997974995E8,1.73304008274475E8,5.19975851029142E8,3.31307244778156E8,4.59022962968137E8,4.10305896179507E8,3.7728768273126E8,2.10978434967519E8,-0.015951638,0.002046251,0.016885860970715472,0.009295923,0.002451478,0.010552601554259041,0.005798497,-0.004206255,-0.025429208,0.006983667,2252.9,2257.51,2295.63,2316.97,2322.65,2347.16,2360.77,2350.84,2291.06,2307.06,2326.44,2300,2338.37
2026-05-10T00:00:00,2252.9,2257.51,2295.63,2316.97,2322.65,2347.17,2360.76,2350.84,2291.06,2307.07,2326.43,2279,2325.28,2343.6,2356.92,2398.93,2399.5,2423.74,2352.3,2321.22,2338.37,2382.53,2231.64,2257.21,2292.91,2297.59,2309.24,2344.93,2338,2280.1,2265.61,2300,2311.83,167194.2776,191082.555,85588.4724,151074.4342,453020.7985,286636.7312,420667.3161,469521.9378,421035.1582,230431.157,398122.8623,3.77557889671635E8,4.38751255827916E8,1.97914496937889E8,3.51370000018079E8,1.067990750066591E9,6.81480549110581E8,9.99441628415373E8,1.084720938606199E9,9.64540001642085E8,5.34441724095869E8,9.33278254427879E8,2649837,1805481,870699,1374290,4137093,2512190,3062625,3191083,2568056,1248625,2272749,83993.1124,89533.7329,45662.7959,74492.1738,220556.484,139328.0697,193007.5534,177521.5123,164773.9995,90960.5803,219121.332,1.89738754617926E8,2.05580455528971E8,1.0564997974995E8,1.73304008274475E8,5.19975851029142E8,3.31307244778156E8,4.59022962968137E8,4.10305896179507E8,3.7728768273126E8,2.10978434967519E8,5.14296301197561E8,0.002046251,0.016885860970715472,0.009295923,0.002451478,0.010552601554259041,0.005798497,-0.004206255,-0.025429208,0.006983667,0.008400302,2257.51,2295.63,2316.97,2322.65,2347.16,2360.77,2350.84,2291.06,2307.06,2326.44,2371.27,2311.83,2382.53
2026-05-11T00:00:00,2257.51,2295.63,2316.97,2322.65,2347.17,2360.76,2350.84,2291.06,2307.07,2326.43,2371.26,2325.28,2343.6,2356.92,2398.93,2399.5,2423.74,2352.3,2321.22,2338.37,2382.53,2374.92,2257.21,2292.91,2297.59,2309.24,2344.93,2338,2280.1,2265.61,2300,2311.83,2304,191082.555,85588.4724,151074.4342,453020.7985,286636.7312,420667.3161,469521.9378,421035.1582,230431.157,398122.8623,236962.0552,4.38751255827916E8,1.97914496937889E8,3.51370000018079E8,1.067990750066591E9,6.81480549110581E8,9.99441628415373E8,1.084720938606199E9,9.64540001642085E8,5.34441724095869E8,9.33278254427879E8,5.53428064252923E8,1805481,870699,1374290,4137093,2512190,3062625,3191083,2568056,1248625,2272749,2594593,89533.7329,45662.7959,74492.1738,220556.484,139328.0697,193007.5534,177521.5123,164773.9995,90960.5803,219121.332,103490.2032,2.05580455528971E8,1.0564997974995E8,1.73304008274475E8,5.19975851029142E8,3.31307244778156E8,4.59022962968137E8,4.10305896179507E8,3.7728768273126E8,2.10978434967519E8,5.14296301197561E8,2.41738239910142E8,0.016885860970715472,0.009295923,0.002451478,0.010552601554259041,0.005798497,-0.004206255,-0.025429208,0.006983667,0.008400302,0.019269785595158236,2295.63,2316.97,2322.65,2347.16,2360.77,2350.84,2291.06,2307.06,2326.44,2371.27,2339.87,2304,2374.92
2026-05-12T00:00:00,2295.63,2316.97,2322.65,2347.17,2360.76,2350.84,2291.06,2307.07,2326.43,2371.26,2339.88,2343.6,2356.92,2398.93,2399.5,2423.74,2352.3,2321.22,2338.37,2382.53,2374.92,2340.85,2292.91,2297.59,2309.24,2344.93,2338,2280.1,2265.61,2300,2311.83,2304,2256.27,85588.4724,151074.4342,453020.7985,286636.7312,420667.3161,469521.9378,421035.1582,230431.157,398122.8623,236962.0552,252981.1082,1.97914496937889E8,3.51370000018079E8,1.067990750066591E9,6.81480549110581E8,9.99441628415373E8,1.084720938606199E9,9.64540001642085E8,5.34441724095869E8,9.33278254427879E8,5.53428064252923E8,5.79204959797464E8,870699,1374290,4137093,2512190,3062625,3191083,2568056,1248625,2272749,2594593,2520381,45662.7959,74492.1738,220556.484,139328.0697,193007.5534,177521.5123,164773.9995,90960.5803,219121.332,103490.2032,112560.2947,1.0564997974995E8,1.73304008274475E8,5.19975851029142E8,3.31307244778156E8,4.59022962968137E8,4.10305896179507E8,3.7728768273126E8,2.10978434967519E8,5.14296301197561E8,2.41738239910142E8,2.57748542882055E8,0.009295923,0.002451478,0.010552601554259041,0.005798497,-0.004206255,-0.025429208,0.006983667,0.008400302,0.019269785595158236,-0.013241849,2316.97,2322.65,2347.16,2360.77,2350.84,2291.06,2307.06,2326.44,2371.27,2339.87,2274.96,2256.27,2340.85
2026-05-13T00:00:00,2316.97,2322.65,2347.17,2360.76,2350.84,2291.06,2307.07,2326.43,2371.26,2339.88,2274.97,2356.92,2398.93,2399.5,2423.74,2352.3,2321.22,2338.37,2382.53,2374.92,2340.85,2323.36,2297.59,2309.24,2344.93,2338,2280.1,2265.61,2300,2311.83,2304,2256.27,2234.13,151074.4342,453020.7985,286636.7312,420667.3161,469521.9378,421035.1582,230431.157,398122.8623,236962.0552,252981.1082,258455.7299,3.51370000018079E8,1.067990750066591E9,6.81480549110581E8,9.99441628415373E8,1.084720938606199E9,9.64540001642085E8,5.34441724095869E8,9.33278254427879E8,5.53428064252923E8,5.79204959797464E8,5.87994702421878E8,1374290,4137093,2512190,3062625,3191083,2568056,1248625,2272749,2594593,2520381,2145600,74492.1738,220556.484,139328.0697,193007.5534,177521.5123,164773.9995,90960.5803,219121.332,103490.2032,112560.2947,124180.3611,1.73304008274475E8,5.19975851029142E8,3.31307244778156E8,4.59022962968137E8,4.10305896179507E8,3.7728768273126E8,2.10978434967519E8,5.14296301197561E8,2.41738239910142E8,2.57748542882055E8,2.82671652633523E8,0.002451478,0.010552601554259041,0.005798497,-0.004206255,-0.025429208,0.006983667,0.008400302,0.019269785595158236,-0.013241849,-0.027740857,2322.65,2347.16,2360.77,2350.84,2291.06,2307.06,2326.44,2371.27,2339.87,2274.96,2258.65,2234.13,2323.36
2026-05-14T00:00:00,2322.65,2347.17,2360.76,2350.84,2291.06,2307.07,2326.43,2371.26,2339.88,2274.97,2258.66,2398.93,2399.5,2423.74,2352.3,2321.22,2338.37,2382.53,2374.92,2340.85,2323.36,2319.33,2309.24,2344.93,2338,2280.1,2265.61,2300,2311.83,2304,2256.27,2234.13,2238.64,453020.7985,286636.7312,420667.3161,469521.9378,421035.1582,230431.157,398122.8623,236962.0552,252981.1082,258455.7299,256680.8359,1.067990750066591E9,6.81480549110581E8,9.99441628415373E8,1.084720938606199E9,9.64540001642085E8,5.34441724095869E8,9.33278254427879E8,5.53428064252923E8,5.79204959797464E8,5.87994702421878E8,5.8536870859742E8,4137093,2512190,3062625,3191083,2568056,1248625,2272749,2594593,2520381,2145600,2730407,220556.484,139328.0697,193007.5534,177521.5123,164773.9995,90960.5803,219121.332,103490.2032,112560.2947,124180.3611,127752.3579,5.19975851029142E8,3.31307244778156E8,4.59022962968137E8,4.10305896179507E8,3.7728768273126E8,2.10978434967519E8,5.14296301197561E8,2.41738239910142E8,2.57748542882055E8,2.82671652633523E8,2.91429330031826E8,0.010552601554259041,0.005798497,-0.004206255,-0.025429208,0.006983667,0.008400302,0.019269785595158236,-0.013241849,-0.027740857,-0.007169357,2347.16,2360.77,2350.84,2291.06,2307.06,2326.44,2371.27,2339.87,2274.96,2258.65,2283.25,2238.64,2319.33
2026-05-15T00:00:00,2347.17,2360.76,2350.84,2291.06,2307.07,2326.43,2371.26,2339.88,2274.97,2258.66,2283.26,2399.5,2423.74,2352.3,2321.22,2338.37,2382.53,2374.92,2340.85,2323.36,2319.33,2300.29,2344.93,2338,2280.1,2265.61,2300,2311.83,2304,2256.27,2234.13,2238.64,2205.11,286636.7312,420667.3161,469521.9378,421035.1582,230431.157,398122.8623,236962.0552,252981.1082,258455.7299,256680.8359,288536.5507,6.81480549110581E8,9.99441628415373E8,1.084720938606199E9,9.64540001642085E8,5.34441724095869E8,9.33278254427879E8,5.53428064252923E8,5.79204959797464E8,5.87994702421878E8,5.8536870859742E8,6.47433872912318E8,2512190,3062625,3191083,2568056,1248625,2272749,2594593,2520381,2145600,2730407,2977308,139328.0697,193007.5534,177521.5123,164773.9995,90960.5803,219121.332,103490.2032,112560.2947,124180.3611,127752.3579,123184.0319,3.31307244778156E8,4.59022962968137E8,4.10305896179507E8,3.7728768273126E8,2.10978434967519E8,5.14296301197561E8,2.41738239910142E8,2.57748542882055E8,2.82671652633523E8,2.91429330031826E8,2.76140795808395E8,0.005798497,-0.004206255,-0.025429208,0.006983667,0.008400302,0.019269785595158236,-0.013241849,-0.027740857,-0.007169357,0.010891462,2360.77,2350.84,2291.06,2307.06,2326.44,2371.27,2339.87,2274.96,2258.65,2283.25,2224.66,2205.11,2300.29
2026-05-16T00:00:00,2360.76,2350.84,2291.06,2307.07,2326.43,2371.26,2339.88,2274.97,2258.66,2283.26,2224.65,2423.74,2352.3,2321.22,2338.37,2382.53,2374.92,2340.85,2323.36,2319.33,2300.29,2231.51,2338,2280.1,2265.61,2300,2311.83,2304,2256.27,2234.13,2238.64,2205.11,2162.55,420667.3161,469521.9378,421035.1582,230431.157,398122.8623,236962.0552,252981.1082,258455.7299,256680.8359,288536.5507,199288.5761,9.99441628415373E8,1.084720938606199E9,9.64540001642085E8,5.34441724095869E8,9.33278254427879E8,5.53428064252923E8,5.79204959797464E8,5.87994702421878E8,5.8536870859742E8,6.47433872912318E8,4.35687947067346E8,3062625,3191083,2568056,1248625,2272749,2594593,2520381,2145600,2730407,2977308,1541883,193007.5534,177521.5123,164773.9995,90960.5803,219121.332,103490.2032,112560.2947,124180.3611,127752.3579,123184.0319,91742.2991,4.59022962968137E8,4.10305896179507E8,3.7728768273126E8,2.10978434967519E8,5.14296301197561E8,2.41738239910142E8,2.57748542882055E8,2.82671652633523E8,2.91429330031826E8,2.76140795808395E8,2.0061758605155E8,-0.004206255,-0.025429208,0.006983667,0.008400302,0.019269785595158236,-0.013241849,-0.027740857,-0.007169357,0.010891462,-0.025660791,2350.84,2291.06,2307.06,2326.44,2371.27,2339.87,2274.96,2258.65,2283.25,2224.66,2180.77,2162.55,2231.51
2026-05-17T00:00:00,2350.84,2291.06,2307.07,2326.43,2371.26,2339.88,2274.97,2258.66,2283.26,2224.65,2180.77,2352.3,2321.22,2338.37,2382.53,2374.92,2340.85,2323.36,2319.33,2300.29,2231.51,2198.14,2280.1,2265.61,2300,2311.83,2304,2256.27,2234.13,2238.64,2205.11,2162.55,2091.48,469521.9378,421035.1582,230431.157,398122.8623,236962.0552,252981.1082,258455.7299,256680.8359,288536.5507,199288.5761,175116.8149,1.084720938606199E9,9.64540001642085E8,5.34441724095869E8,9.33278254427879E8,5.53428064252923E8,5.79204959797464E8,5.87994702421878E8,5.8536870859742E8,6.47433872912318E8,4.35687947067346E8,3.78577487527797E8,3191083,2568056,1248625,2272749,2594593,2520381,2145600,2730407,2977308,1541883,1638605,177521.5123,164773.9995,90960.5803,219121.332,103490.2032,112560.2947,124180.3611,127752.3579,123184.0319,91742.2991,83798.741,4.10305896179507E8,3.7728768273126E8,2.10978434967519E8,5.14296301197561E8,2.41738239910142E8,2.57748542882055E8,2.82671652633523E8,2.91429330031826E8,2.76140795808395E8,2.0061758605155E8,1.81236111536705E8,-0.025429208,0.006983667,0.008400302,0.019269785595158236,-0.013241849,-0.027740857,-0.007169357,0.010891462,-0.025660791,-0.019728857,2291.06,2307.06,2326.44,2371.27,2339.87,2274.96,2258.65,2283.25,2224.66,2180.77,2131,2091.48,2198.14
2026-05-18T00:00:00,2291.06,2307.07,2326.43,2371.26,2339.88,2274.97,2258.66,2283.26,2224.65,2180.77,2131,2321.22,2338.37,2382.53,2374.92,2340.85,2323.36,2319.33,2300.29,2231.51,2198.14,2157.24,2265.61,2300,2311.83,2304,2256.27,2234.13,2238.64,2205.11,2162.55,2091.48,2077.23,421035.1582,230431.157,398122.8623,236962.0552,252981.1082,258455.7299,256680.8359,288536.5507,199288.5761,175116.8149,381878.3932,9.64540001642085E8,5.34441724095869E8,9.33278254427879E8,5.53428064252923E8,5.79204959797464E8,5.87994702421878E8,5.8536870859742E8,6.47433872912318E8,4.35687947067346E8,3.78577487527797E8,8.08389842464257E8,2568056,1248625,2272749,2594593,2520381,2145600,2730407,2977308,1541883,1638605,3981985,164773.9995,90960.5803,219121.332,103490.2032,112560.2947,124180.3611,127752.3579,123184.0319,91742.2991,83798.741,183892.1637,3.7728768273126E8,2.10978434967519E8,5.14296301197561E8,2.41738239910142E8,2.57748542882055E8,2.82671652633523E8,2.91429330031826E8,2.76140795808395E8,2.0061758605155E8,1.81236111536705E8,3.89344799124016E8,0.006983667,0.008400302,0.019269785595158236,-0.013241849,-0.027740857,-0.007169357,0.010891462,-0.025660791,-0.019728857,-0.022822214,2307.06,2326.44,2371.27,2339.87,2274.96,2258.65,2283.25,2224.66,2180.77,2131,2130.08,2077.23,2157.24
2026-05-19T00:00:00,2307.07,2326.43,2371.26,2339.88,2274.97,2258.66,2283.26,2224.65,2180.77,2131,2130.08,2338.37,2382.53,2374.92,2340.85,2323.36,2319.33,2300.29,2231.51,2198.14,2157.24,2146.95,2300,2311.83,2304,2256.27,2234.13,2238.64,2205.11,2162.55,2091.48,2077.23,2094.47,230431.157,398122.8623,236962.0552,252981.1082,258455.7299,256680.8359,288536.5507,199288.5761,175116.8149,381878.3932,186945.075,5.34441724095869E8,9.33278254427879E8,5.53428064252923E8,5.79204959797464E8,5.87994702421878E8,5.8536870859742E8,6.47433872912318E8,4.35687947067346E8,3.78577487527797E8,8.08389842464257E8,3.96338335855304E8,1248625,2272749,2594593,2520381,2145600,2730407,2977308,1541883,1638605,3981985,2356965,90960.5803,219121.332,103490.2032,112560.2947,124180.3611,127752.3579,123184.0319,91742.2991,83798.741,183892.1637,86073.6731,2.10978434967519E8,5.14296301197561E8,2.41738239910142E8,2.57748542882055E8,2.82671652633523E8,2.91429330031826E8,2.76140795808395E8,2.0061758605155E8,1.81236111536705E8,3.89344799124016E8,1.8258095416811E8,0.008400302,0.019269785595158236,-0.013241849,-0.027740857,-0.007169357,0.010891462,-0.025660791,-0.019728857,-0.022822214,-4.32E-04,2326.44,2371.27,2339.87,2274.96,2258.65,2283.25,2224.66,2180.77,2131,2130.08,2111.93,2094.47,2146.95
2026-05-20T00:00:00,2326.43,2371.26,2339.88,2274.97,2258.66,2283.26,2224.65,2180.77,2131,2130.08,2111.93,2382.53,2374.92,2340.85,2323.36,2319.33,2300.29,2231.51,2198.14,2157.24,2146.95,2149,2311.83,2304,2256.27,2234.13,2238.64,2205.11,2162.55,2091.48,2077.23,2094.47,2103.29,398122.8623,236962.0552,252981.1082,258455.7299,256680.8359,288536.5507,199288.5761,175116.8149,381878.3932,186945.075,189088.294,9.33278254427879E8,5.53428064252923E8,5.79204959797464E8,5.87994702421878E8,5.8536870859742E8,6.47433872912318E8,4.35687947067346E8,3.78577487527797E8,8.08389842464257E8,3.96338335855304E8,4.02576774240436E8,2272749,2594593,2520381,2145600,2730407,2977308,1541883,1638605,3981985,2356965,2256505,219121.332,103490.2032,112560.2947,124180.3611,127752.3579,123184.0319,91742.2991,83798.741,183892.1637,86073.6731,93912.9824,5.14296301197561E8,2.41738239910142E8,2.57748542882055E8,2.82671652633523E8,2.91429330031826E8,2.76140795808395E8,2.0061758605155E8,1.81236111536705E8,3.89344799124016E8,1.8258095416811E8,1.99953325021528E8,0.019269785595158236,-0.013241849,-0.027740857,-0.007169357,0.010891462,-0.025660791,-0.019728857,-0.022822214,-4.32E-04,-0.008520807,2371.27,2339.87,2274.96,2258.65,2283.25,2224.66,2180.77,2131,2130.08,2111.93,2129.44,2103.29,2149
2026-05-21T00:00:00,2371.26,2339.88,2274.97,2258.66,2283.26,2224.65,2180.77,2131,2130.08,2111.93,2129.44,2374.92,2340.85,2323.36,2319.33,2300.29,2231.51,2198.14,2157.24,2146.95,2149,2157.5,2304,2256.27,2234.13,2238.64,2205.11,2162.55,2091.48,2077.23,2094.47,2103.29,2105.15,236962.0552,252981.1082,258455.7299,256680.8359,288536.5507,199288.5761,175116.8149,381878.3932,186945.075,189088.294,232889.1117,5.53428064252923E8,5.79204959797464E8,5.87994702421878E8,5.8536870859742E8,6.47433872912318E8,4.35687947067346E8,3.78577487527797E8,8.08389842464257E8,3.96338335855304E8,4.02576774240436E8,4.96323964944403E8,2594593,2520381,2145600,2730407,2977308,1541883,1638605,3981985,2356965,2256505,2526150,103490.2032,112560.2947,124180.3611,127752.3579,123184.0319,91742.2991,83798.741,183892.1637,86073.6731,93912.9824,118956.068,2.41738239910142E8,2.57748542882055E8,2.82671652633523E8,2.91429330031826E8,2.76140795808395E8,2.0061758605155E8,1.81236111536705E8,3.89344799124016E8,1.8258095416811E8,1.99953325021528E8,2.53517525206181E8,-0.013241849,-0.027740857,-0.007169357,0.010891462,-0.025660791,-0.019728857,-0.022822214,-4.32E-04,-0.008520807,0.008290994,2339.87,2274.96,2258.65,2283.25,2224.66,2180.77,2131,2130.08,2111.93,2129.44,2133.76,2105.15,2157.5
2026-05-22T00:00:00,2339.88,2274.97,2258.66,2283.26,2224.65,2180.77,2131,2130.08,2111.93,2129.44,2133.77,2340.85,2323.36,2319.33,2300.29,2231.51,2198.14,2157.24,2146.95,2149,2157.5,2141.39,2256.27,2234.13,2238.64,2205.11,2162.55,2091.48,2077.23,2094.47,2103.29,2105.15,2057.79,252981.1082,258455.7299,256680.8359,288536.5507,199288.5761,175116.8149,381878.3932,186945.075,189088.294,232889.1117,221783.2548,5.79204959797464E8,5.87994702421878E8,5.8536870859742E8,6.47433872912318E8,4.35687947067346E8,3.78577487527797E8,8.08389842464257E8,3.96338335855304E8,4.02576774240436E8,4.96323964944403E8,4.6701725254059E8,2520381,2145600,2730407,2977308,1541883,1638605,3981985,2356965,2256505,2526150,2344218,112560.2947,124180.3611,127752.3579,123184.0319,91742.2991,83798.741,183892.1637,86073.6731,93912.9824,118956.068,109989.3764,2.57748542882055E8,2.82671652633523E8,2.91429330031826E8,2.76140795808395E8,2.0061758605155E8,1.81236111536705E8,3.89344799124016E8,1.8258095416811E8,1.99953325021528E8,2.53517525206181E8,2.31748468554101E8,-0.027740857,-0.007169357,0.010891462,-0.025660791,-0.019728857,-0.022822214,-4.32E-04,-0.008520807,0.008290994,0.002028702,2274.96,2258.65,2283.25,2224.66,2180.77,2131,2130.08,2111.93,2129.44,2133.76,2065.85,2057.79,2141.39
2026-05-23T00:00:00,2274.97,2258.66,2283.26,2224.65,2180.77,2131,2130.08,2111.93,2129.44,2133.77,2065.86,2323.36,2319.33,2300.29,2231.51,2198.14,2157.24,2146.95,2149,2157.5,2141.39,2149.95,2234.13,2238.64,2205.11,2162.55,2091.48,2077.23,2094.47,2103.29,2105.15,2057.79,2009.3,258455.7299,256680.8359,288536.5507,199288.5761,175116.8149,381878.3932,186945.075,189088.294,232889.1117,221783.2548,350546.2289,5.87994702421878E8,5.8536870859742E8,6.47433872912318E8,4.35687947067346E8,3.78577487527797E8,8.08389842464257E8,3.96338335855304E8,4.02576774240436E8,4.96323964944403E8,4.6701725254059E8,7.26153698577792E8,2145600,2730407,2977308,1541883,1638605,3981985,2356965,2256505,2526150,2344218,2641732,124180.3611,127752.3579,123184.0319,91742.2991,83798.741,183892.1637,86073.6731,93912.9824,118956.068,109989.3764,186016.0823,2.82671652633523E8,2.91429330031826E8,2.76140795808395E8,2.0061758605155E8,1.81236111536705E8,3.89344799124016E8,1.8258095416811E8,1.99953325021528E8,2.53517525206181E8,2.31748468554101E8,3.85175449162648E8,-0.007169357,0.010891462,-0.025660791,-0.019728857,-0.022822214,-4.32E-04,-0.008520807,0.008290994,0.002028702,-0.031826447,2258.65,2283.25,2224.66,2180.77,2131,2130.08,2111.93,2129.44,2133.76,2065.85,2117.68,2009.3,2149.95
2026-05-24T00:00:00,2258.66,2283.26,2224.65,2180.77,2131,2130.08,2111.93,2129.44,2133.77,2065.86,2117.69,2319.33,2300.29,2231.51,2198.14,2157.24,2146.95,2149,2157.5,2141.39,2149.95,2132.14,2238.64,2205.11,2162.55,2091.48,2077.23,2094.47,2103.29,2105.15,2057.79,2009.3,2063,256680.8359,288536.5507,199288.5761,175116.8149,381878.3932,186945.075,189088.294,232889.1117,221783.2548,350546.2289,197748.7605,5.8536870859742E8,6.47433872912318E8,4.35687947067346E8,3.78577487527797E8,8.08389842464257E8,3.96338335855304E8,4.02576774240436E8,4.96323964944403E8,4.6701725254059E8,7.26153698577792E8,4.16532783725252E8,2730407,2977308,1541883,1638605,3981985,2356965,2256505,2526150,2344218,2641732,1928016,127752.3579,123184.0319,91742.2991,83798.741,183892.1637,86073.6731,93912.9824,118956.068,109989.3764,186016.0823,95960.6284,2.91429330031826E8,2.76140795808395E8,2.0061758605155E8,1.81236111536705E8,3.89344799124016E8,1.8258095416811E8,1.99953325021528E8,2.53517525206181E8,2.31748468554101E8,3.85175449162648E8,2.02225441429743E8,0.010891462,-0.025660791,-0.019728857,-0.022822214,-4.32E-04,-0.008520807,0.008290994,0.002028702,-0.031826447,0.025088946,2283.25,2224.66,2180.77,2131,2130.08,2111.93,2129.44,2133.76,2065.85,2117.68,2099.85,2063,2132.14
2026-05-25T00:00:00,2283.26,2224.65,2180.77,2131,2130.08,2111.93,2129.44,2133.77,2065.86,2117.69,2099.86,2300.29,2231.51,2198.14,2157.24,2146.95,2149,2157.5,2141.39,2149.95,2132.14,2141.98,2205.11,2162.55,2091.48,2077.23,2094.47,2103.29,2105.15,2057.79,2009.3,2063,2092.26,288536.5507,199288.5761,175116.8149,381878.3932,186945.075,189088.294,232889.1117,221783.2548,350546.2289,197748.7605,166428.5979,6.47433872912318E8,4.35687947067346E8,3.78577487527797E8,8.08389842464257E8,3.96338335855304E8,4.02576774240436E8,4.96323964944403E8,4.6701725254059E8,7.26153698577792E8,4.16532783725252E8,3.51916867992493E8,2977308,1541883,1638605,3981985,2356965,2256505,2526150,2344218,2641732,1928016,1786621,123184.0319,91742.2991,83798.741,183892.1637,86073.6731,93912.9824,118956.068,109989.3764,186016.0823,95960.6284,86258.1599,2.76140795808395E8,2.0061758605155E8,1.81236111536705E8,3.89344799124016E8,1.8258095416811E8,1.99953325021528E8,2.53517525206181E8,2.31748468554101E8,3.85175449162648E8,2.02225441429743E8,1.82447684966519E8,-0.025660791,-0.019728857,-0.022822214,-4.32E-04,-0.008520807,0.008290994,0.002028702,-0.031826447,0.025088946,-0.008419591,2224.66,2180.77,2131,2130.08,2111.93,2129.44,2133.76,2065.85,2117.68,2099.85,2113.01,2092.26,2141.98
2026-05-26T00:00:00,2224.65,2180.77,2131,2130.08,2111.93,2129.44,2133.77,2065.86,2117.69,2099.86,2113.01,2231.51,2198.14,2157.24,2146.95,2149,2157.5,2141.39,2149.95,2132.14,2141.98,2140.49,2162.55,2091.48,2077.23,2094.47,2103.29,2105.15,2057.79,2009.3,2063,2092.26,2055.06,199288.5761,175116.8149,381878.3932,186945.075,189088.294,232889.1117,221783.2548,350546.2289,197748.7605,166428.5979,282553.3096,4.35687947067346E8,3.78577487527797E8,8.08389842464257E8,3.96338335855304E8,4.02576774240436E8,4.96323964944403E8,4.6701725254059E8,7.26153698577792E8,4.16532783725252E8,3.51916867992493E8,5.92778366390053E8,1541883,1638605,3981985,2356965,2256505,2526150,2344218,2641732,1928016,1786621,2963706,91742.2991,83798.741,183892.1637,86073.6731,93912.9824,118956.068,109989.3764,186016.0823,95960.6284,86258.1599,125284.8456,2.0061758605155E8,1.81236111536705E8,3.89344799124016E8,1.8258095416811E8,1.99953325021528E8,2.53517525206181E8,2.31748468554101E8,3.85175449162648E8,2.02225441429743E8,1.82447684966519E8,2.62909030362168E8,-0.019728857,-0.022822214,-4.32E-04,-0.008520807,0.008290994,0.002028702,-0.031826447,0.025088946,-0.008419591,0.006267114,2180.77,2131,2130.08,2111.93,2129.44,2133.76,2065.85,2117.68,2099.85,2113.01,2073.77,2055.06,2140.49
2026-05-27T00:00:00,2180.77,2131,2130.08,2111.93,2129.44,2133.77,2065.86,2117.69,2099.86,2113.01,2073.77,2198.14,2157.24,2146.95,2149,2157.5,2141.39,2149.95,2132.14,2141.98,2140.49,2097.4,2091.48,2077.23,2094.47,2103.29,2105.15,2057.79,2009.3,2063,2092.26,2055.06,2016,175116.8149,381878.3932,186945.075,189088.294,232889.1117,221783.2548,350546.2289,197748.7605,166428.5979,282553.3096,267963.1573,3.78577487527797E8,8.08389842464257E8,3.96338335855304E8,4.02576774240436E8,4.96323964944403E8,4.6701725254059E8,7.26153698577792E8,4.16532783725252E8,3.51916867992493E8,5.92778366390053E8,5.52204762418584E8,1638605,3981985,2356965,2256505,2526150,2344218,2641732,1928016,1786621,2963706,3056962,83798.741,183892.1637,86073.6731,93912.9824,118956.068,109989.3764,186016.0823,95960.6284,86258.1599,125284.8456,121588.1389,1.81236111536705E8,3.89344799124016E8,1.8258095416811E8,1.99953325021528E8,2.53517525206181E8,2.31748468554101E8,3.85175449162648E8,2.02225441429743E8,1.82447684966519E8,2.62909030362168E8,2.50702118805693E8,-0.022822214,-4.32E-04,-0.008520807,0.008290994,0.002028702,-0.031826447,0.025088946,-0.008419591,0.006267114,-0.018570665,2131,2130.08,2111.93,2129.44,2133.76,2065.85,2117.68,2099.85,2113.01,2073.77,2024.84,2016,2097.4
2026-05-28T00:00:00,2131,2130.08,2111.93,2129.44,2133.77,2065.86,2117.69,2099.86,2113.01,2073.77,2024.83,2157.24,2146.95,2149,2157.5,2141.39,2149.95,2132.14,2141.98,2140.49,2097.4,2030,2077.23,2094.47,2103.29,2105.15,2057.79,2009.3,2063,2092.26,2055.06,2016,1967,381878.3932,186945.075,189088.294,232889.1117,221783.2548,350546.2289,197748.7605,166428.5979,282553.3096,267963.1573,363834.9211,8.08389842464257E8,3.96338335855304E8,4.02576774240436E8,4.96323964944403E8,4.6701725254059E8,7.26153698577792E8,4.16532783725252E8,3.51916867992493E8,5.92778366390053E8,5.52204762418584E8,7.2610534782339E8,3981985,2356965,2256505,2526150,2344218,2641732,1928016,1786621,2963706,3056962,3609031,183892.1637,86073.6731,93912.9824,118956.068,109989.3764,186016.0823,95960.6284,86258.1599,125284.8456,121588.1389,176081.0293,3.89344799124016E8,1.8258095416811E8,1.99953325021528E8,2.53517525206181E8,2.31748468554101E8,3.85175449162648E8,2.02225441429743E8,1.82447684966519E8,2.62909030362168E8,2.50702118805693E8,3.51395809429098E8,-4.32E-04,-0.008520807,0.008290994,0.002028702,-0.031826447,0.025088946,-0.008419591,0.006267114,-0.018570665,-0.023594709,2130.08,2111.93,2129.44,2133.76,2065.85,2117.68,2099.85,2113.01,2073.77,2024.84,2009.9,1967,2030
2026-05-29T00:00:00,2130.08,2111.93,2129.44,2133.77,2065.86,2117.69,2099.86,2113.01,2073.77,2024.83,2009.89,2146.95,2149,2157.5,2141.39,2149.95,2132.14,2141.98,2140.49,2097.4,2030,2046.59,2094.47,2103.29,2105.15,2057.79,2009.3,2063,2092.26,2055.06,2016,1967,1976.48,186945.075,189088.294,232889.1117,221783.2548,350546.2289,197748.7605,166428.5979,282553.3096,267963.1573,363834.9211,283145.695,3.96338335855304E8,4.02576774240436E8,4.96323964944403E8,4.6701725254059E8,7.26153698577792E8,4.16532783725252E8,3.51916867992493E8,5.92778366390053E8,5.52204762418584E8,7.2610534782339E8,5.70689885848882E8,2356965,2256505,2526150,2344218,2641732,1928016,1786621,2963706,3056962,3609031,2925370,86073.6731,93912.9824,118956.068,109989.3764,186016.0823,95960.6284,86258.1599,125284.8456,121588.1389,176081.0293,142075.6321,1.8258095416811E8,1.99953325021528E8,2.53517525206181E8,2.31748468554101E8,3.85175449162648E8,2.02225441429743E8,1.82447684966519E8,2.62909030362168E8,2.50702118805693E8,3.51395809429098E8,2.86465186363512E8,-0.008520807,0.008290994,0.002028702,-0.031826447,0.025088946,-0.008419591,0.006267114,-0.018570665,-0.023594709,-0.007378361,2111.93,2129.44,2133.76,2065.85,2117.68,2099.85,2113.01,2073.77,2024.84,2009.9,2014.54,1976.48,2046.59
2026-05-30T00:00:00,2111.93,2129.44,2133.77,2065.86,2117.69,2099.86,2113.01,2073.77,2024.83,2009.89,2014.54,2149,2157.5,2141.39,2149.95,2132.14,2141.98,2140.49,2097.4,2030,2046.59,2032,2103.29,2105.15,2057.79,2009.3,2063,2092.26,2055.06,2016,1967,1976.48,2002,189088.294,232889.1117,221783.2548,350546.2289,197748.7605,166428.5979,282553.3096,267963.1573,363834.9211,283145.695,97977.5349,4.02576774240436E8,4.96323964944403E8,4.6701725254059E8,7.26153698577792E8,4.16532783725252E8,3.51916867992493E8,5.92778366390053E8,5.52204762418584E8,7.2610534782339E8,5.70689885848882E8,1.97997124860319E8,2256505,2526150,2344218,2641732,1928016,1786621,2963706,3056962,3609031,2925370,969371,93912.9824,118956.068,109989.3764,186016.0823,95960.6284,86258.1599,125284.8456,121588.1389,176081.0293,142075.6321,51565.2626,1.99953325021528E8,2.53517525206181E8,2.31748468554101E8,3.85175449162648E8,2.02225441429743E8,1.82447684966519E8,2.62909030362168E8,2.50702118805693E8,3.51395809429098E8,2.86465186363512E8,1.04222719604398E8,0.008290994,0.002028702,-0.031826447,0.025088946,-0.008419591,0.006267114,-0.018570665,-0.023594709,-0.007378361,0.002308573,2129.44,2133.76,2065.85,2117.68,2099.85,2113.01,2073.77,2024.84,2009.9,2014.54,2022.44,2002,2032
2026-05-31T00:00:00,2129.44,2133.77,2065.86,2117.69,2099.86,2113.01,2073.77,2024.83,2009.89,2014.54,2022.44,2157.5,2141.39,2149.95,2132.14,2141.98,2140.49,2097.4,2030,2046.59,2032,2038,2105.15,2057.79,2009.3,2063,2092.26,2055.06,2016,1967,1976.48,2002,1993.75,232889.1117,221783.2548,350546.2289,197748.7605,166428.5979,282553.3096,267963.1573,363834.9211,283145.695,97977.5349,158520.0933,4.96323964944403E8,4.6701725254059E8,7.26153698577792E8,4.16532783725252E8,3.51916867992493E8,5.92778366390053E8,5.52204762418584E8,7.2610534782339E8,5.70689885848882E8,1.97997124860319E8,3.19268305549825E8,2526150,2344218,2641732,1928016,1786621,2963706,3056962,3609031,2925370,969371,1405458,118956.068,109989.3764,186016.0823,95960.6284,86258.1599,125284.8456,121588.1389,176081.0293,142075.6321,51565.2626,67629.512,2.53517525206181E8,2.31748468554101E8,3.85175449162648E8,2.02225441429743E8,1.82447684966519E8,2.62909030362168E8,2.50702118805693E8,3.51395809429098E8,2.86465186363512E8,1.04222719604398E8,1.36423375988189E8,0.002028702,-0.031826447,0.025088946,-0.008419591,0.006267114,-0.018570665,-0.023594709,-0.007378361,0.002308573,0.003921491,2133.76,2065.85,2117.68,2099.85,2113.01,2073.77,2024.84,2009.9,2014.54,2022.44,2005.5,1993.75,2038
